{"stats":{"minecraft:custom":{"minecraft:interact_with_crafting_table":107,"minecraft:open_barrel":3,"minecraft:leave_game":24,"minecraft:time_since_death":80049,"minecraft:sprint_one_cm":3192138,"minecraft:damage_blocked_by_shield":1228,"minecraft:drop":160,"minecraft:talked_to_villager":32,"minecraft:play_time":3779255,"minecraft:deaths":9,"minecraft:jump":25233,"minecraft:walk_on_water_one_cm":107832,"minecraft:enchant_item":1,"minecraft:interact_with_furnace":210,"minecraft:traded_with_villager":4,"minecraft:sleep_in_bed":28,"minecraft:open_enderchest":2,"minecraft:damage_dealt":29713,"minecraft:player_kills":1,"minecraft:crouch_one_cm":33661,"minecraft:interact_with_smoker":70,"minecraft:interact_with_smithing_table":3,"minecraft:interact_with_anvil":3,"minecraft:mob_kills":341,"minecraft:climb_one_cm":20020,"minecraft:walk_one_cm":2622337,"minecraft:sneak_time":12673,"minecraft:walk_under_water_one_cm":366079,"minecraft:boat_one_cm":271488,"minecraft:interact_with_blast_furnace":29,"minecraft:total_world_time":3781645,"minecraft:pot_flower":1,"minecraft:time_since_rest":80080,"minecraft:damage_absorbed":80,"minecraft:damage_taken":15690,"minecraft:swim_one_cm":285913,"minecraft:fly_one_cm":5208775,"minecraft:open_chest":370,"minecraft:fall_one_cm":889769},"minecraft:dropped":{"minecraft:iron_sword":10,"minecraft:emerald":141,"minecraft:dirt":31,"minecraft:bone_meal":3,"minecraft:sand":1,"minecraft:dark_oak_planks":2,"minecraft:gravel":21,"minecraft:stone_axe":1,"minecraft:rotten_flesh":10,"minecraft:trident":1,"minecraft:spruce_slab":2,"minecraft:netherrack":125,"minecraft:lectern":1,"minecraft:water_bucket":2,"minecraft:iron_ingot":200,"minecraft:netherite_pickaxe":1,"minecraft:wheat_seeds":7,"minecraft:mossy_cobblestone":3,"minecraft:cobblestone":161,"minecraft:granite":12,"minecraft:coal":32,"minecraft:torch":9,"minecraft:kelp":165,"minecraft:stone_sword":1,"minecraft:tuff":4,"minecraft:stone_shovel":1,"minecraft:netherite_leggings":1,"minecraft:filled_map":2,"minecraft:shield":2,"minecraft:spruce_planks":1,"minecraft:mossy_stone_bricks":1,"minecraft:oak_sapling":1,"minecraft:spider_eye":1},"minecraft:killed_by":{"minecraft:player":2},"minecraft:mined":{"minecraft:spruce_planks":28,"minecraft:white_bed":4,"minecraft:sculk_vein":1,"minecraft:spruce_trapdoor":2,"minecraft:granite":29,"minecraft:grass_block":132,"minecraft:smooth_stone":1,"minecraft:magma_block":70,"minecraft:iron_ore":80,"minecraft:oak_sign":1,"minecraft:dirt_path":8,"minecraft:oak_stairs":4,"minecraft:spruce_slab":2,"minecraft:deepslate_redstone_ore":3,"minecraft:blackstone":29,"minecraft:kelp_plant":12,"minecraft:smoker":1,"minecraft:powder_snow":19,"minecraft:clay":6,"minecraft:torch":8,"minecraft:blast_furnace":5,"minecraft:poppy":2,"minecraft:chest":3,"minecraft:nether_quartz_ore":47,"minecraft:cobblestone":33,"minecraft:sugar_cane":14,"minecraft:oak_planks":48,"minecraft:wall_torch":6,"minecraft:spruce_sign":1,"minecraft:seagrass":1,"minecraft:birch_log":40,"minecraft:oak_log":109,"minecraft:sand":78,"minecraft:dirt":351,"minecraft:netherrack":8229,"minecraft:ancient_debris":31,"minecraft:oak_leaves":271,"minecraft:deepslate":53,"minecraft:suspicious_gravel":1,"minecraft:nether_gold_ore":8,"minecraft:diamond_ore":4,"minecraft:tuff":4,"minecraft:mossy_cobblestone":6,"minecraft:dark_oak_leaves":1,"minecraft:deepslate_diamond_ore":29,"minecraft:spruce_fence":11,"minecraft:spruce_leaves":163,"minecraft:kelp":2,"minecraft:hay_block":77,"minecraft:spruce_sapling":2,"minecraft:furnace":6,"minecraft:carrots":80,"minecraft:andesite":6,"minecraft:bookshelf":4,"minecraft:potatoes":79,"minecraft:bamboo_sapling":1,"minecraft:stone":499,"minecraft:flowering_azalea":1,"minecraft:glass_pane":1,"minecraft:soul_sand":60,"minecraft:snow_block":1,"minecraft:dandelion":4,"minecraft:oak_fence":1,"minecraft:crafting_table":15,"minecraft:short_grass":198,"minecraft:rose_bush":1,"minecraft:lectern":1,"minecraft:tall_grass":14,"minecraft:lapis_ore":4,"minecraft:deepslate_gold_ore":4,"minecraft:diorite":7,"minecraft:spruce_stairs":8,"minecraft:birch_planks":37,"minecraft:spruce_log":201,"minecraft:birch_leaves":6,"minecraft:coal_ore":321,"minecraft:gravel":46,"minecraft:cobweb":1,"minecraft:stone_bricks":1,"minecraft:mossy_stone_bricks":1,"minecraft:dark_oak_planks":2},"minecraft:picked_up":{"minecraft:wooden_axe":1,"minecraft:iron_chestplate":1,"minecraft:oak_stairs":112,"minecraft:string":35,"minecraft:iron_leggings":1,"minecraft:oak_sign":1,"minecraft:beetroot":1,"minecraft:diamond_leggings":5,"minecraft:cobbled_deepslate":53,"minecraft:gold_nugget":27,"minecraft:smooth_stone":1,"minecraft:spruce_planks":75,"minecraft:azalea":1,"minecraft:netherite_upgrade_smithing_template":5,"minecraft:iron_pickaxe":4,"minecraft:iron_boots":1,"minecraft:furnace":7,"minecraft:stick":34,"minecraft:oak_fence":3,"minecraft:torch":483,"minecraft:spruce_stairs":26,"minecraft:porkchop":15,"minecraft:diorite":10,"minecraft:stone_sword":1,"minecraft:rotten_flesh":27,"minecraft:obsidian":2,"minecraft:cobblestone":752,"minecraft:birch_log":40,"minecraft:magma_block":55,"minecraft:feather":2,"minecraft:cooked_beef":1,"minecraft:water_bucket":9,"minecraft:andesite":6,"minecraft:smoker":1,"minecraft:potato":361,"minecraft:flint":16,"minecraft:tuff":4,"minecraft:netherite_leggings":1,"minecraft:lapis_lazuli":22,"minecraft:dirt":898,"minecraft:lantern":12,"minecraft:bone":15,"minecraft:wheat_seeds":38,"minecraft:raw_gold":4,"minecraft:diamond_helmet":5,"minecraft:mossy_stone_bricks":1,"minecraft:bamboo":8,"minecraft:oak_planks":287,"minecraft:poisonous_potato":1,"minecraft:sand":67,"minecraft:mossy_cobblestone":20,"minecraft:diamond":54,"minecraft:granite":37,"minecraft:bone_meal":4,"minecraft:golden_apple":3,"minecraft:bread":26,"minecraft:spruce_sign":1,"minecraft:golden_horse_armor":1,"minecraft:emerald":385,"minecraft:oak_sapling":3,"minecraft:netherrack":2003,"minecraft:oak_leaves":428,"minecraft:diamond_pickaxe":5,"minecraft:spruce_leaves":19,"minecraft:crafting_table":17,"minecraft:chicken":1,"minecraft:clay_ball":24,"minecraft:wooden_pickaxe":1,"minecraft:gold_block":12,"minecraft:shield":7,"minecraft:compass":1,"minecraft:iron_shovel":4,"minecraft:blackstone":103,"minecraft:glass_pane":10,"minecraft:beef":26,"minecraft:oak_boat":28,"minecraft:iron_nugget":21,"minecraft:poppy":3,"minecraft:spruce_slab":3,"minecraft:lectern":1,"minecraft:sugar_cane":48,"minecraft:chest":3,"minecraft:birch_sapling":1,"minecraft:spruce_trapdoor":2,"minecraft:egg":23,"minecraft:raw_iron":87,"minecraft:copper_ingot":1,"minecraft:spruce_fence":15,"minecraft:fire_charge":2,"minecraft:trident":3,"minecraft:carrot":292,"minecraft:redstone":13,"minecraft:netherite_pickaxe":2,"minecraft:dark_oak_planks":4,"minecraft:arrow":26,"minecraft:stone_shovel":1,"minecraft:diamond_chestplate":5,"minecraft:shears":4,"minecraft:diamond_boots":5,"minecraft:hay_block":110,"minecraft:gold_ingot":55,"minecraft:mutton":16,"minecraft:white_wool":11,"minecraft:rail":3,"minecraft:glow_ink_sac":3,"minecraft:leather":20,"minecraft:birch_planks":147,"minecraft:oak_log":112,"minecraft:ancient_debris":53,"minecraft:gunpowder":1,"minecraft:cooked_mutton":4,"minecraft:kelp":403,"minecraft:stone_bricks":1,"minecraft:iron_ingot":81,"minecraft:stone_pickaxe":1,"minecraft:cooked_chicken":1,"minecraft:soul_sand":60,"minecraft:flowering_azalea":1,"minecraft:iron_sword":14,"minecraft:book":12,"minecraft:quartz":66,"minecraft:dandelion":6,"minecraft:gravel":41,"minecraft:spruce_sapling":41,"minecraft:blast_furnace":5,"minecraft:spruce_log":251,"minecraft:white_bed":5,"minecraft:spruce_door":4,"minecraft:spider_eye":8,"minecraft:diamond_shovel":5,"minecraft:stone_axe":1,"minecraft:iron_helmet":1,"minecraft:diamond_axe":6,"minecraft:cherry_sapling":1,"minecraft:baked_potato":222,"minecraft:coal":750},"minecraft:used":{"minecraft:iron_shovel":234,"minecraft:spruce_slab":7,"minecraft:poppy":1,"minecraft:oak_sign":3,"minecraft:chest":13,"minecraft:shield":27,"minecraft:iron_sword":465,"minecraft:spruce_leaves":19,"minecraft:soul_sand":2,"minecraft:carrot":96,"minecraft:lantern":7,"minecraft:magma_block":1,"minecraft:furnace":8,"minecraft:cooked_cod":2,"minecraft:egg":7,"minecraft:potato":98,"minecraft:diorite":3,"minecraft:spruce_door":1,"minecraft:stone_pickaxe":44,"minecraft:oak_planks":245,"minecraft:wooden_pickaxe":6,"minecraft:diamond_axe":443,"minecraft:oak_leaves":101,"minecraft:golden_apple":2,"minecraft:glow_berries":5,"minecraft:blast_furnace":6,"minecraft:shears":274,"minecraft:bread":118,"minecraft:andesite":1,"minecraft:oak_boat":23,"minecraft:bone_meal":18,"minecraft:experience_bottle":1,"minecraft:azalea":1,"minecraft:oak_fence":2,"minecraft:trident":171,"minecraft:stone_sword":74,"minecraft:stone_shovel":2,"minecraft:spruce_planks":326,"minecraft:cooked_chicken":1,"minecraft:netherrack":86,"minecraft:oak_door":1,"minecraft:torch":60,"minecraft:dirt":512,"minecraft:spruce_stairs":64,"minecraft:spruce_fence":49,"minecraft:granite":5,"minecraft:wooden_axe":5,"minecraft:flowering_azalea":1,"minecraft:iron_axe":245,"minecraft:oak_stairs":52,"minecraft:bamboo":2,"minecraft:diamond_chestplate":1,"minecraft:golden_carrot":2,"minecraft:netherite_pickaxe":7407,"minecraft:cooked_beef":30,"minecraft:cooked_mutton":4,"minecraft:water_bucket":59,"minecraft:birch_planks":46,"minecraft:baked_potato":193,"minecraft:spruce_sign":4,"minecraft:mossy_cobblestone":17,"minecraft:rail":1,"minecraft:crafting_table":16,"minecraft:white_bed":5,"minecraft:spruce_log":3,"minecraft:smoker":3,"minecraft:flower_pot":1,"minecraft:diamond_pickaxe":1401,"minecraft:diamond_shovel":513,"minecraft:iron_pickaxe":658,"minecraft:spruce_trapdoor":30,"minecraft:spruce_sapling":20,"minecraft:stone_axe":58,"minecraft:cobblestone":184,"minecraft:cooked_porkchop":15,"minecraft:bucket":61,"minecraft:glass_pane":27,"minecraft:kelp":238,"minecraft:smooth_stone":1},"minecraft:crafted":{"minecraft:brick":20,"minecraft:oak_planks":420,"minecraft:smooth_stone":6,"minecraft:oak_sign":3,"minecraft:cooked_chicken":1,"minecraft:stone":6,"minecraft:diamond_shovel":1,"minecraft:cooked_mutton":4,"minecraft:glass":45,"minecraft:diamond_leggings":2,"minecraft:diamond_helmet":2,"minecraft:iron_boots":1,"minecraft:netherite_boots":1,"minecraft:chest":10,"minecraft:netherite_helmet":1,"minecraft:netherite_upgrade_smithing_template":6,"minecraft:oak_fence":3,"minecraft:flower_pot":1,"minecraft:smoker":3,"minecraft:cooked_porkchop":15,"minecraft:diamond_axe":1,"minecraft:crafting_table":2,"minecraft:spruce_planks":624,"minecraft:iron_helmet":1,"minecraft:wooden_pickaxe":1,"minecraft:baked_potato":285,"minecraft:spruce_door":3,"minecraft:birch_planks":160,"minecraft:spruce_trapdoor":28,"minecraft:iron_chestplate":1,"minecraft:diamond_pickaxe":2,"minecraft:shield":2,"minecraft:stick":72,"minecraft:iron_ingot":65,"minecraft:iron_pickaxe":3,"minecraft:stone_sword":1,"minecraft:netherite_ingot":8,"minecraft:shears":2,"minecraft:oak_door":3,"minecraft:stone_shovel":1,"minecraft:iron_nugget":63,"minecraft:furnace":7,"minecraft:blast_furnace":2,"minecraft:bone_meal":18,"minecraft:spruce_fence":42,"minecraft:glass_pane":32,"minecraft:netherite_chestplate":1,"minecraft:lantern":7,"minecraft:netherite_axe":1,"minecraft:spruce_stairs":68,"minecraft:netherite_leggings":1,"minecraft:iron_axe":1,"minecraft:spruce_slab":6,"minecraft:stone_pickaxe":1,"minecraft:diamond_boots":2,"minecraft:netherite_scrap":32,"minecraft:golden_helmet":1,"minecraft:wheat":324,"minecraft:cooked_beef":30,"minecraft:netherite_pickaxe":1,"minecraft:spruce_sign":3,"minecraft:iron_sword":2,"minecraft:bucket":2,"minecraft:stone_axe":1,"minecraft:enchanted_book":4,"minecraft:bread":108,"minecraft:air":0,"minecraft:oak_boat":1,"minecraft:netherite_shovel":1,"minecraft:wooden_axe":1,"minecraft:oak_stairs":80,"minecraft:iron_shovel":1,"minecraft:iron_leggings":1,"minecraft:white_bed":1,"minecraft:torch":92,"minecraft:diamond_chestplate":2},"minecraft:killed":{"minecraft:witch":1,"minecraft:spider":103,"minecraft:skeleton":13,"minecraft:chicken":1,"minecraft:piglin":1,"minecraft:pig":8,"minecraft:creeper":1,"minecraft:sheep":7,"minecraft:pillager":2,"minecraft:zombie":20,"minecraft:cow":13,"minecraft:drowned":163,"minecraft:player":1},"minecraft:broken":{"minecraft:iron_sword":1,"minecraft:iron_axe":1,"minecraft:iron_pickaxe":1}},"DataVersion":3700}