{"stats":{"minecraft:picked_up":{"minecraft:wooden_axe":1,"minecraft:iron_chestplate":1,"minecraft:oak_stairs":112,"minecraft:string":21,"minecraft:iron_leggings":1,"minecraft:oak_sign":1,"minecraft:beetroot":1,"minecraft:diamond_leggings":3,"minecraft:cobbled_deepslate":53,"minecraft:gold_nugget":27,"minecraft:smooth_stone":1,"minecraft:spruce_planks":35,"minecraft:iron_pickaxe":4,"minecraft:iron_boots":1,"minecraft:furnace":7,"minecraft:stick":24,"minecraft:oak_fence":3,"minecraft:torch":348,"minecraft:spruce_stairs":26,"minecraft:porkchop":15,"minecraft:diorite":10,"minecraft:stone_sword":1,"minecraft:rotten_flesh":21,"minecraft:obsidian":2,"minecraft:cobblestone":600,"minecraft:birch_log":40,"minecraft:magma_block":54,"minecraft:feather":2,"minecraft:cooked_beef":1,"minecraft:water_bucket":7,"minecraft:andesite":6,"minecraft:smoker":1,"minecraft:potato":361,"minecraft:flint":16,"minecraft:tuff":4,"minecraft:dirt":876,"minecraft:lapis_lazuli":22,"minecraft:lantern":12,"minecraft:bone":11,"minecraft:wheat_seeds":38,"minecraft:raw_gold":4,"minecraft:mossy_stone_bricks":1,"minecraft:diamond_helmet":3,"minecraft:oak_planks":286,"minecraft:poisonous_potato":1,"minecraft:sand":64,"minecraft:diamond":33,"minecraft:granite":37,"minecraft:bone_meal":4,"minecraft:emerald":137,"minecraft:golden_horse_armor":1,"minecraft:bread":26,"minecraft:oak_sapling":3,"minecraft:netherrack":12,"minecraft:oak_leaves":233,"minecraft:diamond_pickaxe":3,"minecraft:spruce_leaves":19,"minecraft:crafting_table":17,"minecraft:chicken":1,"minecraft:clay_ball":24,"minecraft:wooden_pickaxe":1,"minecraft:shield":4,"minecraft:compass":1,"minecraft:iron_shovel":4,"minecraft:glass_pane":10,"minecraft:beef":26,"minecraft:oak_boat":26,"minecraft:iron_nugget":21,"minecraft:poppy":1,"minecraft:spruce_slab":3,"minecraft:lectern":1,"minecraft:sugar_cane":48,"minecraft:chest":3,"minecraft:birch_sapling":1,"minecraft:spruce_trapdoor":2,"minecraft:egg":23,"minecraft:raw_iron":87,"minecraft:fire_charge":2,"minecraft:carrot":292,"minecraft:redstone":13,"minecraft:dark_oak_planks":4,"minecraft:arrow":21,"minecraft:diamond_chestplate":3,"minecraft:stone_shovel":1,"minecraft:shears":3,"minecraft:diamond_boots":3,"minecraft:hay_block":110,"minecraft:gold_ingot":4,"minecraft:mutton":16,"minecraft:white_wool":11,"minecraft:rail":1,"minecraft:glow_ink_sac":3,"minecraft:leather":20,"minecraft:birch_planks":147,"minecraft:oak_log":112,"minecraft:gunpowder":1,"minecraft:cooked_mutton":4,"minecraft:stone_bricks":1,"minecraft:kelp":403,"minecraft:iron_ingot":81,"minecraft:stone_pickaxe":1,"minecraft:cooked_chicken":1,"minecraft:soul_sand":60,"minecraft:iron_sword":10,"minecraft:book":12,"minecraft:quartz":34,"minecraft:dandelion":4,"minecraft:gravel":41,"minecraft:spruce_sapling":40,"minecraft:blast_furnace":5,"minecraft:white_bed":5,"minecraft:spruce_log":210,"minecraft:spruce_door":4,"minecraft:spider_eye":5,"minecraft:diamond_shovel":3,"minecraft:stone_axe":1,"minecraft:iron_helmet":1,"minecraft:diamond_axe":4,"minecraft:baked_potato":109,"minecraft:coal":676},"minecraft:broken":{"minecraft:iron_sword":1,"minecraft:iron_axe":1,"minecraft:iron_pickaxe":1},"minecraft:mined":{"minecraft:spruce_planks":28,"minecraft:white_bed":4,"minecraft:sculk_vein":1,"minecraft:spruce_trapdoor":2,"minecraft:granite":29,"minecraft:grass_block":120,"minecraft:smooth_stone":1,"minecraft:magma_block":54,"minecraft:iron_ore":80,"minecraft:oak_sign":1,"minecraft:dirt_path":1,"minecraft:oak_stairs":4,"minecraft:spruce_slab":2,"minecraft:deepslate_redstone_ore":3,"minecraft:kelp_plant":12,"minecraft:smoker":1,"minecraft:powder_snow":19,"minecraft:clay":6,"minecraft:torch":7,"minecraft:blast_furnace":5,"minecraft:poppy":1,"minecraft:chest":3,"minecraft:nether_quartz_ore":34,"minecraft:cobblestone":12,"minecraft:sugar_cane":14,"minecraft:oak_planks":48,"minecraft:wall_torch":6,"minecraft:seagrass":1,"minecraft:birch_log":40,"minecraft:oak_log":109,"minecraft:sand":78,"minecraft:dirt":351,"minecraft:netherrack":14,"minecraft:oak_leaves":155,"minecraft:deepslate":53,"minecraft:suspicious_gravel":1,"minecraft:nether_gold_ore":5,"minecraft:diamond_ore":4,"minecraft:tuff":4,"minecraft:dark_oak_leaves":1,"minecraft:deepslate_diamond_ore":29,"minecraft:spruce_leaves":158,"minecraft:kelp":2,"minecraft:hay_block":77,"minecraft:spruce_sapling":2,"minecraft:furnace":6,"minecraft:carrots":80,"minecraft:andesite":6,"minecraft:bookshelf":4,"minecraft:potatoes":79,"minecraft:stone":499,"minecraft:glass_pane":1,"minecraft:soul_sand":60,"minecraft:snow_block":1,"minecraft:dandelion":3,"minecraft:oak_fence":1,"minecraft:crafting_table":15,"minecraft:short_grass":197,"minecraft:rose_bush":1,"minecraft:lectern":1,"minecraft:tall_grass":14,"minecraft:lapis_ore":4,"minecraft:deepslate_gold_ore":4,"minecraft:diorite":7,"minecraft:spruce_stairs":8,"minecraft:birch_planks":37,"minecraft:spruce_log":188,"minecraft:birch_leaves":6,"minecraft:coal_ore":321,"minecraft:gravel":41,"minecraft:cobweb":1,"minecraft:stone_bricks":1,"minecraft:mossy_stone_bricks":1,"minecraft:dark_oak_planks":2},"minecraft:used":{"minecraft:iron_shovel":234,"minecraft:spruce_slab":7,"minecraft:poppy":1,"minecraft:oak_sign":3,"minecraft:chest":13,"minecraft:shield":26,"minecraft:iron_sword":455,"minecraft:spruce_leaves":19,"minecraft:soul_sand":2,"minecraft:carrot":80,"minecraft:lantern":7,"minecraft:magma_block":1,"minecraft:furnace":8,"minecraft:cooked_cod":2,"minecraft:egg":7,"minecraft:potato":98,"minecraft:diorite":3,"minecraft:spruce_door":1,"minecraft:stone_pickaxe":44,"minecraft:oak_planks":245,"minecraft:wooden_pickaxe":6,"minecraft:diamond_axe":413,"minecraft:oak_leaves":68,"minecraft:glow_berries":5,"minecraft:blast_furnace":6,"minecraft:shears":158,"minecraft:bread":118,"minecraft:andesite":1,"minecraft:oak_boat":22,"minecraft:bone_meal":16,"minecraft:experience_bottle":1,"minecraft:oak_fence":2,"minecraft:stone_sword":74,"minecraft:stone_shovel":2,"minecraft:spruce_planks":326,"minecraft:cooked_chicken":1,"minecraft:netherrack":2,"minecraft:oak_door":1,"minecraft:torch":50,"minecraft:dirt":314,"minecraft:spruce_stairs":64,"minecraft:granite":5,"minecraft:wooden_axe":5,"minecraft:iron_axe":245,"minecraft:oak_stairs":52,"minecraft:golden_carrot":2,"minecraft:cooked_beef":30,"minecraft:cooked_mutton":4,"minecraft:water_bucket":59,"minecraft:birch_planks":46,"minecraft:baked_potato":133,"minecraft:rail":1,"minecraft:crafting_table":16,"minecraft:white_bed":5,"minecraft:smoker":3,"minecraft:spruce_log":3,"minecraft:flower_pot":1,"minecraft:diamond_pickaxe":474,"minecraft:diamond_shovel":445,"minecraft:iron_pickaxe":658,"minecraft:spruce_trapdoor":30,"minecraft:spruce_sapling":19,"minecraft:stone_axe":58,"minecraft:cobblestone":77,"minecraft:cooked_porkchop":15,"minecraft:bucket":61,"minecraft:glass_pane":27,"minecraft:kelp":238,"minecraft:smooth_stone":1},"minecraft:custom":{"minecraft:interact_with_crafting_table":90,"minecraft:open_barrel":1,"minecraft:leave_game":16,"minecraft:time_since_death":680334,"minecraft:sprint_one_cm":2612632,"minecraft:damage_blocked_by_shield":1188,"minecraft:drop":42,"minecraft:talked_to_villager":11,"minecraft:play_time":3563276,"minecraft:deaths":7,"minecraft:jump":20466,"minecraft:walk_on_water_one_cm":95984,"minecraft:enchant_item":1,"minecraft:interact_with_furnace":190,"minecraft:sleep_in_bed":25,"minecraft:damage_dealt":25448,"minecraft:player_kills":1,"minecraft:crouch_one_cm":26682,"minecraft:interact_with_smoker":47,"minecraft:mob_kills":168,"minecraft:climb_one_cm":5232,"minecraft:walk_one_cm":1901279,"minecraft:sneak_time":10676,"minecraft:walk_under_water_one_cm":334521,"minecraft:boat_one_cm":265465,"minecraft:interact_with_blast_furnace":29,"minecraft:total_world_time":3565666,"minecraft:pot_flower":1,"minecraft:time_since_rest":100446,"minecraft:damage_taken":12843,"minecraft:swim_one_cm":280151,"minecraft:fly_one_cm":4286645,"minecraft:open_chest":243,"minecraft:fall_one_cm":739168},"minecraft:killed_by":{"minecraft:player":2},"minecraft:killed":{"minecraft:witch":1,"minecraft:spider":103,"minecraft:skeleton":12,"minecraft:chicken":1,"minecraft:piglin":1,"minecraft:pig":8,"minecraft:creeper":1,"minecraft:sheep":7,"minecraft:zombie":20,"minecraft:cow":13,"minecraft:player":1},"minecraft:crafted":{"minecraft:brick":16,"minecraft:oak_planks":420,"minecraft:smooth_stone":6,"minecraft:oak_sign":3,"minecraft:cooked_chicken":1,"minecraft:stone":6,"minecraft:diamond_shovel":1,"minecraft:cooked_mutton":4,"minecraft:glass":45,"minecraft:diamond_leggings":1,"minecraft:diamond_helmet":1,"minecraft:iron_boots":1,"minecraft:chest":10,"minecraft:oak_fence":3,"minecraft:flower_pot":1,"minecraft:smoker":3,"minecraft:cooked_porkchop":15,"minecraft:diamond_axe":1,"minecraft:crafting_table":2,"minecraft:spruce_planks":528,"minecraft:wooden_pickaxe":1,"minecraft:baked_potato":140,"minecraft:iron_helmet":1,"minecraft:spruce_door":3,"minecraft:birch_planks":160,"minecraft:spruce_trapdoor":28,"minecraft:iron_chestplate":1,"minecraft:diamond_pickaxe":1,"minecraft:shield":2,"minecraft:stick":52,"minecraft:iron_ingot":65,"minecraft:iron_pickaxe":3,"minecraft:stone_sword":1,"minecraft:shears":1,"minecraft:oak_door":3,"minecraft:stone_shovel":1,"minecraft:iron_nugget":63,"minecraft:furnace":7,"minecraft:blast_furnace":2,"minecraft:bone_meal":18,"minecraft:glass_pane":32,"minecraft:lantern":7,"minecraft:spruce_stairs":68,"minecraft:iron_axe":1,"minecraft:spruce_slab":6,"minecraft:stone_pickaxe":1,"minecraft:diamond_boots":1,"minecraft:golden_helmet":1,"minecraft:wheat":324,"minecraft:cooked_beef":30,"minecraft:iron_sword":2,"minecraft:bucket":2,"minecraft:stone_axe":1,"minecraft:bread":108,"minecraft:air":0,"minecraft:oak_boat":1,"minecraft:wooden_axe":1,"minecraft:oak_stairs":80,"minecraft:iron_shovel":1,"minecraft:iron_leggings":1,"minecraft:white_bed":1,"minecraft:torch":92,"minecraft:diamond_chestplate":1},"minecraft:dropped":{"minecraft:iron_sword":6,"minecraft:dirt":31,"minecraft:dark_oak_planks":2,"minecraft:gravel":21,"minecraft:stone_axe":1,"minecraft:rotten_flesh":4,"minecraft:spruce_slab":2,"minecraft:lectern":1,"minecraft:iron_ingot":200,"minecraft:water_bucket":2,"minecraft:wheat_seeds":7,"minecraft:cobblestone":160,"minecraft:granite":12,"minecraft:coal":32,"minecraft:torch":1,"minecraft:kelp":165,"minecraft:stone_sword":1,"minecraft:tuff":4,"minecraft:stone_shovel":1,"minecraft:filled_map":2,"minecraft:shield":1,"minecraft:spruce_planks":1,"minecraft:mossy_stone_bricks":1,"minecraft:oak_sapling":1,"minecraft:spider_eye":1}},"DataVersion":3700}