{"stats":{"minecraft:dropped":{"minecraft:cobbled_deepslate":66,"minecraft:raw_copper":9,"minecraft:golden_horse_armor":1,"minecraft:tuff":1,"minecraft:raw_iron":2,"minecraft:rotten_flesh":32,"minecraft:oak_planks":2,"minecraft:granite":3,"minecraft:rail":3,"minecraft:coal":1,"minecraft:diorite":10,"minecraft:golden_hoe":1,"minecraft:arrow":1},"minecraft:custom":{"minecraft:mob_kills":21,"minecraft:inspect_hopper":1,"minecraft:interact_with_crafting_table":7,"minecraft:bell_ring":1,"minecraft:leave_game":1,"minecraft:time_since_death":66203,"minecraft:time_since_rest":66203,"minecraft:sprint_one_cm":290075,"minecraft:damage_taken":970,"minecraft:walk_one_cm":176032,"minecraft:drop":23,"minecraft:damage_dealt":4206,"minecraft:swim_one_cm":51088,"minecraft:talked_to_villager":2,"minecraft:fly_one_cm":204711,"minecraft:open_chest":24,"minecraft:crouch_one_cm":1933,"minecraft:play_time":66203,"minecraft:sneak_time":879,"minecraft:walk_under_water_one_cm":12979,"minecraft:boat_one_cm":81850,"minecraft:jump":1041,"minecraft:walk_on_water_one_cm":5214,"minecraft:total_world_time":66203,"minecraft:fall_one_cm":26053},"minecraft:mined":{"minecraft:deepslate_diamond_ore":18,"minecraft:spruce_door":3,"minecraft:crafting_table":5,"minecraft:torch":2,"minecraft:granite":4,"minecraft:short_grass":4,"minecraft:spruce_leaves":6,"minecraft:oak_planks":2,"minecraft:diorite":10,"minecraft:wall_torch":4,"minecraft:spawner":1,"minecraft:deepslate_copper_ore":2,"minecraft:tall_seagrass":1,"minecraft:carrots":79,"minecraft:spruce_log":10,"minecraft:yellow_bed":1,"minecraft:oak_log":40,"minecraft:potatoes":1,"minecraft:coal_ore":58,"minecraft:deepslate_iron_ore":2,"minecraft:stone":24,"minecraft:oak_leaves":19,"minecraft:deepslate":135,"minecraft:suspicious_gravel":1},"minecraft:picked_up":{"minecraft:crafting_table":5,"minecraft:potato":3,"minecraft:tuff":2,"minecraft:oak_log":40,"minecraft:yellow_bed":1,"minecraft:string":3,"minecraft:raw_copper":9,"minecraft:bone":2,"minecraft:cobbled_deepslate":146,"minecraft:iron_ingot":38,"minecraft:oak_planks":3,"minecraft:raw_iron":2,"minecraft:torch":21,"minecraft:porkchop":8,"minecraft:spruce_sapling":1,"minecraft:diorite":10,"minecraft:spruce_log":10,"minecraft:carrot":295,"minecraft:spruce_door":4,"minecraft:arrow":5,"minecraft:rotten_flesh":8,"minecraft:diamond":21,"minecraft:spruce_boat":1,"minecraft:golden_hoe":1,"minecraft:granite":4,"minecraft:coal":58,"minecraft:rail":3,"minecraft:cobblestone":24},"minecraft:used":{"minecraft:spruce_door":4,"minecraft:torch":24,"minecraft:crafting_table":5,"minecraft:carrot":43,"minecraft:tuff":1,"minecraft:granite":1,"minecraft:spruce_log":2,"minecraft:spruce_boat":1,"minecraft:iron_axe":129,"minecraft:iron_pickaxe":259,"minecraft:cobblestone":20,"minecraft:potato":1},"minecraft:crafted":{"minecraft:crafting_table":1,"minecraft:spruce_planks":32,"minecraft:spruce_door":3,"minecraft:bucket":1,"minecraft:iron_axe":1,"minecraft:stick":12,"minecraft:iron_pickaxe":2,"minecraft:spruce_boat":1,"minecraft:torch":8},"minecraft:killed":{"minecraft:pig":5,"minecraft:skeleton":4,"minecraft:zombie":9},"minecraft:broken":{"minecraft:iron_pickaxe":1}},"DataVersion":3700}