{"stats":{"minecraft:custom":{"minecraft:interact_with_furnace":34,"minecraft:mob_kills":13,"minecraft:traded_with_villager":2,"minecraft:interact_with_crafting_table":17,"minecraft:bell_ring":2,"minecraft:interact_with_grindstone":1,"minecraft:leave_game":2,"minecraft:time_since_death":95088,"minecraft:time_since_rest":95111,"minecraft:sprint_one_cm":144543,"minecraft:damage_taken":5003,"minecraft:walk_one_cm":231705,"minecraft:damage_blocked_by_shield":120,"minecraft:drop":8,"minecraft:damage_dealt":779,"minecraft:talked_to_villager":8,"minecraft:swim_one_cm":40423,"minecraft:fly_one_cm":235179,"minecraft:open_chest":24,"minecraft:crouch_one_cm":14234,"minecraft:play_time":118782,"minecraft:deaths":4,"minecraft:sneak_time":8996,"minecraft:walk_under_water_one_cm":15888,"minecraft:boat_one_cm":42658,"minecraft:jump":1643,"minecraft:walk_on_water_one_cm":21778,"minecraft:interact_with_smoker":11,"minecraft:total_world_time":118782,"minecraft:fall_one_cm":80355},"minecraft:killed":{"minecraft:pig":2,"minecraft:salmon":5,"minecraft:chicken":3,"minecraft:cow":2},"minecraft:mined":{"minecraft:tuff":4,"minecraft:white_bed":2,"minecraft:brown_mushroom":6,"minecraft:smoker":1,"minecraft:powder_snow":32,"minecraft:crafting_table":3,"minecraft:torch":3,"minecraft:granite":15,"minecraft:short_grass":1,"minecraft:grass_block":8,"minecraft:spruce_fence":1,"minecraft:spruce_leaves":4,"minecraft:grindstone":2,"minecraft:sugar_cane":3,"minecraft:diorite":18,"minecraft:blue_bed":5,"minecraft:magma_block":5,"minecraft:furnace":9,"minecraft:birch_log":6,"minecraft:iron_ore":13,"minecraft:ice":4,"minecraft:andesite":41,"minecraft:gold_block":1,"minecraft:oak_log":19,"minecraft:coal_ore":121,"minecraft:gravel":1,"minecraft:dirt":4,"minecraft:stone":260,"minecraft:deepslate":119,"minecraft:oak_leaves":5},"minecraft:used":{"minecraft:diorite":14,"minecraft:stone_sword":23,"minecraft:stone_pickaxe":349,"minecraft:oak_planks":5,"minecraft:wooden_pickaxe":35,"minecraft:shield":2,"minecraft:cooked_chicken":3,"minecraft:torch":12,"minecraft:dirt":2,"minecraft:crafting_table":3,"minecraft:white_bed":1,"minecraft:wooden_axe":14,"minecraft:apple":2,"minecraft:bread":7,"minecraft:iron_pickaxe":239,"minecraft:stone_axe":10,"minecraft:magma_block":1,"minecraft:cobblestone":137,"minecraft:grindstone":2,"minecraft:furnace":9,"minecraft:cooked_porkchop":5,"minecraft:cooked_beef":6},"minecraft:crafted":{"minecraft:cooked_beef":6,"minecraft:oak_planks":76,"minecraft:cooked_porkchop":5,"minecraft:crafting_table":1,"minecraft:wooden_pickaxe":1,"minecraft:cooked_chicken":3,"minecraft:furnace":1,"minecraft:cooked_salmon":3,"minecraft:birch_planks":24,"minecraft:stone_axe":1,"minecraft:bread":12,"minecraft:cooked_mutton":2,"minecraft:air":0,"minecraft:shield":1,"minecraft:stick":20,"minecraft:iron_ingot":13,"minecraft:iron_pickaxe":1,"minecraft:stone_pickaxe":3,"minecraft:wooden_axe":1,"minecraft:stone_sword":1,"minecraft:iron_leggings":1,"minecraft:gold_ingot":9,"minecraft:torch":32},"minecraft:picked_up":{"minecraft:birch_log":6,"minecraft:magma_block":5,"minecraft:crafting_table":3,"minecraft:feather":1,"minecraft:chicken":3,"minecraft:andesite":39,"minecraft:salmon":3,"minecraft:leather":2,"minecraft:brown_mushroom":8,"minecraft:smoker":1,"minecraft:gold_block":1,"minecraft:oak_log":19,"minecraft:blue_bed":5,"minecraft:dirt":14,"minecraft:cooked_mutton":1,"minecraft:apple":2,"minecraft:cobbled_deepslate":64,"minecraft:grindstone":2,"minecraft:beef":6,"minecraft:sugar_cane":3,"minecraft:furnace":8,"minecraft:stick":3,"minecraft:raw_iron":13,"minecraft:torch":2,"minecraft:spruce_fence":1,"minecraft:gravel":1,"minecraft:porkchop":5,"minecraft:diorite":16,"minecraft:white_bed":3,"minecraft:granite":16,"minecraft:oak_sapling":4,"minecraft:netherrack":5,"minecraft:mutton":2,"minecraft:coal":206,"minecraft:white_wool":2,"minecraft:cobblestone":259},"minecraft:broken":{"minecraft:stone_pickaxe":1},"minecraft:dropped":{"minecraft:bread":61,"minecraft:cobblestone":1,"minecraft:cooked_mutton":1,"minecraft:gold_ingot":9}},"DataVersion":3955}