{"stats":{"minecraft:custom":{"minecraft:interact_with_furnace":34,"minecraft:mob_kills":13,"minecraft:traded_with_villager":2,"minecraft:interact_with_crafting_table":18,"minecraft:bell_ring":2,"minecraft:interact_with_grindstone":1,"minecraft:leave_game":2,"minecraft:time_since_death":107025,"minecraft:time_since_rest":107048,"minecraft:sprint_one_cm":145647,"minecraft:damage_taken":5003,"minecraft:walk_one_cm":237882,"minecraft:damage_blocked_by_shield":120,"minecraft:drop":14,"minecraft:damage_dealt":779,"minecraft:talked_to_villager":8,"minecraft:swim_one_cm":40423,"minecraft:fly_one_cm":235489,"minecraft:open_chest":24,"minecraft:crouch_one_cm":16049,"minecraft:play_time":130719,"minecraft:deaths":4,"minecraft:sneak_time":9813,"minecraft:walk_under_water_one_cm":15888,"minecraft:boat_one_cm":42658,"minecraft:jump":1656,"minecraft:walk_on_water_one_cm":21778,"minecraft:interact_with_smoker":11,"minecraft:total_world_time":130719,"minecraft:fall_one_cm":80355},"minecraft:killed":{"minecraft:pig":2,"minecraft:salmon":5,"minecraft:chicken":3,"minecraft:cow":2},"minecraft:mined":{"minecraft:deepslate_redstone_ore":3,"minecraft:tuff":13,"minecraft:white_bed":2,"minecraft:brown_mushroom":6,"minecraft:smoker":1,"minecraft:powder_snow":32,"minecraft:crafting_table":4,"minecraft:torch":4,"minecraft:granite":15,"minecraft:short_grass":1,"minecraft:grass_block":8,"minecraft:spruce_fence":1,"minecraft:spruce_leaves":4,"minecraft:grindstone":2,"minecraft:sugar_cane":3,"minecraft:diorite":18,"minecraft:wall_torch":2,"minecraft:blue_bed":5,"minecraft:magma_block":5,"minecraft:furnace":9,"minecraft:birch_log":6,"minecraft:iron_ore":13,"minecraft:ice":4,"minecraft:andesite":41,"minecraft:deepslate_lapis_ore":4,"minecraft:gold_block":1,"minecraft:oak_log":19,"minecraft:coal_ore":121,"minecraft:gravel":1,"minecraft:dirt":4,"minecraft:stone":260,"minecraft:deepslate":227,"minecraft:oak_leaves":5},"minecraft:used":{"minecraft:diorite":14,"minecraft:stone_sword":23,"minecraft:stone_pickaxe":470,"minecraft:oak_planks":5,"minecraft:wooden_pickaxe":35,"minecraft:shield":2,"minecraft:cooked_chicken":3,"minecraft:torch":19,"minecraft:dirt":2,"minecraft:crafting_table":4,"minecraft:white_bed":1,"minecraft:wooden_axe":14,"minecraft:apple":2,"minecraft:bread":7,"minecraft:iron_pickaxe":247,"minecraft:stone_axe":10,"minecraft:magma_block":1,"minecraft:cobblestone":137,"minecraft:grindstone":2,"minecraft:furnace":9,"minecraft:cooked_porkchop":6,"minecraft:cooked_beef":6},"minecraft:crafted":{"minecraft:cooked_beef":6,"minecraft:oak_planks":76,"minecraft:cooked_porkchop":5,"minecraft:crafting_table":1,"minecraft:wooden_pickaxe":1,"minecraft:cooked_chicken":3,"minecraft:furnace":1,"minecraft:cooked_salmon":3,"minecraft:birch_planks":24,"minecraft:stone_axe":1,"minecraft:bread":12,"minecraft:cooked_mutton":2,"minecraft:air":0,"minecraft:shield":1,"minecraft:stick":24,"minecraft:iron_ingot":13,"minecraft:iron_pickaxe":1,"minecraft:stone_pickaxe":4,"minecraft:wooden_axe":1,"minecraft:stone_sword":1,"minecraft:iron_leggings":1,"minecraft:gold_ingot":9,"minecraft:torch":32},"minecraft:picked_up":{"minecraft:birch_log":6,"minecraft:magma_block":5,"minecraft:crafting_table":4,"minecraft:feather":1,"minecraft:chicken":3,"minecraft:andesite":39,"minecraft:salmon":3,"minecraft:leather":2,"minecraft:brown_mushroom":8,"minecraft:smoker":1,"minecraft:gold_block":1,"minecraft:tuff":12,"minecraft:oak_log":19,"minecraft:lapis_lazuli":18,"minecraft:blue_bed":5,"minecraft:dirt":14,"minecraft:cooked_mutton":1,"minecraft:apple":2,"minecraft:cobbled_deepslate":131,"minecraft:grindstone":2,"minecraft:beef":6,"minecraft:sugar_cane":3,"minecraft:furnace":8,"minecraft:stick":5,"minecraft:raw_iron":13,"minecraft:torch":6,"minecraft:spruce_fence":1,"minecraft:gravel":1,"minecraft:porkchop":5,"minecraft:diorite":16,"minecraft:white_bed":3,"minecraft:granite":16,"minecraft:oak_sapling":4,"minecraft:netherrack":5,"minecraft:mutton":2,"minecraft:coal":206,"minecraft:white_wool":2,"minecraft:cobblestone":259},"minecraft:broken":{"minecraft:stone_pickaxe":3},"minecraft:dropped":{"minecraft:bread":61,"minecraft:cobbled_deepslate":3,"minecraft:tuff":6,"minecraft:cobblestone":1,"minecraft:cooked_mutton":1,"minecraft:spruce_fence":1,"minecraft:stick":2,"minecraft:diorite":2,"minecraft:andesite":26,"minecraft:gold_ingot":9}},"DataVersion":3955}