{"stats":{"minecraft:custom":{"minecraft:interact_with_crafting_table":449,"minecraft:open_barrel":39,"minecraft:leave_game":124,"minecraft:time_since_death":313726,"minecraft:play_time":4394854,"minecraft:deaths":31,"minecraft:jump":47168,"minecraft:enchant_item":3,"minecraft:interact_with_furnace":1158,"minecraft:traded_with_villager":4242,"minecraft:sleep_in_bed":13,"minecraft:damage_dealt":213191,"minecraft:interact_with_smithing_table":73,"minecraft:interact_with_smoker":65,"minecraft:inspect_dispenser":5,"minecraft:horse_one_cm":101268,"minecraft:interact_with_anvil":183,"minecraft:inspect_hopper":34,"minecraft:sneak_time":350013,"minecraft:interact_with_blast_furnace":3,"minecraft:total_world_time":4394854,"minecraft:interact_with_stonecutter":3,"minecraft:time_since_rest":27348,"minecraft:swim_one_cm":816260,"minecraft:fly_one_cm":8465673,"minecraft:open_chest":4416,"minecraft:fall_one_cm":1858293,"minecraft:damage_resisted":339,"minecraft:sprint_one_cm":3752493,"minecraft:drop":1817,"minecraft:talked_to_villager":1725,"minecraft:interact_with_brewingstand":6,"minecraft:walk_on_water_one_cm":823658,"minecraft:open_enderchest":620,"minecraft:player_kills":10,"minecraft:crouch_one_cm":2201926,"minecraft:mob_kills":3305,"minecraft:climb_one_cm":105655,"minecraft:walk_one_cm":9441212,"minecraft:raid_win":2,"minecraft:walk_under_water_one_cm":846026,"minecraft:boat_one_cm":808862,"minecraft:raid_trigger":2,"minecraft:interact_with_grindstone":1,"minecraft:damage_taken":56370,"minecraft:damage_absorbed":2687,"minecraft:minecart_one_cm":5897},"minecraft:dropped":{"minecraft:crimson_stem":256,"minecraft:iron_sword":1,"minecraft:lapis_lazuli":201,"minecraft:glow_ink_sac":3,"minecraft:glass_bottle":2,"minecraft:diamond":215,"minecraft:crafting_table":2,"minecraft:cooked_porkchop":25,"minecraft:crossbow":4,"minecraft:weeping_vines":5,"minecraft:glow_berries":4,"minecraft:warped_roots":3,"minecraft:rail":68,"minecraft:emerald":330,"minecraft:gold_block":1,"minecraft:dirt":765,"minecraft:dark_oak_fence":1,"minecraft:netherite_boots":1,"minecraft:gold_nugget":81,"minecraft:sand":99,"minecraft:sugar":1,"minecraft:iron_pickaxe":1,"minecraft:dark_oak_planks":21,"minecraft:fishing_rod":3,"minecraft:white_wool":12,"minecraft:bone":3807,"minecraft:oak_door":1,"minecraft:emerald_block":6,"minecraft:ancient_debris":8,"minecraft:golden_chestplate":1,"minecraft:cobbled_deepslate":980,"minecraft:netherite_sword":18,"minecraft:deepslate_brick_slab":13,"minecraft:rotten_flesh":35915,"minecraft:oak_planks":76,"minecraft:netherite_shovel":1,"minecraft:end_stone":74,"minecraft:nether_brick_fence":8,"minecraft:chiseled_deepslate":2,"minecraft:deepslate_tiles":6,"minecraft:coal_ore":2,"minecraft:iron_ingot":400,"minecraft:egg":1,"minecraft:crimson_planks":1,"minecraft:enchanted_book":12,"minecraft:golden_boots":1,"minecraft:netherite_pickaxe":8,"minecraft:wheat_seeds":19,"minecraft:netherite_helmet":1,"minecraft:netherite_chestplate":1,"minecraft:oak_fence":4,"minecraft:feather":7,"minecraft:cobblestone":307,"minecraft:book":23,"minecraft:granite":38,"minecraft:music_disc_pigstep":1,"minecraft:golden_apple":18,"minecraft:lime_banner":6,"minecraft:golden_carrot":81,"minecraft:ink_sac":4,"minecraft:diamond_helmet":2,"minecraft:lime_carpet":6,"minecraft:potion":4,"minecraft:oak_stairs":7,"minecraft:white_banner":2,"minecraft:smooth_stone":1,"minecraft:string":423,"minecraft:blue_carpet":2,"minecraft:acacia_planks":1,"minecraft:spruce_sapling":3,"minecraft:moss_carpet":1,"minecraft:soul_soil":9,"minecraft:netherite_ingot":1,"minecraft:smooth_stone_slab":2,"minecraft:deepslate":110,"minecraft:diamond_hoe":2,"minecraft:chicken":1,"minecraft:white_carpet":6,"minecraft:clay_ball":24,"minecraft:white_terracotta":27,"minecraft:oak_sign":2,"minecraft:diamond_sword":4,"minecraft:potato":1,"minecraft:cobblestone_slab":4,"minecraft:spruce_boat":2,"minecraft:stone":728,"minecraft:spruce_planks":22,"minecraft:diamond_pickaxe":5,"minecraft:spider_eye":4,"minecraft:bamboo":25,"minecraft:bow":2,"minecraft:magma_block":234,"minecraft:black_wool":9,"minecraft:crimson_nylium":14,"minecraft:birch_planks":2,"minecraft:soul_sand":10,"minecraft:moss_block":1,"minecraft:brown_mushroom":1,"minecraft:dark_oak_stairs":4,"minecraft:diamond_axe":1,"minecraft:warped_fungus":3,"minecraft:ender_pearl":32,"minecraft:netherite_upgrade_smithing_template":8,"minecraft:lantern":13,"minecraft:leather":2,"minecraft:flint":10,"minecraft:cod":6,"minecraft:cobblestone_stairs":3,"minecraft:spruce_leaves":2,"minecraft:cracked_polished_blackstone_bricks":4,"minecraft:dark_oak_log":5,"minecraft:packed_ice":64,"minecraft:ice":1,"minecraft:netherite_scrap":2,"minecraft:polished_blackstone_brick_stairs":1,"minecraft:cornflower":1,"minecraft:crimson_roots":17,"minecraft:snowball":244,"minecraft:polished_blackstone_bricks":11,"minecraft:gold_ingot":92,"minecraft:gravel":252,"minecraft:blackstone":329,"minecraft:lime_wool":2,"minecraft:cherry_sapling":1,"minecraft:white_candle":1,"minecraft:diamond_shovel":5,"minecraft:ward_armor_trim_smithing_template":1,"minecraft:carrot":36,"minecraft:poppy":3064,"minecraft:oak_fence_gate":1,"minecraft:trident":5,"minecraft:gunpowder":328,"minecraft:chest":2,"minecraft:basalt":432,"minecraft:iron_ore":1,"minecraft:powered_rail":20,"minecraft:arrow":3631,"minecraft:quartz":777,"minecraft:oak_leaves":14,"minecraft:polished_granite":2,"minecraft:netherrack":10109,"minecraft:water_bucket":2,"minecraft:bread":1,"minecraft:oak_slab":56,"minecraft:diamond_leggings":1,"minecraft:golden_axe":3,"minecraft:lead":3,"minecraft:sculk_vein":2,"minecraft:copper_ingot":70,"minecraft:grass_block":2,"minecraft:acacia_trapdoor":64,"minecraft:stick":73,"minecraft:diorite":33,"minecraft:nether_gold_ore":3,"minecraft:torch":7,"minecraft:iron_door":9,"minecraft:map":7,"minecraft:iron_axe":1,"minecraft:bucket":5,"minecraft:dandelion":1,"minecraft:redstone":174,"minecraft:warped_nylium":2,"minecraft:oak_trapdoor":18,"minecraft:ender_chest":4,"minecraft:blaze_rod":2,"minecraft:raw_copper":15,"minecraft:tuff":72,"minecraft:raw_iron":4,"minecraft:light_gray_wool":9,"minecraft:stripped_oak_log":54,"minecraft:totem_of_undying":2,"minecraft:glass_pane":8,"minecraft:netherite_leggings":2,"minecraft:flint_and_steel":2,"minecraft:copper_ore":5,"minecraft:deepslate_bricks":1,"minecraft:filled_map":3,"minecraft:shield":1,"minecraft:diamond_chestplate":1,"minecraft:andesite":68,"minecraft:oak_sapling":10,"minecraft:golden_sword":5,"minecraft:diamond_boots":1,"minecraft:magma_cream":1,"minecraft:raw_gold":10,"minecraft:nether_quartz_ore":15,"minecraft:cracked_deepslate_bricks":1,"minecraft:nautilus_shell":15,"minecraft:brick":2},"minecraft:used":{"minecraft:chiseled_deepslate":1,"minecraft:ladder":137,"minecraft:chest":45,"minecraft:stone":118,"minecraft:rotten_flesh":1,"minecraft:soul_sand":32,"minecraft:deepslate_brick_slab":6,"minecraft:spruce_boat":1,"minecraft:netherite_shovel":4825,"minecraft:lava_bucket":3,"minecraft:copper_ore":5,"minecraft:wet_sponge":1,"minecraft:netherite_boots":3,"minecraft:bow":237,"minecraft:furnace":17,"minecraft:egg":3,"minecraft:damaged_anvil":8,"minecraft:diorite":57,"minecraft:prismarine":12,"minecraft:blackstone":5,"minecraft:wooden_pickaxe":17,"minecraft:oak_leaves":8,"minecraft:cookie":47,"minecraft:golden_apple":89,"minecraft:sand":35,"minecraft:netherite_helmet":3,"minecraft:deepslate_brick_stairs":2,"minecraft:lectern":41,"minecraft:diamond_sword":2452,"minecraft:fire_charge":1,"minecraft:smithing_table":4,"minecraft:oak_boat":13,"minecraft:oak_trapdoor":32,"minecraft:enchanting_table":1,"minecraft:stone_sword":38,"minecraft:netherrack":3056,"minecraft:orange_bed":1,"minecraft:torch":167,"minecraft:brewing_stand":1,"minecraft:anvil":11,"minecraft:warped_wart_block":5,"minecraft:nether_quartz_ore":1,"minecraft:oak_fence_gate":2,"minecraft:chipped_anvil":4,"minecraft:iron_axe":45,"minecraft:iron_block":1,"minecraft:totem_of_undying":2,"minecraft:bamboo":122,"minecraft:diamond_chestplate":4,"minecraft:basalt":97,"minecraft:tripwire_hook":1,"minecraft:goat_horn":6,"minecraft:cobbled_deepslate":469,"minecraft:acacia_planks":1,"minecraft:crimson_stem":15,"minecraft:water_bucket":161,"minecraft:birch_planks":18,"minecraft:lead":2,"minecraft:deepslate_bricks":7,"minecraft:polished_blackstone_bricks":27,"minecraft:gilded_blackstone":2,"minecraft:diamond_block":1,"minecraft:rail":89,"minecraft:tnt":760,"minecraft:oak_slab":4,"minecraft:crafting_table":43,"minecraft:crimson_trapdoor":3,"minecraft:sculk_shrieker":5,"minecraft:white_bed":1,"minecraft:spruce_log":2,"minecraft:oak_log":2,"minecraft:dark_prismarine":3,"minecraft:diamond_pickaxe":39880,"minecraft:ender_eye":30,"minecraft:diamond_shovel":4042,"minecraft:iron_pickaxe":701,"minecraft:spruce_sapling":1,"minecraft:crimson_nylium":18,"minecraft:cobblestone":383,"minecraft:potion":2,"minecraft:porkchop":13,"minecraft:cooked_porkchop":65,"minecraft:dandelion":1,"minecraft:diamond_leggings":3,"minecraft:polished_deepslate":3,"minecraft:oak_sign":2,"minecraft:diamond_hoe":8977,"minecraft:iron_sword":144,"minecraft:sculk_sensor":5,"minecraft:iron_chestplate":1,"minecraft:nether_bricks":85,"minecraft:carrot":14,"minecraft:tuff":98,"minecraft:obsidian":17,"minecraft:glass":212,"minecraft:coal_ore":3,"minecraft:lantern":283,"minecraft:warped_nylium":2,"minecraft:iron_helmet":2,"minecraft:stone_bricks":19,"minecraft:bedrock":1,"minecraft:deepslate_diamond_ore":9,"minecraft:magma_block":622,"minecraft:skeleton_skull":10,"minecraft:diamond_boots":2,"minecraft:stone_pickaxe":13,"minecraft:dark_oak_sign":336,"minecraft:oak_planks":56,"minecraft:ender_pearl":31,"minecraft:redstone_block":16,"minecraft:sugar_cane":162,"minecraft:diamond_axe":2257,"minecraft:white_wool":1,"minecraft:netherite_leggings":2,"minecraft:deepslate_lapis_ore":1,"minecraft:shears":133,"minecraft:redstone_torch":22,"minecraft:bread":13,"minecraft:string":17,"minecraft:deepslate":79,"minecraft:gravel":7,"minecraft:andesite":21,"minecraft:smooth_stone_slab":532,"minecraft:coarse_dirt":11,"minecraft:oak_fence":1,"minecraft:netherite_sword":1685,"minecraft:trident":313,"minecraft:flint_and_steel":56,"minecraft:spruce_planks":3,"minecraft:ender_chest":107,"minecraft:sculk":48,"minecraft:cooked_chicken":6,"minecraft:dirt":1751,"minecraft:hopper":6,"minecraft:diamond_helmet":2,"minecraft:granite":30,"minecraft:dark_oak_planks":178,"minecraft:wooden_axe":46,"minecraft:stone_brick_slab":15,"minecraft:bookshelf":37,"minecraft:oak_stairs":1,"minecraft:iron_boots":2,"minecraft:crimson_planks":1,"minecraft:golden_carrot":449,"minecraft:soul_soil":12,"minecraft:netherite_pickaxe":33984,"minecraft:minecart":8,"minecraft:cooked_beef":6,"minecraft:enchanted_golden_apple":3,"minecraft:turtle_egg":2,"minecraft:iron_leggings":2,"minecraft:cooked_mutton":5,"minecraft:acacia_boat":18,"minecraft:netherite_chestplate":3,"minecraft:smoker":9,"minecraft:piston":1,"minecraft:black_wool":72,"minecraft:netherite_axe":50,"minecraft:fishing_rod":1,"minecraft:white_banner":2,"minecraft:bucket":181,"minecraft:lapis_block":1,"minecraft:yellow_bed":2,"minecraft:splash_potion":2,"minecraft:sculk_catalyst":5,"minecraft:smooth_stone":6159},"minecraft:picked_up":{"minecraft:iron_chestplate":3,"minecraft:flower_pot":1,"minecraft:anvil":5,"minecraft:prismarine_shard":28,"minecraft:smithing_table":2,"minecraft:lead":6,"minecraft:diamond_sword":11,"minecraft:oak_stairs":4,"minecraft:enchanted_book":18,"minecraft:golden_sword":6,"minecraft:amethyst_block":1,"minecraft:polished_deepslate":3,"minecraft:polished_blackstone_brick_stairs":2,"minecraft:string":93,"minecraft:soul_soil":85,"minecraft:sculk_shrieker":12,"minecraft:diamond_leggings":4,"minecraft:gold_nugget":1806,"minecraft:cobbled_deepslate":2980,"minecraft:spruce_planks":18,"minecraft:enchanted_golden_apple":4,"minecraft:golden_helmet":1,"minecraft:acacia_log":9,"minecraft:golden_axe":3,"minecraft:deepslate_tile_stairs":6,"minecraft:golden_chestplate":1,"minecraft:orange_bed":1,"minecraft:lime_carpet":6,"minecraft:iron_block":187,"minecraft:white_terracotta":28,"minecraft:netherite_chestplate":6,"minecraft:blaze_rod":28,"minecraft:snowball":236,"minecraft:magma_block":54,"minecraft:feather":19,"minecraft:cooked_beef":2,"minecraft:iron_door":9,"minecraft:water_bucket":2,"minecraft:brown_wool":1,"minecraft:smoker":11,"minecraft:flint":19,"minecraft:netherite_leggings":7,"minecraft:lantern":223,"minecraft:chipped_anvil":4,"minecraft:dark_oak_sign":42,"minecraft:diamond_helmet":4,"minecraft:moss_block":1,"minecraft:warped_wart_block":5,"minecraft:ink_sac":6,"minecraft:dark_oak_log":218,"minecraft:polished_andesite":2,"minecraft:white_candle":4,"minecraft:snout_armor_trim_smithing_template":2,"minecraft:deepslate":246,"minecraft:granite":86,"minecraft:bread":14,"minecraft:dark_oak_fence":1,"minecraft:crafting_table":43,"minecraft:diamond_pickaxe":14,"minecraft:crimson_roots":17,"minecraft:spruce_leaves":3,"minecraft:coarse_dirt":11,"minecraft:nether_wart":87,"minecraft:clay_ball":97,"minecraft:crimson_trapdoor":7,"minecraft:cornflower":1,"minecraft:flint_and_steel":2,"minecraft:netherite_scrap":2,"minecraft:white_carpet":14,"minecraft:glass_pane":4,"minecraft:cracked_stone_bricks":4,"minecraft:netherite_sword":23,"minecraft:deepslate_diamond_ore":9,"minecraft:beef":10,"minecraft:iron_nugget":55,"minecraft:poppy":2,"minecraft:minecart":10,"minecraft:chest":33,"minecraft:piston":15,"minecraft:diamond_hoe":12,"minecraft:egg":7,"minecraft:copper_ore":10,"minecraft:stone":5904,"minecraft:oak_door":1,"minecraft:fire_charge":7,"minecraft:carrot":60,"minecraft:redstone":1023,"minecraft:netherite_pickaxe":16,"minecraft:prismarine_crystals":9,"minecraft:blue_carpet":2,"minecraft:tnt":30,"minecraft:diamond_chestplate":4,"minecraft:deepslate_bricks":14,"minecraft:diamond_boots":4,"minecraft:cracked_deepslate_bricks":5,"minecraft:gold_ingot":56,"minecraft:totem_of_undying":10,"minecraft:mutton":23,"minecraft:white_wool":28,"minecraft:bone_block":59,"minecraft:rail":260,"minecraft:stripped_oak_log":72,"minecraft:tripwire_hook":1,"minecraft:red_mushroom":9,"minecraft:filled_map":1,"minecraft:oak_log":64,"minecraft:ancient_debris":42,"minecraft:golden_boots":2,"minecraft:sculk_vein":2,"minecraft:paper":72,"minecraft:white_banner":5,"minecraft:apple":1,"minecraft:stone_bricks":33,"minecraft:kelp":12,"minecraft:iron_ore":1,"minecraft:iron_sword":4,"minecraft:dark_oak_stairs":4,"minecraft:smooth_basalt":5,"minecraft:sculk":31,"minecraft:sweet_berries":24,"minecraft:gravel":324,"minecraft:spruce_sapling":5,"minecraft:spruce_log":82,"minecraft:crying_obsidian":20,"minecraft:diamond_shovel":14,"minecraft:coal_ore":5,"minecraft:diamond_axe":7,"minecraft:birch_sign":9,"minecraft:gray_wool":9,"minecraft:warped_roots":4,"minecraft:warped_nylium":5,"minecraft:crimson_nylium":32,"minecraft:hopper":10,"minecraft:ender_pearl":144,"minecraft:chiseled_deepslate":3,"minecraft:wheat":1,"minecraft:redstone_block":17,"minecraft:ender_chest":111,"minecraft:nether_brick_fence":8,"minecraft:potion":12,"minecraft:gilded_blackstone":1,"minecraft:crimson_planks":4,"minecraft:lapis_block":3,"minecraft:raw_copper":35,"minecraft:deepslate_lapis_ore":1,"minecraft:smooth_stone_slab":102,"minecraft:iron_leggings":3,"minecraft:netherite_ingot":1,"minecraft:oak_sign":1,"minecraft:deepslate_tiles":6,"minecraft:smooth_stone":491,"minecraft:comparator":9,"minecraft:bucket":9,"minecraft:redstone_torch":35,"minecraft:cobblestone_slab":4,"minecraft:ender_eye":14,"minecraft:calcite":1,"minecraft:iron_pickaxe":3,"minecraft:iron_boots":6,"minecraft:furnace":4,"minecraft:stick":166,"minecraft:oak_fence":6,"minecraft:torch":320,"minecraft:porkchop":182,"minecraft:netherite_shovel":6,"minecraft:diorite":99,"minecraft:music_disc_pigstep":1,"minecraft:nether_gold_ore":3,"minecraft:rotten_flesh":1816,"minecraft:green_wool":1,"minecraft:deepslate_brick_stairs":2,"minecraft:obsidian":65,"minecraft:cod":13,"minecraft:cobblestone":1507,"minecraft:nautilus_shell":22,"minecraft:enchanting_table":1,"minecraft:magma_cream":27,"minecraft:repeater":15,"minecraft:andesite":126,"minecraft:potato":1,"minecraft:tuff":313,"minecraft:prismarine_bricks":9,"minecraft:acacia_boat":17,"minecraft:lapis_lazuli":1510,"minecraft:dirt":2779,"minecraft:polished_granite":2,"minecraft:glass":62,"minecraft:bone":80,"minecraft:acacia_planks":1,"minecraft:bow":9,"minecraft:wheat_seeds":54,"minecraft:deepslate_brick_slab":63,"minecraft:raw_gold":107,"minecraft:netherite_axe":3,"minecraft:mossy_stone_bricks":5,"minecraft:bamboo":3097,"minecraft:powered_rail":21,"minecraft:prismarine":16,"minecraft:oak_planks":225,"minecraft:cooked_porkchop":11,"minecraft:sand":3391,"minecraft:grass_block":4,"minecraft:diamond_block":1,"minecraft:spectral_arrow":108,"minecraft:mossy_cobblestone":3,"minecraft:dark_prismarine":15,"minecraft:sugar":1,"minecraft:diamond":709,"minecraft:spruce_boat":5,"minecraft:netherite_helmet":6,"minecraft:cracked_polished_blackstone_bricks":97,"minecraft:crossbow":7,"minecraft:golden_apple":53,"minecraft:emerald":471,"minecraft:piglin_banner_pattern":1,"minecraft:oak_sapling":11,"minecraft:netherrack":17936,"minecraft:oak_leaves":22,"minecraft:fishing_rod":3,"minecraft:charcoal":29,"minecraft:splash_potion":3,"minecraft:chicken":16,"minecraft:ladder":115,"minecraft:brown_mushroom":19,"minecraft:packed_ice":571,"minecraft:gold_block":36,"minecraft:diamond_horse_armor":2,"minecraft:brick":2,"minecraft:shield":31,"minecraft:oak_trapdoor":22,"minecraft:moss_carpet":1,"minecraft:iron_axe":4,"minecraft:blackstone":581,"minecraft:oak_boat":16,"minecraft:observer":14,"minecraft:light_gray_wool":27,"minecraft:lectern":40,"minecraft:sugar_cane":343,"minecraft:phantom_membrane":1,"minecraft:lime_wool":2,"minecraft:dark_oak_sapling":2,"minecraft:raw_iron":4,"minecraft:end_stone":74,"minecraft:copper_ingot":92,"minecraft:polished_blackstone_bricks":151,"minecraft:cookie":162,"minecraft:trident":11,"minecraft:dark_oak_planks":754,"minecraft:arrow":326,"minecraft:weeping_vines":5,"minecraft:nether_bricks":178,"minecraft:saddle":2,"minecraft:skeleton_skull":10,"minecraft:wet_sponge":1,"minecraft:cracked_deepslate_tiles":1,"minecraft:netherite_boots":6,"minecraft:basalt":1070,"minecraft:golden_carrot":558,"minecraft:glow_ink_sac":3,"minecraft:crimson_stem":271,"minecraft:leather":35,"minecraft:birch_planks":41,"minecraft:ice":1,"minecraft:crimson_fungus":1,"minecraft:gunpowder":499,"minecraft:cobblestone_stairs":4,"minecraft:cooked_mutton":17,"minecraft:red_carpet":3,"minecraft:heart_of_the_sea":3,"minecraft:iron_ingot":705,"minecraft:cooked_chicken":7,"minecraft:soul_sand":119,"minecraft:book":1075,"minecraft:sculk_catalyst":9,"minecraft:oak_slab":61,"minecraft:warped_fungus":3,"minecraft:nether_quartz_ore":16,"minecraft:chiseled_stone_bricks":1,"minecraft:stone_brick_slab":14,"minecraft:quartz":2027,"minecraft:dandelion":2,"minecraft:white_bed":1,"minecraft:spider_eye":26,"minecraft:sculk_sensor":12,"minecraft:iron_helmet":4,"minecraft:cherry_sapling":1,"minecraft:damaged_anvil":8,"minecraft:black_wool":86,"minecraft:coal":1551},"minecraft:crafted":{"minecraft:ender_chest":2,"minecraft:smooth_stone":4723,"minecraft:oak_sign":3,"minecraft:blaze_powder":18,"minecraft:diamond_shovel":1,"minecraft:bookshelf":38,"minecraft:cooked_mutton":7,"minecraft:glass":76,"minecraft:diamond_helmet":4,"minecraft:diamond_leggings":4,"minecraft:netherite_boots":3,"minecraft:emerald":10170,"minecraft:cooked_porkchop":90,"minecraft:diamond_axe":2,"minecraft:lime_banner":6,"minecraft:snout_armor_trim_smithing_template":4,"minecraft:smithing_table":2,"minecraft:lectern":1,"minecraft:compass":28,"minecraft:iron_pickaxe":3,"minecraft:iron_block":1524,"minecraft:gold_ingot":2812,"minecraft:netherite_ingot":10,"minecraft:nautilus_shell":2,"minecraft:golden_carrot":387,"minecraft:smooth_stone_slab":576,"minecraft:iron_nugget":72,"minecraft:diamond_hoe":5,"minecraft:lantern":73,"minecraft:diamond":513,"minecraft:netherite_axe":1,"minecraft:ladder":252,"minecraft:stone_pickaxe":1,"minecraft:diamond_boots":4,"minecraft:spruce_boat":1,"minecraft:redstone_block":49,"minecraft:dark_oak_planks":832,"minecraft:ward_armor_trim_smithing_template":16,"minecraft:netherite_pickaxe":2,"minecraft:enchanted_book":64,"minecraft:oak_fence_gate":3,"minecraft:golden_apple":180,"minecraft:wooden_axe":1,"minecraft:oak_stairs":4,"minecraft:iron_leggings":2,"minecraft:oak_planks":636,"minecraft:cooked_chicken":6,"minecraft:stone":104,"minecraft:hopper":9,"minecraft:stone_brick_slab":6,"minecraft:bow":6,"minecraft:iron_boots":2,"minecraft:chest":49,"minecraft:netherite_helmet":4,"minecraft:netherite_upgrade_smithing_template":40,"minecraft:rail":256,"minecraft:ender_eye":18,"minecraft:smoker":1,"minecraft:crafting_table":18,"minecraft:map":7,"minecraft:spruce_planks":20,"minecraft:wooden_pickaxe":1,"minecraft:iron_helmet":2,"minecraft:gold_block":114,"minecraft:brewing_stand":1,"minecraft:tnt":730,"minecraft:apple":192,"minecraft:book":4,"minecraft:iron_chestplate":2,"minecraft:paper":90,"minecraft:diamond_pickaxe":2,"minecraft:emerald_block":794,"minecraft:netherite_hoe":1,"minecraft:stick":1956,"minecraft:iron_ingot":11549,"minecraft:stone_sword":1,"minecraft:redstone_torch":1,"minecraft:shears":1,"minecraft:cookie":126,"minecraft:redstone":139,"minecraft:netherite_sword":1,"minecraft:furnace":12,"minecraft:piston":24,"minecraft:dark_oak_sign":330,"minecraft:diamond_block":57,"minecraft:glass_pane":96,"minecraft:flint_and_steel":2,"minecraft:netherite_chestplate":6,"minecraft:netherite_leggings":4,"minecraft:iron_axe":1,"minecraft:filled_map":7,"minecraft:netherite_scrap":39,"minecraft:birch_sign":9,"minecraft:minecart":2,"minecraft:cooked_beef":7,"minecraft:red_dye":64,"minecraft:diamond_sword":2,"minecraft:iron_sword":1,"minecraft:bucket":25,"minecraft:air":0,"minecraft:bread":96,"minecraft:acacia_boat":2,"minecraft:oak_boat":4,"minecraft:netherite_shovel":1,"minecraft:anvil":4,"minecraft:coast_armor_trim_smithing_template":6,"minecraft:acacia_planks":36,"minecraft:torch":20,"minecraft:lapis_lazuli":315,"minecraft:lapis_block":93,"minecraft:diamond_chestplate":4},"minecraft:broken":{"minecraft:iron_pickaxe":2,"minecraft:diamond_hoe":4},"minecraft:killed_by":{"minecraft:zombie_villager":1,"minecraft:zombie":7,"minecraft:warden":3,"minecraft:creeper":2,"minecraft:player":3,"minecraft:iron_golem":1,"minecraft:skeleton":1},"minecraft:killed":{"minecraft:cave_spider":7,"minecraft:skeleton":53,"minecraft:guardian":34,"minecraft:chicken":16,"minecraft:magma_cube":81,"minecraft:elder_guardian":1,"minecraft:iron_golem":4,"minecraft:pillager":11,"minecraft:goat":4,"minecraft:donkey":1,"minecraft:zombie":102,"minecraft:cow":5,"minecraft:evoker":4,"minecraft:vindicator":23,"minecraft:wandering_trader":1,"minecraft:enderman":44,"minecraft:zombified_piglin":49,"minecraft:witch":10,"minecraft:spider":82,"minecraft:silverfish":4,"minecraft:turtle":4,"minecraft:piglin_brute":25,"minecraft:piglin":115,"minecraft:pig":12,"minecraft:zombie_villager":1,"minecraft:creeper":27,"minecraft:sheep":9,"minecraft:trader_llama":3,"minecraft:ghast":2,"minecraft:blaze":53,"minecraft:vex":7,"minecraft:allay":1,"minecraft:phantom":4,"minecraft:drowned":2352,"minecraft:bat":2,"minecraft:hoglin":40,"minecraft:squid":2,"minecraft:wither_skeleton":13,"minecraft:player":9,"minecraft:villager":41},"minecraft:mined":{"minecraft:dark_oak_planks":492,"minecraft:blue_carpet":1,"minecraft:white_bed":1,"minecraft:obsidian":23,"minecraft:granite":99,"minecraft:acacia_log":10,"minecraft:crimson_trapdoor":7,"minecraft:deepslate_bricks":9,"minecraft:deepslate_tile_stairs":4,"minecraft:crimson_fungus":1,"minecraft:hopper":6,"minecraft:oak_wall_sign":1,"minecraft:nether_wart":51,"minecraft:chiseled_stone_bricks":1,"minecraft:spawner":5,"minecraft:weeping_vines_plant":4,"minecraft:polished_blackstone_bricks":182,"minecraft:tall_seagrass":19,"minecraft:magma_block":168,"minecraft:fire":165,"minecraft:cobbled_deepslate":339,"minecraft:moss_carpet":1,"minecraft:deepslate_lapis_ore":70,"minecraft:enchanting_table":1,"minecraft:sculk_shrieker":29,"minecraft:potted_dandelion":1,"minecraft:cave_vines":1,"minecraft:dirt_path":78,"minecraft:oak_stairs":257,"minecraft:deepslate_brick_stairs":2,"minecraft:iron_block":1,"minecraft:tripwire":7,"minecraft:orange_bed":1,"minecraft:brown_mushroom":19,"minecraft:kelp_plant":11,"minecraft:smoker":7,"minecraft:crimson_nylium":67,"minecraft:soul_fire":5,"minecraft:powder_snow":2,"minecraft:torch":49,"minecraft:glass":67,"minecraft:white_candle":1,"minecraft:sugar_cane":154,"minecraft:damaged_anvil":8,"minecraft:amethyst_block":6,"minecraft:skeleton_skull":4,"minecraft:white_terracotta":31,"minecraft:repeater":16,"minecraft:warped_fungus":2,"minecraft:smooth_basalt":5,"minecraft:piston":15,"minecraft:deepslate":4190,"minecraft:suspicious_gravel":4,"minecraft:deepslate_tiles":7,"minecraft:dark_prismarine":15,"minecraft:light_blue_wool":4,"minecraft:mossy_cobblestone":22,"minecraft:dark_oak_log":236,"minecraft:sea_lantern":1,"minecraft:end_stone":78,"minecraft:nether_bricks":189,"minecraft:dark_oak_fence":1,"minecraft:jungle_planks":5,"minecraft:crimson_roots":9,"minecraft:redstone_wire":6,"minecraft:lime_wool":2,"minecraft:kelp":4,"minecraft:moss_block":4,"minecraft:red_mushroom":8,"minecraft:snow":24,"minecraft:andesite":136,"minecraft:diamond_block":1,"minecraft:cobblestone_slab":2,"minecraft:rail":178,"minecraft:potted_spruce_sapling":1,"minecraft:bamboo_sapling":12,"minecraft:bamboo":358,"minecraft:bone_block":25,"minecraft:white_wool":15,"minecraft:ender_chest":110,"minecraft:smithing_table":2,"minecraft:oak_slab":71,"minecraft:redstone_block":18,"minecraft:glass_pane":22,"minecraft:comparator":5,"minecraft:soul_sand":132,"minecraft:stone_brick_slab":11,"minecraft:observer":14,"minecraft:dandelion":2,"minecraft:cornflower":1,"minecraft:short_grass":222,"minecraft:emerald_ore":1,"minecraft:warped_roots":1,"minecraft:copper_ore":23,"minecraft:tall_grass":31,"minecraft:deepslate_gold_ore":30,"minecraft:cracked_deepslate_bricks":8,"minecraft:diorite":131,"minecraft:warped_wart_block":5,"minecraft:coarse_dirt":11,"minecraft:cobblestone_wall":6,"minecraft:dark_oak_wall_sign":12,"minecraft:white_carpet":3,"minecraft:spruce_log":27,"minecraft:birch_leaves":1,"minecraft:gravel":267,"minecraft:cobweb":78,"minecraft:acacia_planks":1,"minecraft:stone_bricks":71,"minecraft:chipped_anvil":4,"minecraft:fern":3,"minecraft:spruce_planks":7,"minecraft:farmland":1,"minecraft:cobblestone_stairs":10,"minecraft:sculk_vein":634,"minecraft:budding_amethyst":1,"minecraft:grass_block":1538,"minecraft:cracked_polished_blackstone_bricks":65,"minecraft:soul_soil":109,"minecraft:gilded_blackstone":31,"minecraft:smooth_stone":125,"minecraft:sculk_catalyst":28,"minecraft:iron_ore":7,"minecraft:anvil":5,"minecraft:dark_oak_stairs":8,"minecraft:azalea":2,"minecraft:deepslate_redstone_ore":121,"minecraft:blackstone":765,"minecraft:clay":26,"minecraft:calcite":3,"minecraft:poppy":1,"minecraft:chest":31,"minecraft:nether_quartz_ore":1104,"minecraft:cobblestone":308,"minecraft:prismarine":21,"minecraft:oak_planks":158,"minecraft:iron_door":14,"minecraft:wall_torch":30,"minecraft:seagrass":9,"minecraft:warped_nylium":12,"minecraft:powered_rail":1,"minecraft:lapis_block":3,"minecraft:stripped_oak_wood":1,"minecraft:light_gray_wool":45,"minecraft:tnt":31,"minecraft:smooth_stone_slab":65,"minecraft:cracked_deepslate_tiles":2,"minecraft:oak_log":137,"minecraft:sand":3615,"minecraft:dirt":3068,"minecraft:crimson_planks":32,"minecraft:tripwire_hook":1,"minecraft:ancient_debris":40,"minecraft:netherrack":54718,"minecraft:oak_leaves":35,"minecraft:nether_gold_ore":309,"minecraft:red_carpet":2,"minecraft:tuff":315,"minecraft:dark_oak_leaves":4,"minecraft:deepslate_diamond_ore":261,"minecraft:oak_door":5,"minecraft:ladder":1,"minecraft:stone_button":1,"minecraft:weeping_vines":2,"minecraft:spruce_leaves":22,"minecraft:crimson_stem":213,"minecraft:deepslate_brick_slab":43,"minecraft:oak_trapdoor":21,"minecraft:furnace":4,"minecraft:carrots":11,"minecraft:polished_basalt":4,"minecraft:chiseled_deepslate":3,"minecraft:gold_block":27,"minecraft:nether_brick_fence":10,"minecraft:polished_deepslate":3,"minecraft:bookshelf":331,"minecraft:deepslate_iron_ore":2,"minecraft:lantern":183,"minecraft:stripped_oak_log":72,"minecraft:packed_ice":603,"minecraft:stone":7100,"minecraft:redstone_wall_torch":5,"minecraft:podzol":8,"minecraft:red_wool":1,"minecraft:infested_stone_bricks":4,"minecraft:snow_block":89,"minecraft:basalt":990,"minecraft:polished_granite":2,"minecraft:oak_fence":14,"minecraft:crafting_table":35,"minecraft:lime_carpet":3,"minecraft:sculk_sensor":114,"minecraft:lectern":40,"minecraft:deepslate_coal_ore":3,"minecraft:lapis_ore":11,"minecraft:polished_blackstone_brick_stairs":3,"minecraft:sculk":8281,"minecraft:prismarine_bricks":14,"minecraft:birch_planks":45,"minecraft:gray_wool":3,"minecraft:redstone_torch":18,"minecraft:sweet_berry_bush":11,"minecraft:ice":7,"minecraft:black_wool":99,"minecraft:coal_ore":449,"minecraft:cracked_stone_bricks":18,"minecraft:polished_andesite":8,"minecraft:mossy_stone_bricks":17}},"DataVersion":3700}