{"stats":{"minecraft:dropped":{"minecraft:bread":61,"minecraft:cobblestone":1,"minecraft:coal":2,"minecraft:stick":2,"minecraft:dirt":6,"minecraft:diorite":2,"minecraft:gold_ingot":9,"minecraft:cobbled_deepslate":3,"minecraft:tuff":12,"minecraft:pointed_dripstone":14,"minecraft:rotten_flesh":4,"minecraft:cooked_mutton":1,"minecraft:spruce_fence":1,"minecraft:gunpowder":2,"minecraft:andesite":26,"minecraft:wooden_pickaxe":1,"minecraft:netherrack":5},"minecraft:crafted":{"minecraft:oak_planks":76,"minecraft:cooked_chicken":3,"minecraft:furnace":1,"minecraft:cooked_mutton":2,"minecraft:iron_axe":1,"minecraft:stone_pickaxe":5,"minecraft:cooked_beef":6,"minecraft:cooked_porkchop":5,"minecraft:crafting_table":1,"minecraft:wooden_pickaxe":2,"minecraft:iron_sword":1,"minecraft:cooked_salmon":3,"minecraft:birch_planks":24,"minecraft:stone_axe":1,"minecraft:bread":12,"minecraft:air":0,"minecraft:shield":1,"minecraft:stick":36,"minecraft:iron_ingot":46,"minecraft:iron_pickaxe":3,"minecraft:wooden_axe":1,"minecraft:stone_sword":1,"minecraft:gold_ingot":9,"minecraft:iron_leggings":1,"minecraft:torch":32},"minecraft:broken":{"minecraft:stone_pickaxe":3,"minecraft:iron_pickaxe":1},"minecraft:custom":{"minecraft:mob_kills":31,"minecraft:interact_with_crafting_table":24,"minecraft:bell_ring":2,"minecraft:leave_game":2,"minecraft:time_since_death":144378,"minecraft:sprint_one_cm":181965,"minecraft:walk_one_cm":373209,"minecraft:damage_blocked_by_shield":120,"minecraft:drop":23,"minecraft:talked_to_villager":8,"minecraft:play_time":168072,"minecraft:deaths":4,"minecraft:sneak_time":11375,"minecraft:walk_under_water_one_cm":20013,"minecraft:boat_one_cm":42658,"minecraft:jump":2377,"minecraft:interact_with_blast_furnace":15,"minecraft:walk_on_water_one_cm":22717,"minecraft:total_world_time":168072,"minecraft:interact_with_furnace":35,"minecraft:traded_with_villager":2,"minecraft:interact_with_grindstone":1,"minecraft:sleep_in_bed":2,"minecraft:time_since_rest":16117,"minecraft:damage_taken":5701,"minecraft:damage_dealt":4179,"minecraft:swim_one_cm":42258,"minecraft:fly_one_cm":309421,"minecraft:open_chest":36,"minecraft:crouch_one_cm":21303,"minecraft:interact_with_smoker":11,"minecraft:fall_one_cm":102165},"minecraft:mined":{"minecraft:tuff":14,"minecraft:white_bed":3,"minecraft:deepslate_diamond_ore":8,"minecraft:granite":15,"minecraft:spruce_fence":1,"minecraft:grass_block":8,"minecraft:spruce_leaves":4,"minecraft:spawner":1,"minecraft:magma_block":5,"minecraft:furnace":9,"minecraft:iron_ore":46,"minecraft:andesite":41,"minecraft:deepslate_lapis_ore":4,"minecraft:gold_block":1,"minecraft:pointed_dripstone":3,"minecraft:deepslate_iron_ore":3,"minecraft:stone":278,"minecraft:deepslate_redstone_ore":3,"minecraft:brown_mushroom":6,"minecraft:smoker":1,"minecraft:powder_snow":32,"minecraft:crafting_table":7,"minecraft:torch":4,"minecraft:short_grass":1,"minecraft:blast_furnace":2,"minecraft:cobblestone":1,"minecraft:deepslate_gold_ore":10,"minecraft:grindstone":2,"minecraft:oak_planks":4,"minecraft:sugar_cane":3,"minecraft:diorite":18,"minecraft:blue_bed":5,"minecraft:wall_torch":4,"minecraft:birch_log":6,"minecraft:ice":4,"minecraft:oak_log":19,"minecraft:coal_ore":134,"minecraft:gravel":1,"minecraft:dirt":4,"minecraft:cobweb":13,"minecraft:oak_leaves":5,"minecraft:deepslate":258},"minecraft:used":{"minecraft:stone_sword":23,"minecraft:flint_and_steel":1,"minecraft:shield":2,"minecraft:iron_sword":56,"minecraft:cooked_chicken":3,"minecraft:torch":27,"minecraft:dirt":2,"minecraft:wooden_axe":14,"minecraft:magma_block":1,"minecraft:furnace":9,"minecraft:cooked_beef":6,"minecraft:cobbled_deepslate":94,"minecraft:diorite":14,"minecraft:stone_pickaxe":549,"minecraft:oak_planks":32,"minecraft:wooden_pickaxe":51,"minecraft:crafting_table":7,"minecraft:blast_furnace":1,"minecraft:white_bed":2,"minecraft:apple":2,"minecraft:bread":18,"minecraft:iron_pickaxe":276,"minecraft:stone_axe":30,"minecraft:cobblestone":158,"minecraft:cooked_porkchop":8,"minecraft:grindstone":2},"minecraft:killed":{"minecraft:cave_spider":2,"minecraft:spider":1,"minecraft:skeleton":1,"minecraft:chicken":3,"minecraft:pig":2,"minecraft:salmon":5,"minecraft:creeper":1,"minecraft:zombie":11,"minecraft:stray":1,"minecraft:cow":2},"minecraft:picked_up":{"minecraft:crafting_table":7,"minecraft:chicken":3,"minecraft:brown_mushroom":8,"minecraft:gold_block":1,"minecraft:cobbled_deepslate":161,"minecraft:beef":6,"minecraft:sugar_cane":3,"minecraft:furnace":8,"minecraft:tipped_arrow":1,"minecraft:raw_iron":48,"minecraft:stick":5,"minecraft:torch":8,"minecraft:spruce_fence":1,"minecraft:porkchop":5,"minecraft:pointed_dripstone":14,"minecraft:diorite":16,"minecraft:rotten_flesh":8,"minecraft:mutton":2,"minecraft:white_wool":2,"minecraft:cobblestone":278,"minecraft:birch_log":6,"minecraft:magma_block":5,"minecraft:feather":1,"minecraft:salmon":3,"minecraft:andesite":39,"minecraft:leather":2,"minecraft:smoker":1,"minecraft:tuff":18,"minecraft:oak_log":19,"minecraft:gunpowder":2,"minecraft:lapis_lazuli":18,"minecraft:blue_bed":5,"minecraft:dirt":14,"minecraft:cooked_mutton":1,"minecraft:bone":2,"minecraft:apple":2,"minecraft:raw_gold":10,"minecraft:grindstone":2,"minecraft:oak_planks":4,"minecraft:gravel":1,"minecraft:blast_furnace":2,"minecraft:white_bed":4,"minecraft:diamond":8,"minecraft:granite":16,"minecraft:oak_sapling":4,"minecraft:netherrack":10,"minecraft:coal":219}},"DataVersion":3955}