{"stats":{"minecraft:custom":{"minecraft:time_since_rest":17448,"minecraft:interact_with_furnace":5,"minecraft:sprint_one_cm":11047,"minecraft:damage_taken":3517,"minecraft:walk_one_cm":42903,"minecraft:mob_kills":5,"minecraft:damage_dealt":310,"minecraft:interact_with_crafting_table":4,"minecraft:fly_one_cm":16656,"minecraft:crouch_one_cm":52,"minecraft:play_time":41119,"minecraft:deaths":4,"minecraft:sneak_time":20,"minecraft:walk_under_water_one_cm":1518,"minecraft:jump":167,"minecraft:leave_game":1,"minecraft:walk_on_water_one_cm":1132,"minecraft:time_since_death":17425,"minecraft:total_world_time":41119,"minecraft:fall_one_cm":38997},"minecraft:killed":{"minecraft:chicken":3,"minecraft:cow":1},"minecraft:mined":{"minecraft:birch_log":4,"minecraft:short_grass":1,"minecraft:grass_block":4,"minecraft:oak_log":14,"minecraft:dirt":1,"minecraft:stone":35,"minecraft:oak_leaves":2},"minecraft:used":{"minecraft:wooden_axe":14,"minecraft:wooden_pickaxe":35,"minecraft:dirt":2,"minecraft:crafting_table":1,"minecraft:furnace":1},"minecraft:picked_up":{"minecraft:birch_log":4,"minecraft:stick":3,"minecraft:feather":1,"minecraft:chicken":3,"minecraft:leather":1,"minecraft:oak_log":14,"minecraft:dirt":5,"minecraft:apple":1,"minecraft:beef":5,"minecraft:oak_sapling":3,"minecraft:cobblestone":37},"minecraft:crafted":{"minecraft:cooked_beef":5,"minecraft:oak_planks":56,"minecraft:crafting_table":1,"minecraft:stick":8,"minecraft:wooden_pickaxe":1,"minecraft:stone_pickaxe":1,"minecraft:wooden_axe":1,"minecraft:furnace":1,"minecraft:air":0}},"DataVersion":3955}