{"stats":{"minecraft:custom":{"minecraft:mob_kills":39,"minecraft:interact_with_crafting_table":34,"minecraft:bell_ring":2,"minecraft:leave_game":13,"minecraft:time_since_death":10988,"minecraft:sprint_one_cm":267157,"minecraft:walk_one_cm":554635,"minecraft:damage_blocked_by_shield":120,"minecraft:drop":50,"minecraft:talked_to_villager":8,"minecraft:play_time":239306,"minecraft:deaths":13,"minecraft:sneak_time":15735,"minecraft:walk_under_water_one_cm":33138,"minecraft:boat_one_cm":43779,"minecraft:jump":3573,"minecraft:interact_with_blast_furnace":19,"minecraft:walk_on_water_one_cm":28689,"minecraft:total_world_time":239306,"minecraft:interact_with_furnace":35,"minecraft:traded_with_villager":2,"minecraft:interact_with_grindstone":1,"minecraft:sleep_in_bed":4,"minecraft:time_since_rest":11022,"minecraft:damage_taken":9920,"minecraft:damage_dealt":6816,"minecraft:swim_one_cm":51910,"minecraft:fly_one_cm":497416,"minecraft:open_chest":56,"minecraft:crouch_one_cm":35889,"minecraft:interact_with_smoker":11,"minecraft:fall_one_cm":144418},"minecraft:broken":{"minecraft:stone_pickaxe":3,"minecraft:iron_pickaxe":1},"minecraft:crafted":{"minecraft:oak_planks":76,"minecraft:cooked_chicken":3,"minecraft:furnace":1,"minecraft:cooked_mutton":2,"minecraft:iron_axe":1,"minecraft:stone_pickaxe":5,"minecraft:cooked_beef":6,"minecraft:cooked_porkchop":5,"minecraft:crafting_table":1,"minecraft:spruce_planks":12,"minecraft:wooden_pickaxe":2,"minecraft:iron_sword":2,"minecraft:cooked_salmon":3,"minecraft:birch_planks":24,"minecraft:stone_axe":1,"minecraft:bread":12,"minecraft:air":0,"minecraft:shield":1,"minecraft:stick":44,"minecraft:iron_ingot":46,"minecraft:iron_pickaxe":5,"minecraft:wooden_axe":1,"minecraft:stone_sword":1,"minecraft:iron_leggings":1,"minecraft:gold_ingot":9,"minecraft:torch":32},"minecraft:killed_by":{"minecraft:zombified_piglin":1,"minecraft:creeper":1,"minecraft:zombie":4},"minecraft:picked_up":{"minecraft:crafting_table":10,"minecraft:iron_chestplate":3,"minecraft:chicken":3,"minecraft:brown_mushroom":8,"minecraft:gold_block":1,"minecraft:shield":1,"minecraft:string":1,"minecraft:raw_copper":5,"minecraft:iron_axe":1,"minecraft:flint_and_steel":1,"minecraft:iron_leggings":4,"minecraft:cobbled_deepslate":165,"minecraft:beef":6,"minecraft:poppy":4,"minecraft:iron_pickaxe":4,"minecraft:sugar_cane":3,"minecraft:iron_boots":3,"minecraft:furnace":8,"minecraft:tipped_arrow":1,"minecraft:stick":13,"minecraft:raw_iron":48,"minecraft:torch":23,"minecraft:spruce_fence":1,"minecraft:porkchop":5,"minecraft:pointed_dripstone":15,"minecraft:diorite":16,"minecraft:rotten_flesh":9,"minecraft:mutton":2,"minecraft:snowball":46,"minecraft:white_wool":39,"minecraft:cobblestone":285,"minecraft:birch_log":6,"minecraft:magma_block":5,"minecraft:feather":1,"minecraft:cooked_beef":7,"minecraft:andesite":43,"minecraft:salmon":5,"minecraft:leather":2,"minecraft:red_mushroom":2,"minecraft:smoker":1,"minecraft:tuff":18,"minecraft:oak_log":19,"minecraft:gunpowder":2,"minecraft:lapis_lazuli":18,"minecraft:blue_bed":10,"minecraft:dirt":15,"minecraft:cooked_mutton":18,"minecraft:bone":3,"minecraft:apple":2,"minecraft:raw_gold":20,"minecraft:iron_ingot":37,"minecraft:grindstone":2,"minecraft:stone_pickaxe":1,"minecraft:cooked_chicken":5,"minecraft:diamond_helmet":1,"minecraft:rabbit":1,"minecraft:iron_sword":2,"minecraft:oak_planks":4,"minecraft:warped_fungus":2,"minecraft:warped_wart_block":5,"minecraft:dripstone_block":4,"minecraft:gravel":1,"minecraft:blast_furnace":2,"minecraft:white_bed":7,"minecraft:spruce_log":3,"minecraft:diamond":9,"minecraft:spruce_boat":1,"minecraft:stone_axe":1,"minecraft:iron_helmet":3,"minecraft:granite":16,"minecraft:golden_apple":2,"minecraft:bread":39,"minecraft:warped_roots":7,"minecraft:netherrack":71,"minecraft:oak_sapling":4,"minecraft:warped_nylium":5,"minecraft:coal":283,"minecraft:crimson_roots":2,"minecraft:ender_pearl":2},"minecraft:killed":{"minecraft:cave_spider":2,"minecraft:spider":1,"minecraft:skeleton":1,"minecraft:chicken":3,"minecraft:pig":2,"minecraft:salmon":7,"minecraft:creeper":2,"minecraft:zombie":13,"minecraft:stray":1,"minecraft:enderman":2,"minecraft:blaze":1,"minecraft:cow":2},"minecraft:dropped":{"minecraft:bread":61,"minecraft:iron_ingot":1,"minecraft:iron_sword":1,"minecraft:crafting_table":1,"minecraft:dripstone_block":2,"minecraft:iron_helmet":1,"minecraft:cobblestone":3,"minecraft:coal":2,"minecraft:stick":5,"minecraft:dirt":6,"minecraft:diorite":2,"minecraft:rabbit":1,"minecraft:snowball":4,"minecraft:iron_leggings":1,"minecraft:iron_pickaxe":2,"minecraft:string":1,"minecraft:gold_ingot":9,"minecraft:bone":1,"minecraft:cobbled_deepslate":4,"minecraft:raw_copper":5,"minecraft:tuff":12,"minecraft:pointed_dripstone":15,"minecraft:rotten_flesh":5,"minecraft:iron_boots":1,"minecraft:cooked_mutton":1,"minecraft:spruce_fence":1,"minecraft:poppy":2,"minecraft:gunpowder":2,"minecraft:spruce_planks":8,"minecraft:iron_chestplate":1,"minecraft:andesite":26,"minecraft:wooden_pickaxe":1,"minecraft:netherrack":5},"minecraft:used":{"minecraft:stone_sword":26,"minecraft:flint_and_steel":1,"minecraft:poppy":1,"minecraft:shield":2,"minecraft:iron_sword":92,"minecraft:cooked_chicken":3,"minecraft:netherrack":55,"minecraft:iron_chestplate":1,"minecraft:torch":34,"minecraft:dirt":3,"minecraft:warped_wart_block":2,"minecraft:snowball":21,"minecraft:spruce_boat":1,"minecraft:wooden_axe":14,"minecraft:warped_nylium":3,"minecraft:iron_helmet":1,"minecraft:iron_boots":2,"minecraft:magma_block":1,"minecraft:furnace":9,"minecraft:cooked_beef":6,"minecraft:cobbled_deepslate":97,"minecraft:iron_leggings":2,"minecraft:cooked_mutton":11,"minecraft:diorite":14,"minecraft:birch_planks":24,"minecraft:stone_pickaxe":549,"minecraft:oak_planks":39,"minecraft:ender_pearl":2,"minecraft:wooden_pickaxe":51,"minecraft:salmon":2,"minecraft:crafting_table":7,"minecraft:blast_furnace":1,"minecraft:dripstone_block":2,"minecraft:white_bed":3,"minecraft:apple":2,"minecraft:bread":34,"minecraft:iron_pickaxe":358,"minecraft:stone_axe":31,"minecraft:cobblestone":176,"minecraft:grindstone":2,"minecraft:cooked_porkchop":8,"minecraft:andesite":4},"minecraft:mined":{"minecraft:tuff":14,"minecraft:white_bed":4,"minecraft:deepslate_diamond_ore":9,"minecraft:granite":15,"minecraft:spruce_fence":1,"minecraft:grass_block":9,"minecraft:spruce_leaves":4,"minecraft:spawner":1,"minecraft:magma_block":5,"minecraft:furnace":9,"minecraft:iron_ore":46,"minecraft:fire":5,"minecraft:andesite":45,"minecraft:deepslate_lapis_ore":4,"minecraft:gold_block":1,"minecraft:pointed_dripstone":3,"minecraft:deepslate_iron_ore":3,"minecraft:stone":285,"minecraft:deepslate_redstone_ore":3,"minecraft:brown_mushroom":6,"minecraft:smoker":1,"minecraft:powder_snow":32,"minecraft:crafting_table":9,"minecraft:torch":5,"minecraft:short_grass":2,"minecraft:blast_furnace":2,"minecraft:poppy":2,"minecraft:cobblestone":1,"minecraft:copper_ore":1,"minecraft:sugar_cane":3,"minecraft:oak_planks":4,"minecraft:deepslate_gold_ore":10,"minecraft:grindstone":2,"minecraft:blue_bed":5,"minecraft:diorite":18,"minecraft:wall_torch":4,"minecraft:warped_wart_block":3,"minecraft:warped_nylium":5,"minecraft:birch_log":6,"minecraft:ice":4,"minecraft:coal_ore":134,"minecraft:oak_log":19,"minecraft:gravel":1,"minecraft:dripstone_block":3,"minecraft:dirt":4,"minecraft:cobweb":13,"minecraft:netherrack":54,"minecraft:deepslate":262,"minecraft:oak_leaves":5}},"DataVersion":3955}