{"stats":{"minecraft:custom":{"minecraft:interact_with_furnace":13,"minecraft:mob_kills":7,"minecraft:interact_with_crafting_table":13,"minecraft:leave_game":2,"minecraft:time_since_death":53088,"minecraft:time_since_rest":53111,"minecraft:sprint_one_cm":85850,"minecraft:damage_taken":4317,"minecraft:walk_one_cm":137496,"minecraft:damage_blocked_by_shield":120,"minecraft:damage_dealt":521,"minecraft:swim_one_cm":6543,"minecraft:fly_one_cm":106797,"minecraft:crouch_one_cm":8110,"minecraft:play_time":76782,"minecraft:deaths":4,"minecraft:sneak_time":3364,"minecraft:walk_under_water_one_cm":4454,"minecraft:jump":909,"minecraft:walk_on_water_one_cm":5348,"minecraft:total_world_time":76782,"minecraft:fall_one_cm":58749},"minecraft:killed":{"minecraft:pig":2,"minecraft:chicken":3,"minecraft:cow":1},"minecraft:mined":{"minecraft:brown_mushroom":6,"minecraft:powder_snow":32,"minecraft:crafting_table":2,"minecraft:torch":1,"minecraft:granite":3,"minecraft:short_grass":1,"minecraft:grass_block":6,"minecraft:spruce_leaves":4,"minecraft:sugar_cane":3,"minecraft:diorite":14,"minecraft:furnace":2,"minecraft:birch_log":6,"minecraft:iron_ore":11,"minecraft:ice":3,"minecraft:oak_log":19,"minecraft:coal_ore":121,"minecraft:gravel":1,"minecraft:dirt":2,"minecraft:stone":139,"minecraft:oak_leaves":3},"minecraft:used":{"minecraft:diorite":14,"minecraft:stone_sword":14,"minecraft:stone_pickaxe":237,"minecraft:wooden_pickaxe":35,"minecraft:shield":2,"minecraft:cooked_chicken":3,"minecraft:torch":8,"minecraft:dirt":2,"minecraft:crafting_table":2,"minecraft:wooden_axe":14,"minecraft:apple":2,"minecraft:iron_pickaxe":24,"minecraft:stone_axe":9,"minecraft:cobblestone":79,"minecraft:furnace":3,"minecraft:cooked_porkchop":1,"minecraft:cooked_beef":5},"minecraft:crafted":{"minecraft:cooked_beef":5,"minecraft:oak_planks":76,"minecraft:cooked_porkchop":3,"minecraft:crafting_table":1,"minecraft:wooden_pickaxe":1,"minecraft:cooked_chicken":3,"minecraft:furnace":1,"minecraft:birch_planks":24,"minecraft:stone_axe":1,"minecraft:air":0,"minecraft:shield":1,"minecraft:stick":16,"minecraft:iron_ingot":4,"minecraft:iron_pickaxe":1,"minecraft:stone_pickaxe":3,"minecraft:wooden_axe":1,"minecraft:stone_sword":1,"minecraft:torch":8},"minecraft:picked_up":{"minecraft:birch_log":6,"minecraft:crafting_table":2,"minecraft:feather":1,"minecraft:chicken":3,"minecraft:leather":1,"minecraft:brown_mushroom":8,"minecraft:oak_log":19,"minecraft:dirt":8,"minecraft:apple":2,"minecraft:beef":5,"minecraft:sugar_cane":2,"minecraft:furnace":2,"minecraft:stick":3,"minecraft:raw_iron":11,"minecraft:torch":1,"minecraft:gravel":1,"minecraft:porkchop":5,"minecraft:diorite":14,"minecraft:granite":3,"minecraft:oak_sapling":4,"minecraft:mutton":2,"minecraft:coal":143,"minecraft:white_wool":2,"minecraft:cobblestone":141},"minecraft:broken":{"minecraft:stone_pickaxe":1}},"DataVersion":3955}