{"stats":{"minecraft:crafted":{"minecraft:ender_chest":1,"minecraft:oak_planks":424,"minecraft:blaze_powder":2,"minecraft:cooked_chicken":6,"minecraft:diamond_shovel":1,"minecraft:bookshelf":22,"minecraft:cooked_mutton":7,"minecraft:diamond_helmet":3,"minecraft:diamond_leggings":3,"minecraft:iron_boots":2,"minecraft:chest":19,"minecraft:ender_eye":1,"minecraft:smoker":1,"minecraft:emerald":1636,"minecraft:cooked_porkchop":90,"minecraft:diamond_axe":1,"minecraft:crafting_table":8,"minecraft:wooden_pickaxe":1,"minecraft:iron_helmet":2,"minecraft:smithing_table":1,"minecraft:gold_block":3,"minecraft:apple":64,"minecraft:lectern":1,"minecraft:iron_chestplate":2,"minecraft:book":4,"minecraft:paper":90,"minecraft:diamond_pickaxe":2,"minecraft:emerald_block":47,"minecraft:stick":1082,"minecraft:iron_ingot":1503,"minecraft:iron_pickaxe":3,"minecraft:iron_block":79,"minecraft:stone_sword":1,"minecraft:gold_ingot":130,"minecraft:netherite_ingot":2,"minecraft:golden_carrot":63,"minecraft:redstone":126,"minecraft:iron_nugget":72,"minecraft:diamond_hoe":3,"minecraft:furnace":2,"minecraft:piston":24,"minecraft:diamond_block":10,"minecraft:flint_and_steel":1,"minecraft:lantern":33,"minecraft:iron_axe":1,"minecraft:stone_pickaxe":1,"minecraft:diamond_boots":3,"minecraft:redstone_block":14,"minecraft:netherite_scrap":5,"minecraft:cooked_beef":7,"minecraft:diamond_sword":1,"minecraft:iron_sword":1,"minecraft:enchanted_book":38,"minecraft:air":0,"minecraft:acacia_boat":1,"minecraft:oak_boat":2,"minecraft:golden_apple":11,"minecraft:wooden_axe":1,"minecraft:iron_leggings":2,"minecraft:anvil":2,"minecraft:coast_armor_trim_smithing_template":6,"minecraft:acacia_planks":36,"minecraft:torch":20,"minecraft:lapis_block":46,"minecraft:diamond_chestplate":3},"minecraft:custom":{"minecraft:interact_with_crafting_table":118,"minecraft:open_barrel":7,"minecraft:leave_game":36,"minecraft:time_since_death":41768,"minecraft:sprint_one_cm":1157016,"minecraft:drop":301,"minecraft:talked_to_villager":504,"minecraft:play_time":1239394,"minecraft:deaths":23,"minecraft:jump":13985,"minecraft:walk_on_water_one_cm":64873,"minecraft:interact_with_furnace":42,"minecraft:traded_with_villager":1101,"minecraft:sleep_in_bed":6,"minecraft:open_enderchest":142,"minecraft:damage_dealt":80568,"minecraft:player_kills":2,"minecraft:crouch_one_cm":355491,"minecraft:interact_with_smoker":30,"minecraft:horse_one_cm":69615,"minecraft:interact_with_smithing_table":19,"minecraft:interact_with_anvil":82,"minecraft:mob_kills":429,"minecraft:inspect_hopper":6,"minecraft:climb_one_cm":9823,"minecraft:walk_one_cm":3215058,"minecraft:sneak_time":80907,"minecraft:walk_under_water_one_cm":107926,"minecraft:boat_one_cm":76847,"minecraft:total_world_time":1239394,"minecraft:interact_with_stonecutter":3,"minecraft:time_since_rest":41800,"minecraft:damage_absorbed":20,"minecraft:damage_taken":17739,"minecraft:swim_one_cm":57694,"minecraft:fly_one_cm":2526223,"minecraft:open_chest":789,"minecraft:fall_one_cm":376122},"minecraft:mined":{"minecraft:white_bed":1,"minecraft:sculk_vein":245,"minecraft:cobblestone_stairs":5,"minecraft:obsidian":5,"minecraft:acacia_log":10,"minecraft:grass_block":1091,"minecraft:cracked_polished_blackstone_bricks":23,"minecraft:deepslate_bricks":7,"minecraft:soul_soil":5,"minecraft:deepslate_tile_stairs":4,"minecraft:crimson_fungus":1,"minecraft:hopper":4,"minecraft:nether_wart":6,"minecraft:gilded_blackstone":6,"minecraft:weeping_vines_plant":4,"minecraft:polished_blackstone_bricks":109,"minecraft:tall_seagrass":1,"minecraft:magma_block":28,"minecraft:sculk_catalyst":12,"minecraft:iron_ore":2,"minecraft:cobbled_deepslate":326,"minecraft:fire":59,"minecraft:deepslate_lapis_ore":64,"minecraft:sculk_shrieker":15,"minecraft:potted_dandelion":1,"minecraft:dirt_path":78,"minecraft:oak_stairs":257,"minecraft:deepslate_brick_stairs":2,"minecraft:tripwire":1,"minecraft:deepslate_redstone_ore":117,"minecraft:blackstone":469,"minecraft:kelp_plant":3,"minecraft:crimson_nylium":29,"minecraft:smoker":6,"minecraft:soul_fire":1,"minecraft:clay":1,"minecraft:torch":26,"minecraft:poppy":1,"minecraft:chest":12,"minecraft:glass":63,"minecraft:nether_quartz_ore":540,"minecraft:cobblestone":203,"minecraft:white_candle":1,"minecraft:damaged_anvil":6,"minecraft:oak_planks":129,"minecraft:sugar_cane":153,"minecraft:wall_torch":19,"minecraft:skeleton_skull":2,"minecraft:white_terracotta":31,"minecraft:repeater":15,"minecraft:warped_nylium":11,"minecraft:powered_rail":1,"minecraft:lapis_block":1,"minecraft:stripped_oak_wood":1,"minecraft:warped_fungus":2,"minecraft:smooth_stone_slab":11,"minecraft:oak_log":118,"minecraft:sand":11,"minecraft:dirt":1193,"minecraft:ancient_debris":5,"minecraft:netherrack":17685,"minecraft:piston":14,"minecraft:oak_leaves":16,"minecraft:deepslate":3457,"minecraft:nether_gold_ore":81,"minecraft:tuff":246,"minecraft:mossy_cobblestone":18,"minecraft:deepslate_diamond_ore":188,"minecraft:oak_door":5,"minecraft:dark_oak_log":1,"minecraft:nether_bricks":67,"minecraft:crimson_roots":9,"minecraft:weeping_vines":2,"minecraft:redstone_wire":3,"minecraft:spruce_leaves":7,"minecraft:crimson_stem":213,"minecraft:deepslate_brick_slab":5,"minecraft:oak_trapdoor":21,"minecraft:furnace":3,"minecraft:polished_basalt":4,"minecraft:andesite":24,"minecraft:chiseled_deepslate":3,"minecraft:gold_block":1,"minecraft:nether_brick_fence":1,"minecraft:polished_deepslate":3,"minecraft:bookshelf":21,"minecraft:deepslate_iron_ore":2,"minecraft:rail":75,"minecraft:lantern":33,"minecraft:potted_spruce_sapling":1,"minecraft:stripped_oak_log":72,"minecraft:bamboo_sapling":11,"minecraft:bamboo":206,"minecraft:stone":1361,"minecraft:bone_block":25,"minecraft:ender_chest":14,"minecraft:smithing_table":1,"minecraft:oak_slab":71,"minecraft:glass_pane":15,"minecraft:comparator":1,"minecraft:soul_sand":39,"minecraft:basalt":88,"minecraft:observer":14,"minecraft:dandelion":2,"minecraft:oak_fence":10,"minecraft:crafting_table":13,"minecraft:short_grass":138,"minecraft:sculk_sensor":46,"minecraft:lectern":25,"minecraft:copper_ore":6,"minecraft:tall_grass":23,"minecraft:lapis_ore":8,"minecraft:deepslate_gold_ore":25,"minecraft:cracked_deepslate_bricks":3,"minecraft:polished_blackstone_brick_stairs":2,"minecraft:sculk":3493,"minecraft:diorite":43,"minecraft:gray_wool":2,"minecraft:cobblestone_wall":5,"minecraft:redstone_torch":1,"minecraft:sweet_berry_bush":11,"minecraft:spruce_log":21,"minecraft:coal_ore":110,"minecraft:gravel":41,"minecraft:cobweb":32,"minecraft:chipped_anvil":2,"minecraft:fern":1},"minecraft:dropped":{"minecraft:crimson_stem":256,"minecraft:soul_sand":10,"minecraft:lapis_lazuli":183,"minecraft:warped_fungus":3,"minecraft:glass_bottle":1,"minecraft:diamond":147,"minecraft:crafting_table":2,"minecraft:cooked_porkchop":25,"minecraft:weeping_vines":5,"minecraft:warped_roots":3,"minecraft:lantern":3,"minecraft:leather":2,"minecraft:flint":1,"minecraft:emerald":3,"minecraft:gold_block":1,"minecraft:cracked_polished_blackstone_bricks":4,"minecraft:dirt":499,"minecraft:crimson_roots":12,"minecraft:gold_nugget":36,"minecraft:polished_blackstone_bricks":11,"minecraft:iron_pickaxe":1,"minecraft:gold_ingot":41,"minecraft:bone":8,"minecraft:oak_door":1,"minecraft:gravel":16,"minecraft:blackstone":112,"minecraft:cobbled_deepslate":710,"minecraft:deepslate_brick_slab":2,"minecraft:rotten_flesh":34,"minecraft:white_candle":1,"minecraft:oak_planks":27,"minecraft:diamond_shovel":3,"minecraft:nether_brick_fence":1,"minecraft:carrot":3,"minecraft:chiseled_deepslate":2,"minecraft:poppy":751,"minecraft:coal_ore":1,"minecraft:chest":2,"minecraft:arrow":4,"minecraft:quartz":522,"minecraft:netherrack":1948,"minecraft:egg":1,"minecraft:enchanted_book":1,"minecraft:iron_ingot":64,"minecraft:bread":1,"minecraft:oak_slab":56,"minecraft:wheat_seeds":8,"minecraft:feather":6,"minecraft:cobblestone":116,"minecraft:lead":1,"minecraft:stick":72,"minecraft:diorite":1,"minecraft:ink_sac":4,"minecraft:potion":1,"minecraft:oak_stairs":2,"minecraft:string":30,"minecraft:spruce_sapling":1,"minecraft:redstone":163,"minecraft:soul_soil":4,"minecraft:warped_nylium":2,"minecraft:oak_trapdoor":18,"minecraft:deepslate":83,"minecraft:tuff":67,"minecraft:diamond_hoe":1,"minecraft:raw_iron":4,"minecraft:stripped_oak_log":54,"minecraft:white_terracotta":27,"minecraft:flint_and_steel":1,"minecraft:diamond_sword":1,"minecraft:potato":1,"minecraft:stone":455,"minecraft:shield":1,"minecraft:diamond_pickaxe":2,"minecraft:andesite":20,"minecraft:golden_sword":4},"minecraft:killed":{"minecraft:cave_spider":4,"minecraft:zombified_piglin":43,"minecraft:witch":1,"minecraft:spider":67,"minecraft:skeleton":25,"minecraft:chicken":14,"minecraft:turtle":4,"minecraft:piglin_brute":11,"minecraft:magma_cube":20,"minecraft:piglin":75,"minecraft:pig":12,"minecraft:iron_golem":1,"minecraft:creeper":10,"minecraft:sheep":9,"minecraft:trader_llama":1,"minecraft:zombie":37,"minecraft:donkey":1,"minecraft:ghast":1,"minecraft:blaze":28,"minecraft:cow":4,"minecraft:phantom":2,"minecraft:hoglin":37,"minecraft:squid":1,"minecraft:wither_skeleton":1,"minecraft:player":1,"minecraft:enderman":8},"minecraft:picked_up":{"minecraft:chiseled_deepslate":3,"minecraft:iron_chestplate":3,"minecraft:wheat":1,"minecraft:ender_chest":14,"minecraft:nether_brick_fence":1,"minecraft:flower_pot":1,"minecraft:smithing_table":1,"minecraft:lead":1,"minecraft:diamond_sword":6,"minecraft:oak_stairs":2,"minecraft:potion":10,"minecraft:enchanted_book":11,"minecraft:golden_sword":4,"minecraft:lapis_block":1,"minecraft:polished_deepslate":3,"minecraft:polished_blackstone_brick_stairs":1,"minecraft:string":19,"minecraft:soul_soil":4,"minecraft:iron_leggings":3,"minecraft:netherite_ingot":1,"minecraft:sculk_shrieker":1,"minecraft:diamond_leggings":4,"minecraft:gold_nugget":348,"minecraft:cobbled_deepslate":2393,"minecraft:comparator":1,"minecraft:redstone_torch":1,"minecraft:iron_pickaxe":3,"minecraft:enchanted_golden_apple":4,"minecraft:furnace":3,"minecraft:iron_boots":5,"minecraft:stick":10,"minecraft:oak_fence":1,"minecraft:torch":255,"minecraft:acacia_log":9,"minecraft:porkchop":182,"minecraft:diorite":46,"minecraft:deepslate_tile_stairs":3,"minecraft:rotten_flesh":59,"minecraft:iron_block":33,"minecraft:white_terracotta":28,"minecraft:blaze_rod":8,"minecraft:deepslate_brick_stairs":2,"minecraft:obsidian":14,"minecraft:cobblestone":776,"minecraft:magma_block":4,"minecraft:feather":14,"minecraft:cooked_beef":2,"minecraft:magma_cream":26,"minecraft:repeater":14,"minecraft:andesite":22,"minecraft:brown_wool":1,"minecraft:smoker":9,"minecraft:potato":1,"minecraft:flint":5,"minecraft:tuff":256,"minecraft:acacia_boat":1,"minecraft:lapis_lazuli":1474,"minecraft:dirt":1162,"minecraft:lantern":48,"minecraft:glass":62,"minecraft:bone":23,"minecraft:chipped_anvil":2,"minecraft:bow":2,"minecraft:wheat_seeds":40,"minecraft:deepslate_brick_slab":4,"minecraft:raw_gold":97,"minecraft:diamond_helmet":4,"minecraft:bamboo":1968,"minecraft:powered_rail":1,"minecraft:oak_planks":193,"minecraft:cooked_porkchop":11,"minecraft:sand":14,"minecraft:ink_sac":4,"minecraft:spectral_arrow":65,"minecraft:dark_oak_log":1,"minecraft:white_candle":4,"minecraft:snout_armor_trim_smithing_template":2,"minecraft:diamond":520,"minecraft:deepslate":118,"minecraft:cracked_polished_blackstone_bricks":42,"minecraft:golden_apple":11,"minecraft:emerald":176,"minecraft:bread":14,"minecraft:piglin_banner_pattern":1,"minecraft:oak_sapling":1,"minecraft:netherrack":6892,"minecraft:crimson_roots":12,"minecraft:diamond_pickaxe":12,"minecraft:charcoal":15,"minecraft:crafting_table":16,"minecraft:chicken":12,"minecraft:nether_wart":29,"minecraft:clay_ball":4,"minecraft:gold_block":11,"minecraft:diamond_horse_armor":2,"minecraft:shield":9,"minecraft:oak_trapdoor":21,"minecraft:iron_axe":3,"minecraft:netherite_scrap":2,"minecraft:blackstone":270,"minecraft:deepslate_diamond_ore":4,"minecraft:beef":10,"minecraft:oak_boat":3,"minecraft:observer":14,"minecraft:iron_nugget":55,"minecraft:poppy":1,"minecraft:light_gray_wool":1,"minecraft:minecart":1,"minecraft:lectern":25,"minecraft:sugar_cane":311,"minecraft:chest":8,"minecraft:diamond_hoe":7,"minecraft:piston":14,"minecraft:egg":6,"minecraft:raw_iron":4,"minecraft:stone":815,"minecraft:oak_door":1,"minecraft:fire_charge":7,"minecraft:polished_blackstone_bricks":91,"minecraft:cookie":145,"minecraft:carrot":12,"minecraft:redstone":999,"minecraft:dark_oak_planks":94,"minecraft:arrow":132,"minecraft:weeping_vines":5,"minecraft:diamond_chestplate":4,"minecraft:nether_bricks":64,"minecraft:deepslate_bricks":13,"minecraft:diamond_boots":4,"minecraft:cracked_deepslate_bricks":3,"minecraft:saddle":2,"minecraft:gold_ingot":52,"minecraft:mutton":23,"minecraft:bone_block":59,"minecraft:rail":73,"minecraft:skeleton_skull":2,"minecraft:white_wool":12,"minecraft:stripped_oak_log":72,"minecraft:basalt":28,"minecraft:golden_carrot":300,"minecraft:crimson_stem":271,"minecraft:leather":33,"minecraft:crimson_fungus":1,"minecraft:oak_log":45,"minecraft:ancient_debris":6,"minecraft:golden_boots":1,"minecraft:gunpowder":62,"minecraft:paper":8,"minecraft:cooked_mutton":11,"minecraft:kelp":5,"minecraft:heart_of_the_sea":2,"minecraft:iron_ingot":220,"minecraft:cooked_chicken":7,"minecraft:iron_sword":3,"minecraft:soul_sand":54,"minecraft:book":97,"minecraft:sculk_catalyst":5,"minecraft:oak_slab":61,"minecraft:warped_fungus":3,"minecraft:sweet_berries":24,"minecraft:sculk":2,"minecraft:quartz":1057,"minecraft:dandelion":1,"minecraft:gravel":30,"minecraft:spruce_sapling":1,"minecraft:white_bed":1,"minecraft:spruce_log":77,"minecraft:crying_obsidian":20,"minecraft:spider_eye":5,"minecraft:diamond_shovel":12,"minecraft:sculk_sensor":1,"minecraft:coal_ore":1,"minecraft:iron_helmet":4,"minecraft:diamond_axe":5,"minecraft:gray_wool":6,"minecraft:warped_roots":4,"minecraft:damaged_anvil":6,"minecraft:warped_nylium":5,"minecraft:coal":623,"minecraft:hopper":3,"minecraft:ender_pearl":3},"minecraft:broken":{"minecraft:diamond_hoe":1,"minecraft:iron_pickaxe":2},"minecraft:killed_by":{"minecraft:zombie_villager":1,"minecraft:creeper":2,"minecraft:zombie":7,"minecraft:player":3,"minecraft:iron_golem":1,"minecraft:warden":3,"minecraft:skeleton":1},"minecraft:used":{"minecraft:chiseled_deepslate":1,"minecraft:polished_deepslate":3,"minecraft:diamond_hoe":3751,"minecraft:chest":14,"minecraft:iron_sword":144,"minecraft:stone":70,"minecraft:rotten_flesh":1,"minecraft:sculk_sensor":1,"minecraft:iron_chestplate":1,"minecraft:soul_sand":31,"minecraft:nether_bricks":37,"minecraft:tuff":54,"minecraft:obsidian":17,"minecraft:lantern":68,"minecraft:warped_nylium":2,"minecraft:iron_helmet":2,"minecraft:deepslate_diamond_ore":4,"minecraft:bow":22,"minecraft:furnace":3,"minecraft:skeleton_skull":2,"minecraft:egg":3,"minecraft:diorite":45,"minecraft:damaged_anvil":5,"minecraft:diamond_boots":2,"minecraft:oak_planks":12,"minecraft:stone_pickaxe":13,"minecraft:ender_pearl":2,"minecraft:wooden_pickaxe":17,"minecraft:sugar_cane":162,"minecraft:diamond_axe":988,"minecraft:cookie":47,"minecraft:golden_apple":1,"minecraft:sand":1,"minecraft:deepslate_brick_stairs":2,"minecraft:string":1,"minecraft:bread":13,"minecraft:lectern":26,"minecraft:deepslate":24,"minecraft:gravel":6,"minecraft:fire_charge":1,"minecraft:diamond_sword":1227,"minecraft:smithing_table":2,"minecraft:andesite":2,"minecraft:oak_fence":1,"minecraft:oak_trapdoor":1,"minecraft:oak_boat":2,"minecraft:stone_sword":38,"minecraft:flint_and_steel":4,"minecraft:ender_chest":15,"minecraft:sculk":9,"minecraft:cooked_chicken":6,"minecraft:netherrack":974,"minecraft:torch":91,"minecraft:anvil":2,"minecraft:dirt":504,"minecraft:diamond_helmet":2,"minecraft:dark_oak_planks":10,"minecraft:wooden_axe":46,"minecraft:chipped_anvil":2,"minecraft:bookshelf":21,"minecraft:iron_axe":45,"minecraft:iron_boots":2,"minecraft:bamboo":110,"minecraft:diamond_chestplate":4,"minecraft:basalt":9,"minecraft:golden_carrot":67,"minecraft:minecart":1,"minecraft:cooked_beef":6,"minecraft:cobbled_deepslate":284,"minecraft:iron_leggings":2,"minecraft:crimson_stem":15,"minecraft:cooked_mutton":5,"minecraft:acacia_boat":1,"minecraft:lead":2,"minecraft:deepslate_bricks":7,"minecraft:rail":6,"minecraft:oak_slab":4,"minecraft:crafting_table":17,"minecraft:white_bed":1,"minecraft:spruce_log":2,"minecraft:smoker":7,"minecraft:oak_log":2,"minecraft:diamond_pickaxe":25135,"minecraft:diamond_shovel":2392,"minecraft:iron_pickaxe":701,"minecraft:cobblestone":146,"minecraft:potion":1,"minecraft:porkchop":13,"minecraft:cooked_porkchop":65,"minecraft:lapis_block":1,"minecraft:yellow_bed":2,"minecraft:dandelion":1,"minecraft:diamond_leggings":2,"minecraft:splash_potion":1,"minecraft:sculk_catalyst":2}},"DataVersion":3700}