{"stats":{"minecraft:custom":{"minecraft:time_since_rest":5448,"minecraft:crouch_one_cm":28,"minecraft:play_time":29119,"minecraft:sprint_one_cm":5442,"minecraft:walk_one_cm":22482,"minecraft:damage_taken":3407,"minecraft:deaths":4,"minecraft:sneak_time":9,"minecraft:walk_under_water_one_cm":1518,"minecraft:mob_kills":2,"minecraft:jump":91,"minecraft:damage_dealt":190,"minecraft:leave_game":1,"minecraft:time_since_death":5425,"minecraft:walk_on_water_one_cm":1132,"minecraft:total_world_time":29119,"minecraft:interact_with_crafting_table":1,"minecraft:fall_one_cm":35896,"minecraft:fly_one_cm":11431},"minecraft:killed":{"minecraft:cow":1},"minecraft:mined":{"minecraft:oak_log":9,"minecraft:grass_block":3,"minecraft:dirt":1,"minecraft:oak_leaves":1},"minecraft:used":{"minecraft:dirt":2},"minecraft:crafted":{"minecraft:oak_planks":36,"minecraft:stick":4,"minecraft:wooden_pickaxe":1,"minecraft:wooden_axe":1},"minecraft:picked_up":{"minecraft:stick":3,"minecraft:apple":1,"minecraft:leather":1,"minecraft:beef":5,"minecraft:oak_log":9,"minecraft:oak_sapling":2,"minecraft:dirt":4,"minecraft:cobblestone":2}},"DataVersion":3955}