{"stats":{"minecraft:custom":{"minecraft:interact_with_furnace":19,"minecraft:mob_kills":13,"minecraft:interact_with_crafting_table":16,"minecraft:leave_game":2,"minecraft:time_since_death":65088,"minecraft:time_since_rest":65111,"minecraft:sprint_one_cm":97733,"minecraft:damage_taken":4417,"minecraft:walk_one_cm":164371,"minecraft:damage_blocked_by_shield":120,"minecraft:damage_dealt":771,"minecraft:swim_one_cm":29799,"minecraft:fly_one_cm":123410,"minecraft:open_chest":3,"minecraft:crouch_one_cm":8876,"minecraft:play_time":88782,"minecraft:deaths":4,"minecraft:sneak_time":3717,"minecraft:walk_under_water_one_cm":7520,"minecraft:jump":1073,"minecraft:walk_on_water_one_cm":13397,"minecraft:interact_with_smoker":3,"minecraft:total_world_time":88782,"minecraft:fall_one_cm":63383},"minecraft:killed":{"minecraft:pig":2,"minecraft:salmon":5,"minecraft:chicken":3,"minecraft:cow":2},"minecraft:mined":{"minecraft:brown_mushroom":6,"minecraft:powder_snow":32,"minecraft:crafting_table":3,"minecraft:torch":2,"minecraft:granite":3,"minecraft:short_grass":1,"minecraft:grass_block":6,"minecraft:spruce_leaves":4,"minecraft:sugar_cane":3,"minecraft:diorite":14,"minecraft:magma_block":4,"minecraft:furnace":4,"minecraft:birch_log":6,"minecraft:iron_ore":11,"minecraft:ice":3,"minecraft:gold_block":1,"minecraft:oak_log":19,"minecraft:coal_ore":121,"minecraft:gravel":1,"minecraft:dirt":2,"minecraft:stone":139,"minecraft:oak_leaves":5},"minecraft:used":{"minecraft:diorite":14,"minecraft:stone_sword":23,"minecraft:stone_pickaxe":241,"minecraft:wooden_pickaxe":35,"minecraft:shield":2,"minecraft:cooked_chicken":3,"minecraft:torch":10,"minecraft:dirt":2,"minecraft:crafting_table":3,"minecraft:wooden_axe":14,"minecraft:apple":2,"minecraft:iron_pickaxe":28,"minecraft:stone_axe":10,"minecraft:cobblestone":83,"minecraft:furnace":5,"minecraft:cooked_porkchop":3,"minecraft:cooked_beef":6},"minecraft:crafted":{"minecraft:cooked_beef":6,"minecraft:oak_planks":76,"minecraft:cooked_porkchop":5,"minecraft:crafting_table":1,"minecraft:wooden_pickaxe":1,"minecraft:cooked_chicken":3,"minecraft:furnace":1,"minecraft:birch_planks":24,"minecraft:stone_axe":1,"minecraft:air":0,"minecraft:shield":1,"minecraft:stick":20,"minecraft:iron_ingot":11,"minecraft:iron_pickaxe":1,"minecraft:stone_pickaxe":3,"minecraft:wooden_axe":1,"minecraft:stone_sword":1,"minecraft:iron_leggings":1,"minecraft:gold_ingot":9,"minecraft:torch":32},"minecraft:picked_up":{"minecraft:birch_log":6,"minecraft:magma_block":4,"minecraft:crafting_table":3,"minecraft:feather":1,"minecraft:chicken":3,"minecraft:salmon":3,"minecraft:leather":2,"minecraft:brown_mushroom":8,"minecraft:gold_block":1,"minecraft:oak_log":19,"minecraft:dirt":8,"minecraft:apple":2,"minecraft:beef":6,"minecraft:sugar_cane":2,"minecraft:furnace":4,"minecraft:stick":3,"minecraft:raw_iron":11,"minecraft:torch":1,"minecraft:gravel":1,"minecraft:porkchop":5,"minecraft:diorite":14,"minecraft:granite":4,"minecraft:oak_sapling":4,"minecraft:netherrack":5,"minecraft:mutton":2,"minecraft:coal":206,"minecraft:white_wool":2,"minecraft:cobblestone":141},"minecraft:broken":{"minecraft:stone_pickaxe":1}},"DataVersion":3955}