{"stats":{"minecraft:crafted":{"minecraft:birch_planks":4,"minecraft:crafting_table":1},"minecraft:used":{"minecraft:dirt":1,"minecraft:sand":1},"minecraft:killed_by":{"minecraft:player":1},"minecraft:custom":{"minecraft:time_since_rest":4442,"minecraft:crouch_one_cm":8,"minecraft:play_time":10215,"minecraft:sprint_one_cm":2523,"minecraft:walk_one_cm":10030,"minecraft:damage_taken":370,"minecraft:deaths":1,"minecraft:sneak_time":8,"minecraft:jump":51,"minecraft:damage_dealt":187,"minecraft:leave_game":1,"minecraft:time_since_death":2522,"minecraft:total_world_time":10215,"minecraft:fall_one_cm":2285,"minecraft:fly_one_cm":5804},"minecraft:picked_up":{"minecraft:birch_log":1,"minecraft:sand":1,"minecraft:dirt":1},"minecraft:mined":{"minecraft:grass_block":1,"minecraft:sand":1,"minecraft:birch_log":1,"minecraft:birch_leaves":2}},"DataVersion":3700}