{"stats":{"minecraft:dropped":{"minecraft:bread":61,"minecraft:cobbled_deepslate":3,"minecraft:tuff":12,"minecraft:rotten_flesh":4,"minecraft:pointed_dripstone":14,"minecraft:cobblestone":1,"minecraft:cooked_mutton":1,"minecraft:spruce_fence":1,"minecraft:stick":2,"minecraft:dirt":6,"minecraft:gunpowder":2,"minecraft:diorite":2,"minecraft:andesite":26,"minecraft:wooden_pickaxe":1,"minecraft:netherrack":5,"minecraft:gold_ingot":9},"minecraft:crafted":{"minecraft:cooked_beef":6,"minecraft:oak_planks":76,"minecraft:cooked_porkchop":5,"minecraft:crafting_table":1,"minecraft:wooden_pickaxe":2,"minecraft:cooked_chicken":3,"minecraft:iron_sword":1,"minecraft:furnace":1,"minecraft:cooked_salmon":3,"minecraft:birch_planks":24,"minecraft:stone_axe":1,"minecraft:cooked_mutton":2,"minecraft:bread":12,"minecraft:air":0,"minecraft:shield":1,"minecraft:iron_axe":1,"minecraft:stick":36,"minecraft:iron_ingot":46,"minecraft:iron_pickaxe":3,"minecraft:stone_pickaxe":5,"minecraft:wooden_axe":1,"minecraft:stone_sword":1,"minecraft:iron_leggings":1,"minecraft:gold_ingot":9,"minecraft:torch":32},"minecraft:custom":{"minecraft:interact_with_furnace":35,"minecraft:mob_kills":28,"minecraft:traded_with_villager":2,"minecraft:interact_with_crafting_table":24,"minecraft:bell_ring":2,"minecraft:interact_with_grindstone":1,"minecraft:leave_game":2,"minecraft:time_since_death":132378,"minecraft:sleep_in_bed":2,"minecraft:time_since_rest":4117,"minecraft:sprint_one_cm":177568,"minecraft:damage_taken":5468,"minecraft:walk_one_cm":322167,"minecraft:damage_blocked_by_shield":120,"minecraft:drop":22,"minecraft:damage_dealt":3510,"minecraft:talked_to_villager":8,"minecraft:swim_one_cm":42258,"minecraft:fly_one_cm":305766,"minecraft:open_chest":36,"minecraft:crouch_one_cm":19651,"minecraft:play_time":156072,"minecraft:deaths":4,"minecraft:sneak_time":11058,"minecraft:walk_under_water_one_cm":20013,"minecraft:boat_one_cm":42658,"minecraft:jump":2228,"minecraft:interact_with_blast_furnace":15,"minecraft:walk_on_water_one_cm":22442,"minecraft:interact_with_smoker":11,"minecraft:total_world_time":156072,"minecraft:fall_one_cm":96309},"minecraft:mined":{"minecraft:deepslate_redstone_ore":3,"minecraft:tuff":13,"minecraft:brown_mushroom":6,"minecraft:white_bed":3,"minecraft:smoker":1,"minecraft:powder_snow":32,"minecraft:crafting_table":7,"minecraft:torch":4,"minecraft:granite":15,"minecraft:short_grass":1,"minecraft:blast_furnace":2,"minecraft:grass_block":8,"minecraft:spruce_fence":1,"minecraft:cobblestone":1,"minecraft:deepslate_gold_ore":4,"minecraft:spruce_leaves":4,"minecraft:grindstone":2,"minecraft:sugar_cane":3,"minecraft:diorite":18,"minecraft:wall_torch":3,"minecraft:blue_bed":5,"minecraft:magma_block":5,"minecraft:furnace":9,"minecraft:birch_log":6,"minecraft:iron_ore":46,"minecraft:ice":4,"minecraft:andesite":41,"minecraft:gold_block":1,"minecraft:deepslate_lapis_ore":4,"minecraft:pointed_dripstone":3,"minecraft:coal_ore":134,"minecraft:oak_log":19,"minecraft:gravel":1,"minecraft:dirt":4,"minecraft:stone":278,"minecraft:oak_leaves":5,"minecraft:deepslate":257},"minecraft:broken":{"minecraft:stone_pickaxe":3,"minecraft:iron_pickaxe":1},"minecraft:used":{"minecraft:stone_sword":23,"minecraft:diorite":14,"minecraft:flint_and_steel":1,"minecraft:stone_pickaxe":549,"minecraft:oak_planks":19,"minecraft:shield":2,"minecraft:wooden_pickaxe":51,"minecraft:iron_sword":32,"minecraft:cooked_chicken":3,"minecraft:torch":26,"minecraft:dirt":2,"minecraft:crafting_table":7,"minecraft:blast_furnace":1,"minecraft:white_bed":2,"minecraft:wooden_axe":14,"minecraft:apple":2,"minecraft:bread":14,"minecraft:iron_pickaxe":256,"minecraft:stone_axe":25,"minecraft:cobblestone":158,"minecraft:magma_block":1,"minecraft:furnace":9,"minecraft:grindstone":2,"minecraft:cooked_porkchop":8,"minecraft:cooked_beef":6,"minecraft:cobbled_deepslate":94},"minecraft:killed":{"minecraft:pig":2,"minecraft:salmon":5,"minecraft:spider":1,"minecraft:creeper":1,"minecraft:skeleton":1,"minecraft:zombie":10,"minecraft:chicken":3,"minecraft:stray":1,"minecraft:cow":2},"minecraft:picked_up":{"minecraft:birch_log":6,"minecraft:magma_block":5,"minecraft:crafting_table":7,"minecraft:feather":1,"minecraft:chicken":3,"minecraft:andesite":39,"minecraft:salmon":3,"minecraft:leather":2,"minecraft:brown_mushroom":8,"minecraft:smoker":1,"minecraft:gold_block":1,"minecraft:tuff":18,"minecraft:oak_log":19,"minecraft:gunpowder":2,"minecraft:dirt":14,"minecraft:lapis_lazuli":18,"minecraft:blue_bed":5,"minecraft:cooked_mutton":1,"minecraft:bone":2,"minecraft:apple":2,"minecraft:cobbled_deepslate":161,"minecraft:raw_gold":4,"minecraft:grindstone":2,"minecraft:beef":6,"minecraft:sugar_cane":3,"minecraft:furnace":8,"minecraft:tipped_arrow":1,"minecraft:stick":5,"minecraft:raw_iron":46,"minecraft:torch":7,"minecraft:spruce_fence":1,"minecraft:gravel":1,"minecraft:porkchop":5,"minecraft:pointed_dripstone":14,"minecraft:blast_furnace":2,"minecraft:diorite":16,"minecraft:white_bed":4,"minecraft:rotten_flesh":8,"minecraft:granite":16,"minecraft:oak_sapling":4,"minecraft:netherrack":10,"minecraft:mutton":2,"minecraft:coal":219,"minecraft:white_wool":2,"minecraft:cobblestone":278}},"DataVersion":3955}