{"stats":{"minecraft:used":{"minecraft:stone_sword":30,"minecraft:flint_and_steel":1,"minecraft:poppy":1,"minecraft:shield":2,"minecraft:iron_sword":92,"minecraft:cooked_chicken":6,"minecraft:cooked_salmon":4,"minecraft:netherrack":99,"minecraft:iron_chestplate":1,"minecraft:torch":34,"minecraft:dirt":11,"minecraft:warped_wart_block":3,"minecraft:nether_bricks":4,"minecraft:carrot":10,"minecraft:snowball":21,"minecraft:spruce_boat":1,"minecraft:wooden_axe":14,"minecraft:warped_nylium":3,"minecraft:iron_helmet":2,"minecraft:iron_boots":2,"minecraft:magma_block":1,"minecraft:beef":2,"minecraft:sweet_berries":9,"minecraft:ominous_bottle":1,"minecraft:furnace":11,"minecraft:cooked_beef":6,"minecraft:potato":12,"minecraft:cobbled_deepslate":97,"minecraft:iron_leggings":2,"minecraft:golden_boots":1,"minecraft:cooked_mutton":16,"minecraft:warped_stem":1,"minecraft:diorite":14,"minecraft:birch_planks":24,"minecraft:stone_pickaxe":571,"minecraft:oak_planks":39,"minecraft:ender_pearl":2,"minecraft:wooden_pickaxe":51,"minecraft:salmon":2,"minecraft:crafting_table":7,"minecraft:blast_furnace":1,"minecraft:dripstone_block":2,"minecraft:white_bed":3,"minecraft:apple":2,"minecraft:bread":34,"minecraft:iron_pickaxe":461,"minecraft:golden_leggings":1,"minecraft:stone_axe":31,"minecraft:diamond_sword":54,"minecraft:cobblestone":185,"minecraft:grindstone":2,"minecraft:cooked_porkchop":8,"minecraft:andesite":4},"minecraft:crafted":{"minecraft:oak_planks":76,"minecraft:coal":9,"minecraft:cooked_chicken":3,"minecraft:furnace":1,"minecraft:cooked_mutton":2,"minecraft:iron_boots":1,"minecraft:iron_axe":1,"minecraft:stone_pickaxe":5,"minecraft:cooked_beef":6,"minecraft:diamond_sword":1,"minecraft:cooked_porkchop":5,"minecraft:crafting_table":1,"minecraft:spruce_planks":12,"minecraft:iron_helmet":1,"minecraft:wooden_pickaxe":2,"minecraft:iron_sword":2,"minecraft:cooked_salmon":3,"minecraft:birch_planks":24,"minecraft:stone_axe":1,"minecraft:bread":12,"minecraft:air":0,"minecraft:iron_chestplate":1,"minecraft:shield":2,"minecraft:stick":52,"minecraft:iron_ingot":54,"minecraft:iron_pickaxe":7,"minecraft:wooden_axe":1,"minecraft:stone_sword":1,"minecraft:iron_leggings":2,"minecraft:gold_ingot":9,"minecraft:torch":32},"minecraft:dropped":{"minecraft:bread":61,"minecraft:golden_boots":1,"minecraft:iron_ingot":3,"minecraft:iron_sword":1,"minecraft:crafting_table":1,"minecraft:dripstone_block":2,"minecraft:iron_helmet":1,"minecraft:cobblestone":3,"minecraft:leather":2,"minecraft:coal":2,"minecraft:stick":5,"minecraft:dirt":6,"minecraft:diorite":2,"minecraft:rabbit":1,"minecraft:snowball":4,"minecraft:iron_leggings":1,"minecraft:iron_pickaxe":2,"minecraft:glistering_melon_slice":10,"minecraft:string":1,"minecraft:blue_bed":2,"minecraft:gold_ingot":9,"minecraft:bone":1,"minecraft:cobbled_deepslate":4,"minecraft:raw_copper":5,"minecraft:tuff":12,"minecraft:pointed_dripstone":15,"minecraft:rotten_flesh":5,"minecraft:iron_boots":1,"minecraft:cooked_mutton":1,"minecraft:spruce_fence":1,"minecraft:white_bed":1,"minecraft:carrot":1,"minecraft:poppy":2,"minecraft:shroomlight":1,"minecraft:gunpowder":2,"minecraft:spruce_planks":60,"minecraft:iron_chestplate":1,"minecraft:andesite":26,"minecraft:golden_leggings":1,"minecraft:wooden_pickaxe":1,"minecraft:netherrack":26},"minecraft:killed_by":{"minecraft:zombified_piglin":1,"minecraft:creeper":1,"minecraft:zombie":4},"minecraft:killed":{"minecraft:cave_spider":2,"minecraft:spider":1,"minecraft:skeleton":1,"minecraft:chicken":3,"minecraft:pig":2,"minecraft:salmon":7,"minecraft:creeper":2,"minecraft:polar_bear":1,"minecraft:sheep":4,"minecraft:pillager":5,"minecraft:zombie":13,"minecraft:stray":1,"minecraft:villager":1,"minecraft:enderman":2,"minecraft:blaze":3,"minecraft:cow":3},"minecraft:custom":{"minecraft:mob_kills":53,"minecraft:interact_with_crafting_table":38,"minecraft:bell_ring":2,"minecraft:leave_game":16,"minecraft:time_since_death":60941,"minecraft:sprint_one_cm":396538,"minecraft:walk_one_cm":658349,"minecraft:damage_blocked_by_shield":120,"minecraft:drop":84,"minecraft:talked_to_villager":12,"minecraft:play_time":300391,"minecraft:deaths":14,"minecraft:sneak_time":16549,"minecraft:walk_under_water_one_cm":44727,"minecraft:boat_one_cm":143833,"minecraft:jump":4940,"minecraft:interact_with_blast_furnace":25,"minecraft:walk_on_water_one_cm":48675,"minecraft:total_world_time":300391,"minecraft:interact_with_furnace":37,"minecraft:traded_with_villager":2,"minecraft:interact_with_grindstone":1,"minecraft:sleep_in_bed":5,"minecraft:time_since_rest":50529,"minecraft:damage_taken":11251,"minecraft:damage_dealt":9383,"minecraft:swim_one_cm":112314,"minecraft:fly_one_cm":856586,"minecraft:open_chest":80,"minecraft:crouch_one_cm":38028,"minecraft:interact_with_smoker":11,"minecraft:fall_one_cm":175288},"minecraft:mined":{"minecraft:tuff":14,"minecraft:white_bed":6,"minecraft:deepslate_diamond_ore":9,"minecraft:dark_oak_fence":6,"minecraft:granite":15,"minecraft:nether_bricks":4,"minecraft:spruce_fence":1,"minecraft:grass_block":12,"minecraft:spruce_leaves":4,"minecraft:spawner":1,"minecraft:large_fern":1,"minecraft:magma_block":5,"minecraft:furnace":11,"minecraft:carrots":1,"minecraft:iron_ore":46,"minecraft:fire":8,"minecraft:andesite":45,"minecraft:deepslate_lapis_ore":4,"minecraft:gold_block":1,"minecraft:pointed_dripstone":3,"minecraft:potatoes":4,"minecraft:deepslate_iron_ore":3,"minecraft:shroomlight":2,"minecraft:packed_ice":16,"minecraft:stone":294,"minecraft:deepslate_redstone_ore":3,"minecraft:brown_mushroom":6,"minecraft:smoker":1,"minecraft:powder_snow":32,"minecraft:crafting_table":9,"minecraft:torch":5,"minecraft:short_grass":2,"minecraft:blast_furnace":2,"minecraft:poppy":2,"minecraft:cobblestone":1,"minecraft:copper_ore":1,"minecraft:deepslate_gold_ore":10,"minecraft:grindstone":2,"minecraft:sugar_cane":3,"minecraft:oak_planks":4,"minecraft:diorite":18,"minecraft:wall_torch":4,"minecraft:blue_bed":7,"minecraft:warped_wart_block":3,"minecraft:warped_nylium":5,"minecraft:birch_log":6,"minecraft:sweet_berry_bush":6,"minecraft:ice":5,"minecraft:oak_log":19,"minecraft:coal_ore":134,"minecraft:gravel":1,"minecraft:dripstone_block":3,"minecraft:dirt":9,"minecraft:cobweb":13,"minecraft:netherrack":140,"minecraft:deepslate":262,"minecraft:oak_leaves":5},"minecraft:picked_up":{"minecraft:crafting_table":10,"minecraft:iron_chestplate":3,"minecraft:ominous_bottle":2,"minecraft:chicken":3,"minecraft:brown_mushroom":8,"minecraft:gold_block":1,"minecraft:shield":1,"minecraft:string":1,"minecraft:raw_copper":5,"minecraft:iron_axe":1,"minecraft:flint_and_steel":1,"minecraft:iron_leggings":4,"minecraft:shroomlight":1,"minecraft:cobbled_deepslate":165,"minecraft:bucket":1,"minecraft:beef":8,"minecraft:poppy":4,"minecraft:iron_pickaxe":4,"minecraft:sugar_cane":5,"minecraft:iron_boots":3,"minecraft:furnace":10,"minecraft:tipped_arrow":1,"minecraft:stick":13,"minecraft:raw_iron":48,"minecraft:torch":23,"minecraft:spruce_fence":1,"minecraft:porkchop":5,"minecraft:pointed_dripstone":15,"minecraft:diorite":16,"minecraft:carrot":4,"minecraft:rotten_flesh":9,"minecraft:nether_bricks":4,"minecraft:mutton":8,"minecraft:snowball":46,"minecraft:white_wool":41,"minecraft:cobblestone":294,"minecraft:birch_log":6,"minecraft:magma_block":5,"minecraft:feather":1,"minecraft:cooked_beef":7,"minecraft:andesite":43,"minecraft:salmon":5,"minecraft:leather":4,"minecraft:smoker":1,"minecraft:red_mushroom":2,"minecraft:potato":12,"minecraft:tuff":18,"minecraft:oak_log":19,"minecraft:gunpowder":2,"minecraft:lapis_lazuli":18,"minecraft:dirt":23,"minecraft:blue_bed":13,"minecraft:white_banner":2,"minecraft:cooked_mutton":18,"minecraft:bone":3,"minecraft:apple":2,"minecraft:warped_stem":1,"minecraft:raw_gold":20,"minecraft:grindstone":2,"minecraft:iron_ingot":37,"minecraft:stone_pickaxe":1,"minecraft:cooked_chicken":5,"minecraft:rabbit":1,"minecraft:diamond_helmet":1,"minecraft:oak_planks":4,"minecraft:iron_sword":2,"minecraft:warped_fungus":2,"minecraft:sweet_berries":26,"minecraft:warped_wart_block":6,"minecraft:dripstone_block":4,"minecraft:gravel":1,"minecraft:blast_furnace":2,"minecraft:white_bed":9,"minecraft:spruce_log":3,"minecraft:purple_bed":3,"minecraft:diamond":9,"minecraft:spruce_boat":1,"minecraft:stone_axe":1,"minecraft:iron_helmet":3,"minecraft:granite":16,"minecraft:golden_apple":2,"minecraft:gray_wool":1,"minecraft:bread":39,"minecraft:black_wool":1,"minecraft:warped_roots":7,"minecraft:netherrack":155,"minecraft:dark_oak_fence":6,"minecraft:coal":283,"minecraft:oak_sapling":4,"minecraft:warped_nylium":5,"minecraft:crimson_roots":2,"minecraft:ender_pearl":2},"minecraft:broken":{"minecraft:stone_pickaxe":3,"minecraft:iron_pickaxe":1}},"DataVersion":3955}