{"stats":{"minecraft:mined":{"minecraft:birch_log":4,"minecraft:birch_leaves":9,"minecraft:short_grass":14,"minecraft:grass_block":4,"minecraft:vine":1,"minecraft:sand":24,"minecraft:dirt":1,"minecraft:sugar_cane":7,"minecraft:oak_leaves":3,"minecraft:fern":5},"minecraft:killed_by":{"minecraft:player":1,"minecraft:drowned":2,"minecraft:skeleton":1,"minecraft:creeper":1,"minecraft:zombie":1,"minecraft:enderman":1},"minecraft:picked_up":{"minecraft:birch_log":4,"minecraft:crafting_table":1,"minecraft:stick":2,"minecraft:feather":7,"minecraft:chicken":3,"minecraft:sand":100,"minecraft:string":4,"minecraft:dirt":18,"minecraft:rotten_flesh":6,"minecraft:arrow":6,"minecraft:bone":2,"minecraft:wheat_seeds":5,"minecraft:sugar_cane":8,"minecraft:birch_sapling":1,"minecraft:egg":1},"minecraft:killed":{"minecraft:skeleton":2,"minecraft:chicken":3},"minecraft:crafted":{"minecraft:crafting_table":1,"minecraft:birch_planks":8},"minecraft:used":{"minecraft:birch_planks":4,"minecraft:chicken":1,"minecraft:sugar_cane":6,"minecraft:rotten_flesh":1,"minecraft:dirt":1,"minecraft:sand":19,"minecraft:birch_log":1,"minecraft:egg":1},"minecraft:custom":{"minecraft:time_since_rest":1271,"minecraft:sprint_one_cm":30903,"minecraft:damage_taken":3271,"minecraft:walk_one_cm":71139,"minecraft:mob_kills":6,"minecraft:damage_dealt":739,"minecraft:swim_one_cm":10915,"minecraft:fly_one_cm":61672,"minecraft:crouch_one_cm":8,"minecraft:play_time":36729,"minecraft:deaths":10,"minecraft:sneak_time":8,"minecraft:walk_under_water_one_cm":1224,"minecraft:jump":436,"minecraft:leave_game":9,"minecraft:time_since_death":1242,"minecraft:walk_on_water_one_cm":5424,"minecraft:total_world_time":36729,"minecraft:fall_one_cm":22739}},"DataVersion":3700}