{"stats":{"minecraft:custom":{"minecraft:mob_kills":46,"minecraft:interact_with_crafting_table":45,"minecraft:leave_game":2,"minecraft:time_since_death":142821,"minecraft:sprint_one_cm":306923,"minecraft:walk_one_cm":412299,"minecraft:damage_blocked_by_shield":1273,"minecraft:drop":47,"minecraft:play_time":175649,"minecraft:deaths":3,"minecraft:sneak_time":17416,"minecraft:walk_under_water_one_cm":54764,"minecraft:boat_one_cm":68690,"minecraft:jump":2859,"minecraft:interact_with_blast_furnace":4,"minecraft:walk_on_water_one_cm":56680,"minecraft:total_world_time":175649,"minecraft:interact_with_furnace":92,"minecraft:interact_with_grindstone":1,"minecraft:time_since_rest":142849,"minecraft:damage_taken":1360,"minecraft:damage_dealt":5563,"minecraft:fly_one_cm":351358,"minecraft:swim_one_cm":131080,"minecraft:open_chest":163,"minecraft:crouch_one_cm":36705,"minecraft:interact_with_smoker":9,"minecraft:fall_one_cm":62195},"minecraft:broken":{"minecraft:iron_shovel":1,"minecraft:stone_pickaxe":2},"minecraft:crafted":{"minecraft:oak_planks":92,"minecraft:stone_shovel":1,"minecraft:furnace":2,"minecraft:cooked_mutton":2,"minecraft:diamond_helmet":2,"minecraft:iron_boots":1,"minecraft:iron_axe":1,"minecraft:stone_pickaxe":3,"minecraft:chest":13,"minecraft:smoker":1,"minecraft:diamond_sword":1,"minecraft:crafting_table":1,"minecraft:spruce_planks":80,"minecraft:iron_helmet":1,"minecraft:wooden_pickaxe":1,"minecraft:iron_sword":1,"minecraft:cooked_salmon":15,"minecraft:bucket":1,"minecraft:stone_axe":1,"minecraft:air":0,"minecraft:oak_boat":2,"minecraft:iron_chestplate":2,"minecraft:diamond_pickaxe":1,"minecraft:shield":2,"minecraft:stick":32,"minecraft:iron_ingot":109,"minecraft:iron_pickaxe":2,"minecraft:stone_sword":1,"minecraft:snow_block":63,"minecraft:iron_leggings":2,"minecraft:iron_shovel":2,"minecraft:gold_ingot":3,"minecraft:torch":12},"minecraft:killed_by":{"minecraft:zombie":1},"minecraft:picked_up":{"minecraft:crafting_table":16,"minecraft:iron_chestplate":1,"minecraft:chicken":3,"minecraft:wooden_pickaxe":1,"minecraft:shield":3,"minecraft:string":2,"minecraft:raw_copper":4,"minecraft:cooked_salmon":15,"minecraft:iron_leggings":1,"minecraft:cobbled_deepslate":46,"minecraft:spruce_planks":4,"minecraft:beef":7,"minecraft:oak_boat":1,"minecraft:iron_pickaxe":2,"minecraft:sugar_cane":12,"minecraft:chest":7,"minecraft:furnace":10,"minecraft:tipped_arrow":1,"minecraft:stick":7,"minecraft:raw_iron":88,"minecraft:torch":24,"minecraft:porkchop":5,"minecraft:pointed_dripstone":3,"minecraft:diorite":59,"minecraft:rotten_flesh":14,"minecraft:stone_sword":1,"minecraft:arrow":7,"minecraft:stone_shovel":1,"minecraft:mutton":3,"minecraft:obsidian":20,"minecraft:snowball":264,"minecraft:white_wool":40,"minecraft:cobblestone":278,"minecraft:feather":3,"minecraft:andesite":20,"minecraft:glow_ink_sac":6,"minecraft:water_bucket":1,"minecraft:salmon":17,"minecraft:leather":3,"minecraft:smoker":5,"minecraft:tuff":4,"minecraft:oak_log":27,"minecraft:lapis_lazuli":64,"minecraft:blue_bed":3,"minecraft:dirt":72,"minecraft:cooked_mutton":2,"minecraft:bone":7,"minecraft:wheat_seeds":3,"minecraft:raw_gold":2,"minecraft:iron_ingot":6,"minecraft:grindstone":2,"minecraft:stone_pickaxe":3,"minecraft:rabbit":1,"minecraft:iron_sword":1,"minecraft:oak_planks":46,"minecraft:cooked_porkchop":7,"minecraft:dripstone_block":3,"minecraft:gravel":1,"minecraft:white_bed":2,"minecraft:spruce_log":25,"minecraft:crying_obsidian":1,"minecraft:spider_eye":1,"minecraft:diamond":17,"minecraft:stone_axe":1,"minecraft:granite":47,"minecraft:golden_apple":2,"minecraft:bread":46,"minecraft:oak_sapling":4,"minecraft:netherrack":6,"minecraft:coal":109,"minecraft:ender_pearl":1},"minecraft:killed":{"minecraft:spider":1,"minecraft:skeleton":7,"minecraft:chicken":3,"minecraft:pig":2,"minecraft:salmon":17,"minecraft:rabbit":1,"minecraft:sheep":2,"minecraft:zombie":8,"minecraft:stray":1,"minecraft:enderman":1,"minecraft:cow":3},"minecraft:dropped":{"minecraft:bread":39,"minecraft:wheat_seeds":2,"minecraft:diamond":5,"minecraft:granite":1,"minecraft:coal":12,"minecraft:stick":5,"minecraft:dirt":3,"minecraft:torch":1,"minecraft:rabbit":1,"minecraft:snowball":8,"minecraft:diamond_helmet":1,"minecraft:iron_leggings":1,"minecraft:iron_pickaxe":1,"minecraft:string":1,"minecraft:white_wool":37,"minecraft:blue_bed":2,"minecraft:gold_ingot":3,"minecraft:bone":1,"minecraft:sugar_cane":2,"minecraft:pointed_dripstone":1,"minecraft:raw_iron":2,"minecraft:rotten_flesh":5,"minecraft:white_bed":2,"minecraft:shield":1,"minecraft:spruce_planks":4,"minecraft:iron_chestplate":1,"minecraft:andesite":8,"minecraft:oak_sapling":2,"minecraft:spruce_log":6,"minecraft:stone_pickaxe":1,"minecraft:netherrack":1},"minecraft:used":{"minecraft:stone_sword":8,"minecraft:iron_shovel":251,"minecraft:stone_shovel":55,"minecraft:chest":18,"minecraft:shield":28,"minecraft:iron_sword":88,"minecraft:cooked_salmon":8,"minecraft:torch":19,"minecraft:dirt":36,"minecraft:mutton":1,"minecraft:tuff":4,"minecraft:snowball":1,"minecraft:obsidian":8,"minecraft:iron_axe":17,"minecraft:furnace":10,"minecraft:cooked_beef":8,"minecraft:cobbled_deepslate":45,"minecraft:water_bucket":67,"minecraft:diorite":24,"minecraft:snow_block":1,"minecraft:stone_pickaxe":331,"minecraft:oak_planks":1,"minecraft:wooden_pickaxe":13,"minecraft:blue_bed":1,"minecraft:crafting_table":17,"minecraft:dripstone_block":2,"minecraft:smoker":4,"minecraft:diamond_pickaxe":35,"minecraft:bread":9,"minecraft:iron_pickaxe":250,"minecraft:gravel":1,"minecraft:stone_axe":86,"minecraft:cobblestone":118,"minecraft:grindstone":2,"minecraft:bucket":68,"minecraft:andesite":2,"minecraft:oak_boat":2},"minecraft:mined":{"minecraft:crying_obsidian":1,"minecraft:tuff":4,"minecraft:deepslate_diamond_ore":8,"minecraft:obsidian":20,"minecraft:granite":46,"minecraft:grass_block":22,"minecraft:spruce_leaves":10,"minecraft:tall_seagrass":1,"minecraft:magma_block":1,"minecraft:furnace":8,"minecraft:iron_ore":62,"minecraft:cobbled_deepslate":2,"minecraft:snow":257,"minecraft:andesite":18,"minecraft:deepslate_lapis_ore":10,"minecraft:pointed_dripstone":1,"minecraft:deepslate_iron_ore":20,"minecraft:packed_ice":1,"minecraft:stone":194,"minecraft:smoker":4,"minecraft:snow_block":1,"minecraft:crafting_table":15,"minecraft:torch":3,"minecraft:short_grass":3,"minecraft:chest":5,"minecraft:cobblestone":51,"minecraft:copper_ore":1,"minecraft:deepslate_gold_ore":2,"minecraft:sugar_cane":4,"minecraft:grindstone":2,"minecraft:oak_planks":1,"minecraft:diorite":50,"minecraft:blue_bed":1,"minecraft:wall_torch":9,"minecraft:spruce_log":25,"minecraft:oak_log":33,"minecraft:coal_ore":58,"minecraft:gravel":1,"minecraft:dripstone_block":5,"minecraft:dirt":34,"minecraft:cobweb":1,"minecraft:netherrack":13,"minecraft:oak_leaves":8,"minecraft:deepslate":35}},"DataVersion":3955}