{"stats":{"minecraft:crafted":{"minecraft:grindstone":3,"minecraft:oak_planks":508,"minecraft:oak_sign":66,"minecraft:cooked_chicken":1,"minecraft:stone":58,"minecraft:diamond_shovel":1,"minecraft:bookshelf":14,"minecraft:cooked_mutton":10,"minecraft:warped_planks":20,"minecraft:hopper":6,"minecraft:diamond_helmet":2,"minecraft:bow":6,"minecraft:diamond_leggings":2,"minecraft:iron_boots":2,"minecraft:chest":30,"minecraft:oak_fence":3,"minecraft:golden_boots":1,"minecraft:smoker":1,"minecraft:emerald":62,"minecraft:cooked_porkchop":4,"minecraft:diamond_axe":1,"minecraft:crafting_table":11,"minecraft:spruce_planks":48,"minecraft:acacia_slab":372,"minecraft:iron_helmet":2,"minecraft:baked_potato":247,"minecraft:copper_ingot":3,"minecraft:hay_block":2,"minecraft:dispenser":1,"minecraft:tnt":39,"minecraft:iron_chestplate":3,"minecraft:book":14,"minecraft:paper":243,"minecraft:diamond_pickaxe":1,"minecraft:shield":3,"minecraft:stick":1488,"minecraft:stone_slab":6,"minecraft:iron_ingot":9,"minecraft:iron_pickaxe":16,"minecraft:andesite_stairs":8,"minecraft:stone_sword":2,"minecraft:gold_ingot":12,"minecraft:polished_blackstone_brick_stairs":40,"minecraft:polished_blackstone_bricks":1,"minecraft:wooden_sword":1,"minecraft:cobbled_deepslate_slab":6,"minecraft:oak_door":3,"minecraft:spyglass":1,"minecraft:furnace":5,"minecraft:bone_meal":498,"minecraft:oak_trapdoor":4,"minecraft:polished_deepslate":4,"minecraft:iron_axe":4,"minecraft:iron_hoe":1,"minecraft:stone_pickaxe":1,"minecraft:diamond_boots":2,"minecraft:cobbled_deepslate_stairs":8,"minecraft:dark_oak_planks":272,"minecraft:golden_helmet":2,"minecraft:minecart":1,"minecraft:cooked_beef":4,"minecraft:crossbow":1,"minecraft:crimson_planks":48,"minecraft:diamond_sword":2,"minecraft:polished_blackstone_brick_slab":30,"minecraft:spruce_sign":3,"minecraft:enchanting_table":1,"minecraft:iron_sword":5,"minecraft:cooked_salmon":6,"minecraft:bucket":3,"minecraft:acacia_stairs":272,"minecraft:stone_axe":1,"minecraft:enchanted_book":8,"minecraft:air":0,"minecraft:polished_blackstone_brick_wall":31,"minecraft:wooden_axe":2,"minecraft:iron_shovel":6,"minecraft:iron_leggings":3,"minecraft:stonecutter":1,"minecraft:white_bed":2,"minecraft:acacia_planks":1416,"minecraft:torch":44,"minecraft:diamond_chestplate":2},"minecraft:custom":{"minecraft:interact_with_crafting_table":199,"minecraft:open_barrel":32,"minecraft:leave_game":16,"minecraft:time_since_death":97559,"minecraft:sprint_one_cm":2378486,"minecraft:damage_blocked_by_shield":3879,"minecraft:drop":142,"minecraft:talked_to_villager":202,"minecraft:play_time":1305850,"minecraft:deaths":2,"minecraft:jump":14069,"minecraft:walk_on_water_one_cm":204873,"minecraft:enchant_item":12,"minecraft:interact_with_furnace":122,"minecraft:traded_with_villager":77,"minecraft:sleep_in_bed":26,"minecraft:open_enderchest":1,"minecraft:damage_dealt":47211,"minecraft:player_kills":5,"minecraft:crouch_one_cm":381646,"minecraft:interact_with_smoker":56,"minecraft:use_cauldron":1,"minecraft:horse_one_cm":2670350,"minecraft:interact_with_smithing_table":1,"minecraft:interact_with_anvil":18,"minecraft:mob_kills":316,"minecraft:inspect_hopper":70,"minecraft:fill_cauldron":2,"minecraft:climb_one_cm":13452,"minecraft:walk_one_cm":3826176,"minecraft:sneak_time":99864,"minecraft:walk_under_water_one_cm":445866,"minecraft:boat_one_cm":9117,"minecraft:interact_with_blast_furnace":15,"minecraft:total_world_time":1305850,"minecraft:interact_with_grindstone":1,"minecraft:interact_with_stonecutter":26,"minecraft:time_since_rest":13295,"minecraft:damage_taken":9378,"minecraft:minecart_one_cm":333,"minecraft:swim_one_cm":271974,"minecraft:fly_one_cm":2663426,"minecraft:open_chest":1422,"minecraft:fall_one_cm":268087},"minecraft:mined":{"minecraft:white_bed":5,"minecraft:farmland":18,"minecraft:cobbled_deepslate_stairs":1,"minecraft:cobblestone_stairs":4,"minecraft:obsidian":4,"minecraft:spruce_trapdoor":1,"minecraft:granite":3,"minecraft:acacia_log":616,"minecraft:grass_block":1383,"minecraft:yellow_carpet":3,"minecraft:hopper":9,"minecraft:crimson_fungus":1,"minecraft:oak_wall_sign":12,"minecraft:weeping_vines_plant":1,"minecraft:magma_block":2,"minecraft:iron_ore":27,"minecraft:cobbled_deepslate":174,"minecraft:fire":26,"minecraft:deepslate_lapis_ore":2,"minecraft:enchanting_table":2,"minecraft:potted_dandelion":1,"minecraft:dirt_path":131,"minecraft:oak_stairs":153,"minecraft:deepslate_redstone_ore":47,"minecraft:blackstone":897,"minecraft:kelp_plant":12,"minecraft:smoker":1,"minecraft:crimson_nylium":1,"minecraft:torch":19,"minecraft:blast_furnace":1,"minecraft:chest":20,"minecraft:mushroom_stem":4,"minecraft:spruce_wall_sign":3,"minecraft:polished_diorite_slab":27,"minecraft:nether_quartz_ore":139,"minecraft:cobblestone":212,"minecraft:oak_planks":63,"minecraft:sugar_cane":153,"minecraft:grindstone":7,"minecraft:wall_torch":38,"minecraft:seagrass":1,"minecraft:white_terracotta":3,"minecraft:warped_nylium":4,"minecraft:acacia_sapling":9,"minecraft:yellow_wool":1,"minecraft:birch_log":35,"minecraft:wheat":182,"minecraft:tnt":2,"minecraft:warped_fungus":2,"minecraft:oak_log":265,"minecraft:beetroots":1,"minecraft:sand":274,"minecraft:dirt":951,"minecraft:crimson_planks":1,"minecraft:red_mushroom_block":45,"minecraft:stonecutter":2,"minecraft:netherrack":1976,"minecraft:oak_leaves":30,"minecraft:deepslate":1649,"minecraft:nether_gold_ore":39,"minecraft:tuff":62,"minecraft:mossy_cobblestone":55,"minecraft:dark_oak_leaves":2,"minecraft:deepslate_diamond_ore":17,"minecraft:oak_door":11,"minecraft:dark_oak_log":75,"minecraft:glow_lichen":1,"minecraft:cobbled_deepslate_slab":1,"minecraft:spruce_leaves":5,"minecraft:crimson_stem":12,"minecraft:hay_block":48,"minecraft:furnace":3,"minecraft:carrots":201,"minecraft:andesite":244,"minecraft:polished_deepslate":1,"minecraft:bookshelf":21,"minecraft:potatoes":426,"minecraft:deepslate_iron_ore":7,"minecraft:rail":18,"minecraft:warped_stem":5,"minecraft:stripped_acacia_log":249,"minecraft:stripped_oak_log":6,"minecraft:bamboo_sapling":2,"minecraft:bamboo":225,"minecraft:stone":1792,"minecraft:white_wool":1,"minecraft:oak_slab":4,"minecraft:acacia_leaves":58,"minecraft:glass_pane":10,"minecraft:basalt":87,"minecraft:spruce_door":1,"minecraft:oak_fence":14,"minecraft:crafting_table":10,"minecraft:short_grass":227,"minecraft:copper_ore":23,"minecraft:tall_grass":40,"minecraft:lapis_ore":8,"minecraft:deepslate_gold_ore":37,"minecraft:diorite":52,"minecraft:redstone_torch":2,"minecraft:spruce_log":13,"minecraft:coal_ore":267,"minecraft:gravel":84,"minecraft:cracked_stone_bricks":1},"minecraft:dropped":{"minecraft:dark_oak_stairs":4,"minecraft:cooked_beef":1,"minecraft:diamond":2,"minecraft:rail":1,"minecraft:red_mushroom":16,"minecraft:cobblestone_stairs":7,"minecraft:emerald":71,"minecraft:dirt":52,"minecraft:dispenser":1,"minecraft:bone_meal":131,"minecraft:sand":24,"minecraft:iron_pickaxe":1,"minecraft:bone":5,"minecraft:gravel":73,"minecraft:sugar_cane":2,"minecraft:wheat":7,"minecraft:beetroot":2,"minecraft:rotten_flesh":14,"minecraft:grindstone":1,"minecraft:oak_planks":72,"minecraft:diamond_shovel":2,"minecraft:cooked_mutton":1,"minecraft:carrot":192,"minecraft:gunpowder":2,"minecraft:acacia_sapling":17,"minecraft:netherrack":320,"minecraft:egg":7,"minecraft:crimson_planks":24,"minecraft:water_bucket":4,"minecraft:iron_ingot":232,"minecraft:wheat_seeds":25,"minecraft:mossy_cobblestone":2,"minecraft:poisonous_potato":3,"minecraft:iron_helmet":1,"minecraft:cobblestone":2,"minecraft:lead":2,"minecraft:coal":66,"minecraft:yellow_carpet":6,"minecraft:stick":33,"minecraft:diorite":22,"minecraft:torch":10,"minecraft:iron_leggings":1,"minecraft:iron_shovel":1,"minecraft:string":7,"minecraft:bucket":1,"minecraft:acacia_planks":2,"minecraft:dandelion":3,"minecraft:kelp":106,"minecraft:stone_sword":1,"minecraft:raw_copper":45,"minecraft:tuff":15,"minecraft:iron_hoe":1,"minecraft:white_terracotta":28,"minecraft:filled_map":1,"minecraft:diamond_sword":1,"minecraft:hay_block":47,"minecraft:oak_boat":2,"minecraft:oak_sapling":11,"minecraft:spider_eye":5},"minecraft:killed":{"minecraft:spider":201,"minecraft:skeleton":18,"minecraft:chicken":1,"minecraft:magma_cube":9,"minecraft:piglin":4,"minecraft:pig":2,"minecraft:zombie_villager":2,"minecraft:creeper":15,"minecraft:sheep":10,"minecraft:zombie":27,"minecraft:cow":19,"minecraft:hoglin":3,"minecraft:player":5,"minecraft:enderman":1},"minecraft:picked_up":{"minecraft:wheat":155,"minecraft:flower_pot":1,"minecraft:yellow_wool":1,"minecraft:lead":34,"minecraft:diamond_sword":3,"minecraft:oak_stairs":201,"minecraft:crimson_planks":25,"minecraft:polished_deepslate":1,"minecraft:string":32,"minecraft:raw_copper":111,"minecraft:iron_leggings":1,"minecraft:oak_sign":18,"minecraft:beetroot":2,"minecraft:diamond_leggings":1,"minecraft:gold_nugget":148,"minecraft:cobbled_deepslate":2121,"minecraft:bucket":1,"minecraft:redstone_torch":2,"minecraft:iron_pickaxe":4,"minecraft:furnace":4,"minecraft:stick":106,"minecraft:oak_fence":13,"minecraft:torch":306,"minecraft:acacia_log":871,"minecraft:porkchop":7,"minecraft:diorite":30,"minecraft:stone_sword":2,"minecraft:rotten_flesh":40,"minecraft:white_terracotta":28,"minecraft:obsidian":4,"minecraft:cobblestone":2428,"minecraft:birch_log":35,"minecraft:enchanting_table":2,"minecraft:magma_block":2,"minecraft:polished_diorite_slab":25,"minecraft:magma_cream":2,"minecraft:water_bucket":5,"minecraft:andesite":266,"minecraft:smoker":1,"minecraft:potato":1585,"minecraft:flint":3,"minecraft:tuff":60,"minecraft:lapis_lazuli":95,"minecraft:dirt":2396,"minecraft:bone":29,"minecraft:acacia_planks":2,"minecraft:stonecutter":2,"minecraft:bow":4,"minecraft:wheat_seeds":497,"minecraft:raw_gold":39,"minecraft:cobbled_deepslate_slab":2,"minecraft:grindstone":8,"minecraft:diamond_helmet":1,"minecraft:bamboo":3006,"minecraft:oak_planks":198,"minecraft:cooked_porkchop":1,"minecraft:poisonous_potato":12,"minecraft:sand":297,"minecraft:dark_oak_log":75,"minecraft:mossy_cobblestone":117,"minecraft:iron_hoe":1,"minecraft:stripped_acacia_log":243,"minecraft:yellow_carpet":9,"minecraft:diamond":68,"minecraft:granite":12,"minecraft:bone_meal":136,"minecraft:emerald":121,"minecraft:golden_horse_armor":1,"minecraft:spruce_sign":3,"minecraft:bread":6,"minecraft:oak_sapling":15,"minecraft:netherrack":1451,"minecraft:diamond_pickaxe":3,"minecraft:crafting_table":9,"minecraft:chicken":1,"minecraft:diamond_horse_armor":1,"minecraft:shield":1,"minecraft:iron_shovel":2,"minecraft:blackstone":872,"minecraft:cracked_stone_bricks":1,"minecraft:beef":33,"minecraft:oak_boat":7,"minecraft:poppy":1,"minecraft:minecart":2,"minecraft:sugar_cane":303,"minecraft:chest":17,"minecraft:birch_sapling":6,"minecraft:spruce_trapdoor":1,"minecraft:egg":14,"minecraft:dark_oak_sapling":5,"minecraft:raw_iron":54,"minecraft:stone":102,"minecraft:oak_door":13,"minecraft:carrot":852,"minecraft:redstone":254,"minecraft:tnt":4,"minecraft:weeping_vines":3,"minecraft:arrow":90,"minecraft:diamond_chestplate":1,"minecraft:diamond_boots":1,"minecraft:hay_block":48,"minecraft:mutton":14,"minecraft:rail":20,"minecraft:white_wool":10,"minecraft:stripped_oak_log":16,"minecraft:basalt":81,"minecraft:crimson_stem":12,"minecraft:salmon":1,"minecraft:leather":18,"minecraft:red_mushroom":17,"minecraft:crimson_fungus":1,"minecraft:oak_log":304,"minecraft:cobbled_deepslate_stairs":1,"minecraft:gunpowder":15,"minecraft:cobblestone_stairs":14,"minecraft:apple":4,"minecraft:kelp":271,"minecraft:warped_stem":11,"minecraft:iron_ingot":145,"minecraft:iron_sword":1,"minecraft:acacia_sapling":144,"minecraft:dark_oak_stairs":4,"minecraft:book":111,"minecraft:oak_slab":5,"minecraft:warped_fungus":2,"minecraft:quartz":145,"minecraft:dandelion":3,"minecraft:gravel":165,"minecraft:spruce_sapling":2,"minecraft:blast_furnace":1,"minecraft:white_bed":7,"minecraft:spruce_log":13,"minecraft:spider_eye":15,"minecraft:diamond_shovel":4,"minecraft:diamond_axe":2,"minecraft:gray_wool":1,"minecraft:baked_potato":96,"minecraft:coal":395,"minecraft:hopper":8,"minecraft:ender_pearl":1},"minecraft:killed_by":{"minecraft:witch":1},"minecraft:broken":{"minecraft:iron_shovel":4,"minecraft:stone_pickaxe":1,"minecraft:wooden_sword":1,"minecraft:iron_sword":3,"minecraft:wooden_axe":2,"minecraft:iron_axe":2,"minecraft:iron_pickaxe":9},"minecraft:used":{"minecraft:iron_shovel":1311,"minecraft:polished_deepslate":4,"minecraft:oak_sign":59,"minecraft:chest":46,"minecraft:shield":67,"minecraft:iron_sword":808,"minecraft:rotten_flesh":3,"minecraft:carrot":202,"minecraft:acacia_sapling":61,"minecraft:bow":35,"minecraft:hay_block":3,"minecraft:oak_sapling":1,"minecraft:furnace":6,"minecraft:potato":566,"minecraft:stone_pickaxe":131,"minecraft:composter":1,"minecraft:sugar_cane":21,"minecraft:diamond_axe":1008,"minecraft:sand":12,"minecraft:blast_furnace":2,"minecraft:cobbled_deepslate_stairs":4,"minecraft:wooden_sword":30,"minecraft:diamond_sword":163,"minecraft:grindstone":8,"minecraft:oak_boat":5,"minecraft:bone_meal":82,"minecraft:oak_fence":8,"minecraft:oak_trapdoor":3,"minecraft:enchanting_table":3,"minecraft:stone_sword":92,"minecraft:acacia_log":202,"minecraft:flint_and_steel":5,"minecraft:cooked_salmon":7,"minecraft:cooked_chicken":2,"minecraft:netherrack":207,"minecraft:oak_door":8,"minecraft:torch":175,"minecraft:dirt":1197,"minecraft:spyglass":45,"minecraft:hopper":15,"minecraft:granite":1,"minecraft:iron_hoe":84,"minecraft:wooden_axe":118,"minecraft:bookshelf":14,"minecraft:iron_axe":833,"minecraft:crimson_planks":1,"minecraft:bamboo":129,"minecraft:goat_horn":32,"minecraft:minecart":2,"minecraft:cooked_beef":6,"minecraft:cobbled_deepslate":431,"minecraft:wheat_seeds":240,"minecraft:cooked_mutton":9,"minecraft:water_bucket":145,"minecraft:lead":2,"minecraft:baked_potato":181,"minecraft:spruce_sign":3,"minecraft:stonecutter":3,"minecraft:cracked_stone_bricks":1,"minecraft:salmon":1,"minecraft:rail":13,"minecraft:tnt":9,"minecraft:crafting_table":17,"minecraft:white_bed":6,"minecraft:smoker":2,"minecraft:oak_log":2,"minecraft:diamond_pickaxe":4098,"minecraft:diamond_shovel":1552,"minecraft:iron_pickaxe":3695,"minecraft:map":1,"minecraft:spruce_sapling":2,"minecraft:stone_axe":37,"minecraft:cobblestone":90,"minecraft:cobbled_deepslate_slab":5,"minecraft:cooked_porkchop":11,"minecraft:bucket":147}},"DataVersion":3700}