{"stats":{"minecraft:custom":{"minecraft:interact_with_furnace":56,"minecraft:mob_kills":30,"minecraft:interact_with_crafting_table":29,"minecraft:time_since_death":55320,"minecraft:time_since_rest":55348,"minecraft:sprint_one_cm":138447,"minecraft:damage_taken":930,"minecraft:walk_one_cm":140736,"minecraft:damage_blocked_by_shield":495,"minecraft:drop":13,"minecraft:damage_dealt":2185,"minecraft:swim_one_cm":126650,"minecraft:fly_one_cm":164362,"minecraft:open_chest":23,"minecraft:crouch_one_cm":21100,"minecraft:play_time":88148,"minecraft:deaths":3,"minecraft:sneak_time":11585,"minecraft:walk_under_water_one_cm":44010,"minecraft:boat_one_cm":52269,"minecraft:jump":1193,"minecraft:walk_on_water_one_cm":38603,"minecraft:total_world_time":88148,"minecraft:interact_with_smoker":8,"minecraft:fall_one_cm":24840},"minecraft:killed":{"minecraft:pig":2,"minecraft:salmon":17,"minecraft:skeleton":2,"minecraft:sheep":2,"minecraft:zombie":1,"minecraft:chicken":3,"minecraft:cow":3},"minecraft:mined":{"minecraft:tuff":2,"minecraft:deepslate_diamond_ore":5,"minecraft:smoker":3,"minecraft:obsidian":20,"minecraft:crafting_table":11,"minecraft:torch":2,"minecraft:granite":1,"minecraft:short_grass":1,"minecraft:grass_block":20,"minecraft:cobblestone":11,"minecraft:copper_ore":1,"minecraft:blue_bed":1,"minecraft:sugar_cane":4,"minecraft:diorite":24,"minecraft:wall_torch":3,"minecraft:tall_seagrass":1,"minecraft:magma_block":1,"minecraft:furnace":8,"minecraft:iron_ore":29,"minecraft:andesite":9,"minecraft:deepslate_lapis_ore":1,"minecraft:coal_ore":44,"minecraft:oak_log":33,"minecraft:deepslate_iron_ore":6,"minecraft:dirt":31,"minecraft:packed_ice":1,"minecraft:stone":99,"minecraft:netherrack":8,"minecraft:oak_leaves":8,"minecraft:deepslate":9},"minecraft:used":{"minecraft:water_bucket":13,"minecraft:stone_sword":8,"minecraft:stone_shovel":43,"minecraft:stone_pickaxe":220,"minecraft:chest":2,"minecraft:shield":9,"minecraft:wooden_pickaxe":13,"minecraft:iron_sword":29,"minecraft:cooked_salmon":8,"minecraft:torch":7,"minecraft:dirt":35,"minecraft:mutton":1,"minecraft:crafting_table":11,"minecraft:tuff":2,"minecraft:smoker":2,"minecraft:diamond_pickaxe":28,"minecraft:iron_pickaxe":32,"minecraft:stone_axe":54,"minecraft:cobblestone":68,"minecraft:furnace":9,"minecraft:bucket":14,"minecraft:oak_boat":1,"minecraft:cooked_beef":3,"minecraft:cobbled_deepslate":7},"minecraft:crafted":{"minecraft:oak_planks":92,"minecraft:stone_shovel":1,"minecraft:crafting_table":1,"minecraft:iron_helmet":1,"minecraft:wooden_pickaxe":1,"minecraft:iron_sword":1,"minecraft:furnace":2,"minecraft:cooked_salmon":15,"minecraft:bucket":1,"minecraft:stone_axe":1,"minecraft:cooked_mutton":2,"minecraft:air":0,"minecraft:oak_boat":1,"minecraft:iron_boots":1,"minecraft:iron_chestplate":1,"minecraft:diamond_pickaxe":1,"minecraft:shield":1,"minecraft:stick":20,"minecraft:iron_ingot":39,"minecraft:iron_pickaxe":1,"minecraft:stone_pickaxe":2,"minecraft:stone_sword":1,"minecraft:chest":2,"minecraft:iron_leggings":1,"minecraft:torch":12,"minecraft:smoker":1},"minecraft:picked_up":{"minecraft:crafting_table":12,"minecraft:feather":3,"minecraft:chicken":3,"minecraft:andesite":11,"minecraft:water_bucket":1,"minecraft:glow_ink_sac":6,"minecraft:salmon":17,"minecraft:leather":3,"minecraft:wooden_pickaxe":1,"minecraft:smoker":4,"minecraft:tuff":2,"minecraft:oak_log":27,"minecraft:shield":1,"minecraft:blue_bed":1,"minecraft:lapis_lazuli":7,"minecraft:dirt":56,"minecraft:raw_copper":4,"minecraft:cooked_salmon":15,"minecraft:cooked_mutton":2,"minecraft:bone":1,"minecraft:cobbled_deepslate":7,"minecraft:beef":7,"minecraft:iron_ingot":6,"minecraft:stone_pickaxe":1,"minecraft:iron_pickaxe":1,"minecraft:oak_planks":45,"minecraft:sugar_cane":12,"minecraft:iron_sword":1,"minecraft:furnace":10,"minecraft:stick":3,"minecraft:raw_iron":39,"minecraft:torch":17,"minecraft:porkchop":5,"minecraft:diorite":33,"minecraft:arrow":2,"minecraft:stone_sword":1,"minecraft:stone_shovel":1,"minecraft:rotten_flesh":1,"minecraft:diamond":5,"minecraft:stone_axe":1,"minecraft:granite":2,"minecraft:obsidian":20,"minecraft:oak_sapling":4,"minecraft:netherrack":1,"minecraft:mutton":3,"minecraft:coal":95,"minecraft:cobblestone":142,"minecraft:white_wool":3},"minecraft:broken":{"minecraft:stone_pickaxe":1},"minecraft:killed_by":{"minecraft:zombie":1},"minecraft:dropped":{"minecraft:sugar_cane":2,"minecraft:rotten_flesh":1,"minecraft:granite":1,"minecraft:coal":12,"minecraft:stick":1,"minecraft:dirt":3,"minecraft:andesite":8,"minecraft:oak_sapling":2,"minecraft:netherrack":1}},"DataVersion":3955}