{"stats":{"minecraft:custom":{"minecraft:interact_with_furnace":37,"minecraft:mob_kills":19,"minecraft:interact_with_crafting_table":19,"minecraft:time_since_death":13320,"minecraft:time_since_rest":13348,"minecraft:sprint_one_cm":66865,"minecraft:damage_taken":710,"minecraft:walk_one_cm":86140,"minecraft:damage_blocked_by_shield":195,"minecraft:drop":2,"minecraft:damage_dealt":1307,"minecraft:swim_one_cm":89426,"minecraft:fly_one_cm":69106,"minecraft:open_chest":2,"minecraft:crouch_one_cm":14155,"minecraft:play_time":46148,"minecraft:deaths":3,"minecraft:sneak_time":5617,"minecraft:walk_under_water_one_cm":31025,"minecraft:jump":642,"minecraft:walk_on_water_one_cm":27216,"minecraft:total_world_time":46148,"minecraft:interact_with_smoker":6,"minecraft:fall_one_cm":13371},"minecraft:killed":{"minecraft:salmon":15,"minecraft:skeleton":1,"minecraft:sheep":2,"minecraft:zombie":1},"minecraft:mined":{"minecraft:tuff":2,"minecraft:deepslate_diamond_ore":5,"minecraft:smoker":1,"minecraft:crafting_table":7,"minecraft:torch":1,"minecraft:granite":1,"minecraft:short_grass":1,"minecraft:grass_block":15,"minecraft:sugar_cane":1,"minecraft:diorite":9,"minecraft:wall_torch":1,"minecraft:tall_seagrass":1,"minecraft:furnace":6,"minecraft:iron_ore":16,"minecraft:deepslate_lapis_ore":1,"minecraft:coal_ore":44,"minecraft:oak_log":21,"minecraft:deepslate_iron_ore":4,"minecraft:dirt":27,"minecraft:stone":61,"minecraft:oak_leaves":8,"minecraft:deepslate":5},"minecraft:used":{"minecraft:water_bucket":4,"minecraft:stone_sword":8,"minecraft:stone_shovel":31,"minecraft:stone_pickaxe":138,"minecraft:shield":4,"minecraft:wooden_pickaxe":13,"minecraft:iron_sword":13,"minecraft:cooked_salmon":5,"minecraft:torch":3,"minecraft:dirt":26,"minecraft:mutton":1,"minecraft:crafting_table":7,"minecraft:smoker":1,"minecraft:iron_pickaxe":15,"minecraft:stone_axe":36,"minecraft:cobblestone":1,"minecraft:furnace":6,"minecraft:bucket":5},"minecraft:crafted":{"minecraft:oak_planks":68,"minecraft:stone_shovel":1,"minecraft:crafting_table":1,"minecraft:wooden_pickaxe":1,"minecraft:iron_sword":1,"minecraft:furnace":2,"minecraft:cooked_salmon":15,"minecraft:bucket":1,"minecraft:stone_axe":1,"minecraft:cooked_mutton":2,"minecraft:air":0,"minecraft:shield":1,"minecraft:stick":20,"minecraft:iron_ingot":15,"minecraft:iron_pickaxe":1,"minecraft:stone_pickaxe":2,"minecraft:stone_sword":1,"minecraft:torch":12,"minecraft:smoker":1},"minecraft:picked_up":{"minecraft:crafting_table":8,"minecraft:water_bucket":1,"minecraft:glow_ink_sac":6,"minecraft:salmon":15,"minecraft:wooden_pickaxe":1,"minecraft:smoker":2,"minecraft:tuff":2,"minecraft:oak_log":21,"minecraft:shield":1,"minecraft:lapis_lazuli":7,"minecraft:dirt":47,"minecraft:cooked_salmon":15,"minecraft:cooked_mutton":2,"minecraft:cobbled_deepslate":3,"minecraft:iron_ingot":6,"minecraft:stone_pickaxe":1,"minecraft:iron_pickaxe":1,"minecraft:oak_planks":45,"minecraft:sugar_cane":4,"minecraft:iron_sword":1,"minecraft:furnace":7,"minecraft:stick":3,"minecraft:raw_iron":24,"minecraft:torch":13,"minecraft:diorite":18,"minecraft:stone_sword":1,"minecraft:stone_shovel":1,"minecraft:rotten_flesh":1,"minecraft:diamond":5,"minecraft:stone_axe":1,"minecraft:granite":2,"minecraft:oak_sapling":4,"minecraft:mutton":3,"minecraft:coal":80,"minecraft:cobblestone":91,"minecraft:white_wool":3},"minecraft:broken":{"minecraft:stone_pickaxe":1},"minecraft:killed_by":{"minecraft:zombie":1},"minecraft:dropped":{"minecraft:dirt":2}},"DataVersion":3955}