{"stats":{"minecraft:killed_by":{"minecraft:zombie":1},"minecraft:dropped":{"minecraft:diamond":5,"minecraft:granite":1,"minecraft:coal":12,"minecraft:stick":1,"minecraft:dirt":3,"minecraft:snowball":7,"minecraft:sugar_cane":2,"minecraft:rotten_flesh":1,"minecraft:andesite":8,"minecraft:oak_sapling":2,"minecraft:netherrack":1},"minecraft:crafted":{"minecraft:oak_planks":92,"minecraft:stone_shovel":1,"minecraft:furnace":2,"minecraft:cooked_mutton":2,"minecraft:iron_boots":1,"minecraft:iron_axe":1,"minecraft:stone_pickaxe":3,"minecraft:chest":13,"minecraft:smoker":1,"minecraft:diamond_sword":1,"minecraft:crafting_table":1,"minecraft:spruce_planks":76,"minecraft:iron_helmet":1,"minecraft:wooden_pickaxe":1,"minecraft:iron_sword":1,"minecraft:cooked_salmon":15,"minecraft:bucket":1,"minecraft:stone_axe":1,"minecraft:air":0,"minecraft:oak_boat":2,"minecraft:iron_chestplate":1,"minecraft:diamond_pickaxe":1,"minecraft:shield":1,"minecraft:stick":28,"minecraft:iron_ingot":109,"minecraft:iron_pickaxe":2,"minecraft:stone_sword":1,"minecraft:iron_shovel":1,"minecraft:iron_leggings":1,"minecraft:torch":12},"minecraft:broken":{"minecraft:stone_pickaxe":2},"minecraft:custom":{"minecraft:mob_kills":42,"minecraft:interact_with_crafting_table":40,"minecraft:leave_game":2,"minecraft:time_since_death":115756,"minecraft:sprint_one_cm":219883,"minecraft:walk_one_cm":323709,"minecraft:damage_blocked_by_shield":1273,"minecraft:drop":16,"minecraft:play_time":148584,"minecraft:deaths":3,"minecraft:sneak_time":16107,"minecraft:walk_under_water_one_cm":45110,"minecraft:boat_one_cm":68690,"minecraft:jump":2293,"minecraft:walk_on_water_one_cm":48426,"minecraft:total_world_time":148584,"minecraft:interact_with_furnace":92,"minecraft:time_since_rest":115784,"minecraft:damage_taken":1180,"minecraft:damage_dealt":4833,"minecraft:fly_one_cm":263923,"minecraft:swim_one_cm":126650,"minecraft:open_chest":117,"minecraft:crouch_one_cm":32694,"minecraft:interact_with_smoker":9,"minecraft:fall_one_cm":44016},"minecraft:mined":{"minecraft:crying_obsidian":1,"minecraft:tuff":4,"minecraft:deepslate_diamond_ore":7,"minecraft:obsidian":20,"minecraft:granite":46,"minecraft:grass_block":22,"minecraft:spruce_leaves":10,"minecraft:tall_seagrass":1,"minecraft:magma_block":1,"minecraft:furnace":8,"minecraft:iron_ore":62,"minecraft:cobbled_deepslate":2,"minecraft:snow":8,"minecraft:andesite":18,"minecraft:deepslate_lapis_ore":10,"minecraft:pointed_dripstone":1,"minecraft:deepslate_iron_ore":20,"minecraft:packed_ice":1,"minecraft:stone":194,"minecraft:smoker":3,"minecraft:crafting_table":15,"minecraft:torch":3,"minecraft:short_grass":1,"minecraft:chest":3,"minecraft:cobblestone":51,"minecraft:copper_ore":1,"minecraft:deepslate_gold_ore":2,"minecraft:grindstone":2,"minecraft:sugar_cane":4,"minecraft:blue_bed":1,"minecraft:diorite":50,"minecraft:wall_torch":9,"minecraft:spruce_log":18,"minecraft:oak_log":33,"minecraft:coal_ore":58,"minecraft:gravel":1,"minecraft:dripstone_block":5,"minecraft:dirt":34,"minecraft:netherrack":13,"minecraft:oak_leaves":8,"minecraft:deepslate":34},"minecraft:used":{"minecraft:stone_sword":8,"minecraft:stone_shovel":55,"minecraft:chest":18,"minecraft:shield":28,"minecraft:iron_sword":78,"minecraft:cooked_salmon":8,"minecraft:torch":16,"minecraft:dirt":36,"minecraft:mutton":1,"minecraft:tuff":4,"minecraft:obsidian":8,"minecraft:iron_axe":1,"minecraft:furnace":10,"minecraft:cooked_beef":8,"minecraft:cobbled_deepslate":45,"minecraft:water_bucket":22,"minecraft:diorite":24,"minecraft:stone_pickaxe":331,"minecraft:wooden_pickaxe":13,"minecraft:blue_bed":1,"minecraft:crafting_table":16,"minecraft:dripstone_block":2,"minecraft:smoker":4,"minecraft:diamond_pickaxe":35,"minecraft:iron_pickaxe":247,"minecraft:gravel":1,"minecraft:stone_axe":86,"minecraft:cobblestone":103,"minecraft:grindstone":2,"minecraft:andesite":2,"minecraft:bucket":23,"minecraft:oak_boat":2},"minecraft:killed":{"minecraft:spider":1,"minecraft:skeleton":6,"minecraft:chicken":3,"minecraft:pig":2,"minecraft:salmon":17,"minecraft:sheep":2,"minecraft:zombie":7,"minecraft:stray":1,"minecraft:cow":3},"minecraft:picked_up":{"minecraft:crafting_table":16,"minecraft:chicken":3,"minecraft:wooden_pickaxe":1,"minecraft:shield":1,"minecraft:raw_copper":4,"minecraft:cooked_salmon":15,"minecraft:cobbled_deepslate":45,"minecraft:beef":7,"minecraft:oak_boat":1,"minecraft:iron_pickaxe":1,"minecraft:sugar_cane":12,"minecraft:chest":5,"minecraft:furnace":10,"minecraft:tipped_arrow":1,"minecraft:stick":5,"minecraft:raw_iron":86,"minecraft:torch":24,"minecraft:porkchop":5,"minecraft:pointed_dripstone":2,"minecraft:diorite":59,"minecraft:rotten_flesh":9,"minecraft:stone_sword":1,"minecraft:arrow":7,"minecraft:stone_shovel":1,"minecraft:mutton":3,"minecraft:obsidian":20,"minecraft:snowball":8,"minecraft:white_wool":3,"minecraft:cobblestone":277,"minecraft:feather":3,"minecraft:andesite":20,"minecraft:glow_ink_sac":6,"minecraft:water_bucket":1,"minecraft:salmon":17,"minecraft:leather":3,"minecraft:smoker":4,"minecraft:tuff":4,"minecraft:oak_log":27,"minecraft:lapis_lazuli":64,"minecraft:blue_bed":1,"minecraft:dirt":61,"minecraft:cooked_mutton":2,"minecraft:bone":6,"minecraft:raw_gold":2,"minecraft:grindstone":2,"minecraft:iron_ingot":6,"minecraft:stone_pickaxe":2,"minecraft:iron_sword":1,"minecraft:oak_planks":45,"minecraft:dripstone_block":2,"minecraft:gravel":1,"minecraft:spruce_log":18,"minecraft:crying_obsidian":1,"minecraft:spider_eye":1,"minecraft:diamond":7,"minecraft:stone_axe":1,"minecraft:granite":47,"minecraft:oak_sapling":4,"minecraft:netherrack":6,"minecraft:coal":109}},"DataVersion":3955}