{"stats":{"minecraft:used":{"minecraft:water_bucket":20,"minecraft:stone_sword":8,"minecraft:stone_shovel":51,"minecraft:stone_pickaxe":331,"minecraft:shield":15,"minecraft:chest":2,"minecraft:wooden_pickaxe":13,"minecraft:iron_sword":44,"minecraft:cooked_salmon":8,"minecraft:blue_bed":1,"minecraft:torch":9,"minecraft:dirt":35,"minecraft:mutton":1,"minecraft:crafting_table":12,"minecraft:dripstone_block":2,"minecraft:tuff":3,"minecraft:smoker":4,"minecraft:obsidian":8,"minecraft:diamond_pickaxe":35,"minecraft:iron_pickaxe":119,"minecraft:stone_axe":55,"minecraft:cobblestone":71,"minecraft:furnace":10,"minecraft:bucket":21,"minecraft:cooked_beef":5,"minecraft:oak_boat":1,"minecraft:cobbled_deepslate":23},"minecraft:crafted":{"minecraft:oak_planks":92,"minecraft:stone_shovel":1,"minecraft:crafting_table":1,"minecraft:wooden_pickaxe":1,"minecraft:iron_helmet":1,"minecraft:iron_sword":1,"minecraft:furnace":2,"minecraft:cooked_salmon":15,"minecraft:bucket":1,"minecraft:stone_axe":1,"minecraft:cooked_mutton":2,"minecraft:air":0,"minecraft:oak_boat":1,"minecraft:iron_chestplate":1,"minecraft:iron_boots":1,"minecraft:diamond_pickaxe":1,"minecraft:shield":1,"minecraft:stick":24,"minecraft:iron_ingot":39,"minecraft:iron_pickaxe":1,"minecraft:stone_pickaxe":3,"minecraft:stone_sword":1,"minecraft:chest":2,"minecraft:iron_leggings":1,"minecraft:torch":12,"minecraft:smoker":1},"minecraft:dropped":{"minecraft:sugar_cane":2,"minecraft:rotten_flesh":1,"minecraft:granite":1,"minecraft:coal":12,"minecraft:stick":1,"minecraft:dirt":3,"minecraft:andesite":8,"minecraft:snowball":7,"minecraft:oak_sapling":2,"minecraft:netherrack":1},"minecraft:killed_by":{"minecraft:zombie":1},"minecraft:killed":{"minecraft:pig":2,"minecraft:salmon":17,"minecraft:spider":1,"minecraft:sheep":2,"minecraft:skeleton":3,"minecraft:zombie":3,"minecraft:chicken":3,"minecraft:cow":3},"minecraft:custom":{"minecraft:interact_with_furnace":56,"minecraft:mob_kills":34,"minecraft:interact_with_crafting_table":31,"minecraft:leave_game":1,"minecraft:time_since_death":80131,"minecraft:time_since_rest":80159,"minecraft:sprint_one_cm":168623,"minecraft:damage_taken":992,"minecraft:walk_one_cm":172952,"minecraft:damage_blocked_by_shield":810,"minecraft:drop":14,"minecraft:damage_dealt":2919,"minecraft:swim_one_cm":126650,"minecraft:fly_one_cm":223301,"minecraft:open_chest":26,"minecraft:crouch_one_cm":26427,"minecraft:play_time":112959,"minecraft:deaths":3,"minecraft:sneak_time":14448,"minecraft:walk_under_water_one_cm":45031,"minecraft:boat_one_cm":52269,"minecraft:jump":1542,"minecraft:walk_on_water_one_cm":43832,"minecraft:interact_with_smoker":9,"minecraft:total_world_time":112959,"minecraft:fall_one_cm":33796},"minecraft:mined":{"minecraft:crying_obsidian":1,"minecraft:tuff":4,"minecraft:deepslate_diamond_ore":7,"minecraft:smoker":3,"minecraft:obsidian":20,"minecraft:crafting_table":12,"minecraft:torch":3,"minecraft:granite":42,"minecraft:short_grass":1,"minecraft:grass_block":20,"minecraft:copper_ore":1,"minecraft:cobblestone":14,"minecraft:sugar_cane":4,"minecraft:diorite":40,"minecraft:wall_torch":3,"minecraft:blue_bed":1,"minecraft:tall_seagrass":1,"minecraft:magma_block":1,"minecraft:furnace":8,"minecraft:iron_ore":36,"minecraft:cobbled_deepslate":2,"minecraft:snow":7,"minecraft:andesite":9,"minecraft:deepslate_lapis_ore":10,"minecraft:coal_ore":44,"minecraft:oak_log":33,"minecraft:deepslate_iron_ore":16,"minecraft:gravel":1,"minecraft:dirt":31,"minecraft:dripstone_block":5,"minecraft:packed_ice":1,"minecraft:stone":185,"minecraft:netherrack":8,"minecraft:oak_leaves":8,"minecraft:deepslate":30},"minecraft:picked_up":{"minecraft:crafting_table":13,"minecraft:feather":3,"minecraft:chicken":3,"minecraft:glow_ink_sac":6,"minecraft:salmon":17,"minecraft:water_bucket":1,"minecraft:andesite":11,"minecraft:leather":3,"minecraft:wooden_pickaxe":1,"minecraft:smoker":4,"minecraft:tuff":4,"minecraft:oak_log":27,"minecraft:shield":1,"minecraft:dirt":56,"minecraft:lapis_lazuli":64,"minecraft:blue_bed":1,"minecraft:raw_copper":4,"minecraft:cooked_salmon":15,"minecraft:cooked_mutton":2,"minecraft:bone":1,"minecraft:cobbled_deepslate":30,"minecraft:iron_ingot":6,"minecraft:stone_pickaxe":1,"minecraft:beef":7,"minecraft:iron_pickaxe":1,"minecraft:oak_planks":45,"minecraft:sugar_cane":12,"minecraft:iron_sword":1,"minecraft:furnace":10,"minecraft:raw_iron":56,"minecraft:stick":3,"minecraft:torch":18,"minecraft:gravel":1,"minecraft:dripstone_block":2,"minecraft:porkchop":5,"minecraft:diorite":49,"minecraft:crying_obsidian":1,"minecraft:spider_eye":1,"minecraft:stone_shovel":1,"minecraft:stone_sword":1,"minecraft:arrow":4,"minecraft:rotten_flesh":4,"minecraft:diamond":7,"minecraft:stone_axe":1,"minecraft:granite":43,"minecraft:netherrack":1,"minecraft:obsidian":20,"minecraft:oak_sapling":4,"minecraft:mutton":3,"minecraft:coal":95,"minecraft:snowball":7,"minecraft:cobblestone":231,"minecraft:white_wool":3},"minecraft:broken":{"minecraft:stone_pickaxe":2}},"DataVersion":3955}