{"stats":{"minecraft:custom":{"minecraft:interact_with_furnace":55,"minecraft:mob_kills":28,"minecraft:interact_with_crafting_table":25,"minecraft:time_since_death":25320,"minecraft:time_since_rest":25348,"minecraft:sprint_one_cm":91369,"minecraft:damage_taken":740,"minecraft:walk_one_cm":103790,"minecraft:damage_blocked_by_shield":495,"minecraft:drop":3,"minecraft:damage_dealt":2097,"minecraft:swim_one_cm":93256,"minecraft:fly_one_cm":82143,"minecraft:open_chest":2,"minecraft:crouch_one_cm":16759,"minecraft:play_time":58148,"minecraft:deaths":3,"minecraft:sneak_time":6694,"minecraft:walk_under_water_one_cm":36432,"minecraft:jump":802,"minecraft:walk_on_water_one_cm":31575,"minecraft:total_world_time":58148,"minecraft:interact_with_smoker":6,"minecraft:fall_one_cm":15900},"minecraft:killed":{"minecraft:pig":2,"minecraft:salmon":15,"minecraft:skeleton":2,"minecraft:sheep":2,"minecraft:zombie":1,"minecraft:chicken":3,"minecraft:cow":3},"minecraft:mined":{"minecraft:tuff":2,"minecraft:deepslate_diamond_ore":5,"minecraft:smoker":1,"minecraft:crafting_table":8,"minecraft:torch":1,"minecraft:granite":1,"minecraft:short_grass":1,"minecraft:grass_block":17,"minecraft:copper_ore":1,"minecraft:sugar_cane":1,"minecraft:diorite":24,"minecraft:wall_torch":3,"minecraft:tall_seagrass":1,"minecraft:furnace":8,"minecraft:iron_ore":29,"minecraft:andesite":3,"minecraft:deepslate_lapis_ore":1,"minecraft:coal_ore":44,"minecraft:oak_log":21,"minecraft:deepslate_iron_ore":6,"minecraft:dirt":30,"minecraft:stone":92,"minecraft:oak_leaves":8,"minecraft:deepslate":9},"minecraft:used":{"minecraft:water_bucket":10,"minecraft:stone_sword":8,"minecraft:stone_shovel":36,"minecraft:stone_pickaxe":208,"minecraft:shield":9,"minecraft:wooden_pickaxe":13,"minecraft:iron_sword":29,"minecraft:cooked_salmon":7,"minecraft:torch":7,"minecraft:dirt":35,"minecraft:mutton":1,"minecraft:crafting_table":8,"minecraft:tuff":2,"minecraft:smoker":1,"minecraft:iron_pickaxe":16,"minecraft:stone_axe":37,"minecraft:cobblestone":25,"minecraft:furnace":8,"minecraft:bucket":11,"minecraft:cobbled_deepslate":7},"minecraft:crafted":{"minecraft:oak_planks":68,"minecraft:stone_shovel":1,"minecraft:crafting_table":1,"minecraft:iron_helmet":1,"minecraft:wooden_pickaxe":1,"minecraft:iron_sword":1,"minecraft:furnace":2,"minecraft:cooked_salmon":15,"minecraft:bucket":1,"minecraft:stone_axe":1,"minecraft:cooked_mutton":2,"minecraft:air":0,"minecraft:iron_boots":1,"minecraft:iron_chestplate":1,"minecraft:shield":1,"minecraft:stick":20,"minecraft:iron_ingot":35,"minecraft:iron_pickaxe":1,"minecraft:stone_pickaxe":2,"minecraft:stone_sword":1,"minecraft:iron_leggings":1,"minecraft:torch":12,"minecraft:smoker":1},"minecraft:picked_up":{"minecraft:crafting_table":9,"minecraft:feather":3,"minecraft:chicken":3,"minecraft:andesite":3,"minecraft:water_bucket":1,"minecraft:glow_ink_sac":6,"minecraft:salmon":15,"minecraft:leather":3,"minecraft:wooden_pickaxe":1,"minecraft:smoker":2,"minecraft:tuff":2,"minecraft:oak_log":21,"minecraft:shield":1,"minecraft:lapis_lazuli":7,"minecraft:dirt":52,"minecraft:raw_copper":4,"minecraft:cooked_salmon":15,"minecraft:cooked_mutton":2,"minecraft:bone":1,"minecraft:cobbled_deepslate":7,"minecraft:beef":7,"minecraft:iron_ingot":6,"minecraft:stone_pickaxe":1,"minecraft:iron_pickaxe":1,"minecraft:oak_planks":45,"minecraft:sugar_cane":4,"minecraft:iron_sword":1,"minecraft:furnace":9,"minecraft:stick":3,"minecraft:raw_iron":39,"minecraft:torch":16,"minecraft:porkchop":5,"minecraft:diorite":33,"minecraft:arrow":2,"minecraft:stone_sword":1,"minecraft:stone_shovel":1,"minecraft:rotten_flesh":1,"minecraft:diamond":5,"minecraft:stone_axe":1,"minecraft:granite":2,"minecraft:oak_sapling":4,"minecraft:mutton":3,"minecraft:coal":80,"minecraft:cobblestone":122,"minecraft:white_wool":3},"minecraft:broken":{"minecraft:stone_pickaxe":1},"minecraft:killed_by":{"minecraft:zombie":1},"minecraft:dropped":{"minecraft:dirt":2,"minecraft:oak_sapling":2}},"DataVersion":3955}