{"stats":{"minecraft:custom":{"minecraft:time_since_rest":17448,"minecraft:interact_with_furnace":8,"minecraft:sprint_one_cm":29349,"minecraft:damage_taken":134,"minecraft:walk_one_cm":38345,"minecraft:mob_kills":16,"minecraft:drop":2,"minecraft:damage_dealt":540,"minecraft:interact_with_crafting_table":7,"minecraft:swim_one_cm":44925,"minecraft:fly_one_cm":20973,"minecraft:open_chest":1,"minecraft:crouch_one_cm":7659,"minecraft:play_time":22148,"minecraft:deaths":2,"minecraft:sneak_time":3013,"minecraft:walk_under_water_one_cm":12143,"minecraft:jump":287,"minecraft:time_since_death":17417,"minecraft:walk_on_water_one_cm":5474,"minecraft:interact_with_smoker":6,"minecraft:total_world_time":22148,"minecraft:fall_one_cm":5642},"minecraft:mined":{"minecraft:tall_seagrass":1,"minecraft:furnace":1,"minecraft:smoker":1,"minecraft:crafting_table":3,"minecraft:oak_log":21,"minecraft:grass_block":14,"minecraft:coal_ore":28,"minecraft:dirt":26,"minecraft:stone":54,"minecraft:sugar_cane":1,"minecraft:diorite":6,"minecraft:oak_leaves":8},"minecraft:killed":{"minecraft:sheep":1,"minecraft:salmon":15},"minecraft:used":{"minecraft:stone_sword":8,"minecraft:stone_shovel":30,"minecraft:stone_pickaxe":87,"minecraft:wooden_pickaxe":13,"minecraft:stone_axe":32,"minecraft:cobblestone":1,"minecraft:crafting_table":3,"minecraft:furnace":1,"minecraft:smoker":1},"minecraft:crafted":{"minecraft:oak_planks":68,"minecraft:stone_shovel":1,"minecraft:crafting_table":1,"minecraft:stick":12,"minecraft:wooden_pickaxe":1,"minecraft:stone_pickaxe":1,"minecraft:stone_sword":1,"minecraft:furnace":2,"minecraft:cooked_salmon":15,"minecraft:torch":12,"minecraft:stone_axe":1,"minecraft:air":0,"minecraft:smoker":1},"minecraft:picked_up":{"minecraft:crafting_table":3,"minecraft:salmon":15,"minecraft:smoker":1,"minecraft:oak_log":21,"minecraft:diorite":6,"minecraft:dirt":37,"minecraft:oak_sapling":2,"minecraft:sugar_cane":2,"minecraft:mutton":2,"minecraft:coal":28,"minecraft:white_wool":1,"minecraft:cobblestone":53,"minecraft:furnace":1},"minecraft:dropped":{"minecraft:dirt":2}},"DataVersion":3955}