{"stats":{"minecraft:custom":{"minecraft:interact_with_furnace":55,"minecraft:mob_kills":30,"minecraft:interact_with_crafting_table":28,"minecraft:time_since_death":37320,"minecraft:time_since_rest":37348,"minecraft:sprint_one_cm":109595,"minecraft:damage_taken":752,"minecraft:walk_one_cm":118057,"minecraft:damage_blocked_by_shield":495,"minecraft:drop":7,"minecraft:damage_dealt":2165,"minecraft:swim_one_cm":110276,"minecraft:fly_one_cm":95270,"minecraft:open_chest":8,"minecraft:crouch_one_cm":20661,"minecraft:play_time":70148,"minecraft:deaths":3,"minecraft:sneak_time":11406,"minecraft:walk_under_water_one_cm":38189,"minecraft:jump":885,"minecraft:walk_on_water_one_cm":32677,"minecraft:total_world_time":70148,"minecraft:interact_with_smoker":7,"minecraft:fall_one_cm":16736},"minecraft:killed":{"minecraft:pig":2,"minecraft:salmon":17,"minecraft:skeleton":2,"minecraft:sheep":2,"minecraft:zombie":1,"minecraft:chicken":3,"minecraft:cow":3},"minecraft:mined":{"minecraft:tuff":2,"minecraft:deepslate_diamond_ore":5,"minecraft:smoker":1,"minecraft:obsidian":20,"minecraft:crafting_table":9,"minecraft:torch":1,"minecraft:granite":1,"minecraft:short_grass":1,"minecraft:grass_block":19,"minecraft:copper_ore":1,"minecraft:sugar_cane":4,"minecraft:diorite":24,"minecraft:wall_torch":3,"minecraft:tall_seagrass":1,"minecraft:magma_block":1,"minecraft:furnace":8,"minecraft:iron_ore":29,"minecraft:andesite":3,"minecraft:deepslate_lapis_ore":1,"minecraft:coal_ore":44,"minecraft:oak_log":27,"minecraft:deepslate_iron_ore":6,"minecraft:dirt":31,"minecraft:stone":92,"minecraft:netherrack":8,"minecraft:oak_leaves":8,"minecraft:deepslate":9},"minecraft:used":{"minecraft:water_bucket":11,"minecraft:stone_sword":8,"minecraft:stone_shovel":39,"minecraft:stone_pickaxe":209,"minecraft:chest":2,"minecraft:shield":9,"minecraft:wooden_pickaxe":13,"minecraft:iron_sword":29,"minecraft:cooked_salmon":8,"minecraft:torch":7,"minecraft:dirt":35,"minecraft:mutton":1,"minecraft:crafting_table":10,"minecraft:tuff":2,"minecraft:smoker":2,"minecraft:diamond_pickaxe":28,"minecraft:iron_pickaxe":16,"minecraft:stone_axe":46,"minecraft:cobblestone":40,"minecraft:furnace":9,"minecraft:bucket":12,"minecraft:cobbled_deepslate":7},"minecraft:crafted":{"minecraft:oak_planks":68,"minecraft:stone_shovel":1,"minecraft:crafting_table":1,"minecraft:iron_helmet":1,"minecraft:wooden_pickaxe":1,"minecraft:iron_sword":1,"minecraft:furnace":2,"minecraft:cooked_salmon":15,"minecraft:bucket":1,"minecraft:stone_axe":1,"minecraft:cooked_mutton":2,"minecraft:air":0,"minecraft:iron_boots":1,"minecraft:iron_chestplate":1,"minecraft:diamond_pickaxe":1,"minecraft:shield":1,"minecraft:stick":20,"minecraft:iron_ingot":35,"minecraft:iron_pickaxe":1,"minecraft:stone_pickaxe":2,"minecraft:stone_sword":1,"minecraft:chest":2,"minecraft:iron_leggings":1,"minecraft:torch":12,"minecraft:smoker":1},"minecraft:picked_up":{"minecraft:crafting_table":10,"minecraft:feather":3,"minecraft:chicken":3,"minecraft:andesite":3,"minecraft:water_bucket":1,"minecraft:glow_ink_sac":6,"minecraft:salmon":17,"minecraft:leather":3,"minecraft:wooden_pickaxe":1,"minecraft:smoker":2,"minecraft:tuff":2,"minecraft:oak_log":21,"minecraft:shield":1,"minecraft:lapis_lazuli":7,"minecraft:dirt":55,"minecraft:raw_copper":4,"minecraft:cooked_salmon":15,"minecraft:cooked_mutton":2,"minecraft:bone":1,"minecraft:cobbled_deepslate":7,"minecraft:beef":7,"minecraft:iron_ingot":6,"minecraft:stone_pickaxe":1,"minecraft:iron_pickaxe":1,"minecraft:oak_planks":45,"minecraft:sugar_cane":10,"minecraft:iron_sword":1,"minecraft:furnace":9,"minecraft:stick":3,"minecraft:raw_iron":39,"minecraft:torch":16,"minecraft:porkchop":5,"minecraft:diorite":33,"minecraft:arrow":2,"minecraft:stone_sword":1,"minecraft:stone_shovel":1,"minecraft:rotten_flesh":1,"minecraft:diamond":5,"minecraft:stone_axe":1,"minecraft:granite":2,"minecraft:obsidian":20,"minecraft:oak_sapling":4,"minecraft:netherrack":1,"minecraft:mutton":3,"minecraft:coal":80,"minecraft:cobblestone":122,"minecraft:white_wool":3},"minecraft:broken":{"minecraft:stone_pickaxe":1},"minecraft:killed_by":{"minecraft:zombie":1},"minecraft:dropped":{"minecraft:rotten_flesh":1,"minecraft:granite":1,"minecraft:stick":1,"minecraft:dirt":2,"minecraft:oak_sapling":2,"minecraft:netherrack":1}},"DataVersion":3955}