{"stats":{"minecraft:custom":{"minecraft:interact_with_crafting_table":598,"minecraft:open_barrel":235,"minecraft:bell_ring":5,"minecraft:leave_game":56,"minecraft:time_since_death":376557,"minecraft:damage_blocked_by_shield":7669,"minecraft:play_time":4402654,"minecraft:deaths":4,"minecraft:jump":42208,"minecraft:enchant_item":18,"minecraft:interact_with_furnace":201,"minecraft:play_record":9,"minecraft:traded_with_villager":2205,"minecraft:sleep_in_bed":104,"minecraft:damage_dealt":149838,"minecraft:interact_with_smoker":118,"minecraft:use_cauldron":18,"minecraft:inspect_dispenser":3,"minecraft:horse_one_cm":6147347,"minecraft:interact_with_smithing_table":31,"minecraft:interact_with_anvil":90,"minecraft:inspect_hopper":156,"minecraft:sneak_time":254281,"minecraft:interact_with_blast_furnace":54,"minecraft:total_world_time":4402654,"minecraft:interact_with_stonecutter":57,"minecraft:time_since_rest":10451,"minecraft:swim_one_cm":403415,"minecraft:fly_one_cm":8809276,"minecraft:open_chest":5893,"minecraft:fall_one_cm":816859,"minecraft:animals_bred":38,"minecraft:sprint_one_cm":9293101,"minecraft:drop":581,"minecraft:talked_to_villager":760,"minecraft:interact_with_brewingstand":52,"minecraft:walk_on_water_one_cm":448901,"minecraft:interact_with_loom":4,"minecraft:open_enderchest":46,"minecraft:interact_with_beacon":1,"minecraft:player_kills":7,"minecraft:crouch_one_cm":996648,"minecraft:mob_kills":1139,"minecraft:fill_cauldron":8,"minecraft:climb_one_cm":105072,"minecraft:walk_one_cm":13089317,"minecraft:raid_win":2,"minecraft:walk_under_water_one_cm":872893,"minecraft:boat_one_cm":1222792,"minecraft:pot_flower":4,"minecraft:interact_with_grindstone":4,"minecraft:damage_taken":20086,"minecraft:damage_absorbed":20,"minecraft:minecart_one_cm":333},"minecraft:dropped":{"minecraft:short_grass":9,"minecraft:cooked_beef":1,"minecraft:glow_ink_sac":4,"minecraft:diamond":15,"minecraft:crafting_table":6,"minecraft:dark_oak_slab":1,"minecraft:glow_berries":18,"minecraft:rail":1,"minecraft:red_mushroom":17,"minecraft:red_carpet":23,"minecraft:emerald":71,"minecraft:gold_block":1,"minecraft:dirt":187,"minecraft:stone_button":1,"minecraft:bone_meal":359,"minecraft:sand":29,"minecraft:iron_pickaxe":2,"minecraft:white_wool":11,"minecraft:bone":52,"minecraft:sugar_cane":4,"minecraft:cobbled_deepslate":133,"minecraft:wheat":7,"minecraft:netherite_sword":2,"minecraft:rotten_flesh":6641,"minecraft:grindstone":1,"minecraft:oak_planks":76,"minecraft:netherite_shovel":1,"minecraft:azure_bluet":4,"minecraft:warped_planks":14,"minecraft:tipped_arrow":1,"minecraft:azalea_leaves":1,"minecraft:jungle_log":13,"minecraft:acacia_sapling":71,"minecraft:spruce_slab":5,"minecraft:egg":8,"minecraft:crimson_planks":24,"minecraft:iron_ingot":232,"minecraft:wheat_seeds":96,"minecraft:tnt":1,"minecraft:golden_horse_armor":1,"minecraft:netherite_chestplate":1,"minecraft:iron_helmet":1,"minecraft:cobblestone":90,"minecraft:apple":9,"minecraft:coal":66,"minecraft:yellow_carpet":6,"minecraft:oxeye_daisy":3,"minecraft:golden_carrot":79,"minecraft:potion":1,"minecraft:oak_stairs":8,"minecraft:pumpkin":1,"minecraft:white_banner":1,"minecraft:paper":13,"minecraft:iron_shovel":1,"minecraft:string":15,"minecraft:lily_pad":6,"minecraft:acacia_planks":70,"minecraft:moss_carpet":1,"minecraft:netherite_hoe":1,"minecraft:stone_sword":1,"minecraft:deepslate":20,"minecraft:clay_ball":21,"minecraft:white_terracotta":28,"minecraft:oak_sign":2,"minecraft:shears":1,"minecraft:diamond_sword":5,"minecraft:big_dripleaf":32,"minecraft:cobblestone_slab":1,"minecraft:hay_block":47,"minecraft:stone":38,"minecraft:diamond_pickaxe":2,"minecraft:andesite_stairs":1,"minecraft:small_dripleaf":1,"minecraft:spider_eye":10,"minecraft:stone_bricks":12,"minecraft:bamboo":202,"minecraft:sandstone":2,"minecraft:bow":3,"minecraft:warped_stem":9,"minecraft:dark_oak_stairs":4,"minecraft:moss_block":3,"minecraft:ender_pearl":8,"minecraft:leather":7,"minecraft:flint":5,"minecraft:cobblestone_stairs":7,"minecraft:netherite_scrap":2,"minecraft:dispenser":1,"minecraft:cornflower":2,"minecraft:polished_blackstone_bricks":17,"minecraft:gold_ingot":7,"minecraft:gravel":97,"minecraft:blackstone":76,"minecraft:yellow_wool":4,"minecraft:cherry_sapling":1,"minecraft:beetroot":2,"minecraft:diamond_shovel":3,"minecraft:cooked_mutton":1,"minecraft:carrot":256,"minecraft:poppy":107,"minecraft:gunpowder":18,"minecraft:acacia_slab":52,"minecraft:azalea":5,"minecraft:chest":50,"minecraft:basalt":64,"minecraft:arrow":19,"minecraft:scaffolding":31,"minecraft:quartz":64,"minecraft:oak_leaves":81,"minecraft:splash_potion":3,"minecraft:netherrack":2576,"minecraft:water_bucket":4,"minecraft:oak_slab":6,"minecraft:mossy_cobblestone":2,"minecraft:poisonous_potato":3,"minecraft:lead":4,"minecraft:copper_ingot":1,"minecraft:stick":86,"minecraft:diorite":22,"minecraft:torch":16,"minecraft:map":12,"minecraft:iron_leggings":1,"minecraft:polished_blackstone_brick_slab":8,"minecraft:iron_axe":2,"minecraft:bucket":1,"minecraft:dandelion":10,"minecraft:redstone":9,"minecraft:polished_deepslate":1,"minecraft:kelp":113,"minecraft:ender_chest":1,"minecraft:coarse_dirt":1,"minecraft:raw_copper":45,"minecraft:tuff":15,"minecraft:iron_hoe":1,"minecraft:stripped_oak_log":2,"minecraft:acacia_leaves":49,"minecraft:netherite_leggings":2,"minecraft:flint_and_steel":1,"minecraft:filled_map":1,"minecraft:oak_boat":2,"minecraft:oak_sapling":11,"minecraft:spruce_log":1,"minecraft:raw_gold":28},"minecraft:picked_up":{"minecraft:seagrass":5,"minecraft:flower_pot":1,"minecraft:suspicious_stew":11,"minecraft:smithing_table":1,"minecraft:lead":222,"minecraft:diamond_sword":9,"minecraft:oak_stairs":224,"minecraft:enchanted_book":9,"minecraft:golden_sword":1,"minecraft:polished_deepslate":1,"minecraft:music_disc_cat":2,"minecraft:polished_blackstone_brick_stairs":71,"minecraft:string":225,"minecraft:soul_soil":77,"minecraft:shroomlight":25,"minecraft:beetroot":2,"minecraft:diamond_leggings":3,"minecraft:gold_nugget":1332,"minecraft:cobbled_deepslate":3340,"minecraft:acacia_sign":2,"minecraft:acacia_fence_gate":8,"minecraft:netherite_upgrade_smithing_template":2,"minecraft:azalea_leaves":48,"minecraft:polished_blackstone_brick_slab":65,"minecraft:jukebox":2,"minecraft:composter":5,"minecraft:big_dripleaf":106,"minecraft:acacia_log":1292,"minecraft:golden_axe":1,"minecraft:cherry_log":290,"minecraft:yellow_banner":1,"minecraft:stone_sword":5,"minecraft:red_tulip":10,"minecraft:iron_block":21,"minecraft:bookshelf":54,"minecraft:white_terracotta":28,"minecraft:netherite_chestplate":2,"minecraft:snowball":27,"minecraft:birch_log":52,"minecraft:magma_block":632,"minecraft:polished_diorite_slab":25,"minecraft:cooked_beef":1,"minecraft:water_bucket":7,"minecraft:jungle_log":13,"minecraft:acacia_leaves":206,"minecraft:smoker":5,"minecraft:flint":21,"minecraft:cherry_fence":23,"minecraft:netherite_leggings":3,"minecraft:map":1,"minecraft:lantern":17,"minecraft:twisting_vines":7,"minecraft:stonecutter":6,"minecraft:diamond_helmet":3,"minecraft:moss_block":84,"minecraft:acacia_stairs":22,"minecraft:dark_oak_log":75,"minecraft:barrel":6,"minecraft:iron_hoe":1,"minecraft:stripped_acacia_log":442,"minecraft:white_candle":29,"minecraft:deepslate":65,"minecraft:lever":2,"minecraft:granite":49,"minecraft:golden_horse_armor":5,"minecraft:bread":9,"minecraft:diamond_pickaxe":9,"minecraft:crafting_table":37,"minecraft:clay_ball":274,"minecraft:stripped_cherry_log":1,"minecraft:crimson_trapdoor":6,"minecraft:cornflower":9,"minecraft:red_bed":4,"minecraft:flint_and_steel":1,"minecraft:netherite_scrap":2,"minecraft:iron_shovel":5,"minecraft:cracked_stone_bricks":1,"minecraft:netherite_sword":3,"minecraft:deepslate_diamond_ore":4,"minecraft:beef":65,"minecraft:iron_nugget":60,"minecraft:jungle_sapling":1,"minecraft:poppy":359,"minecraft:spruce_slab":5,"minecraft:minecart":5,"minecraft:chest":139,"minecraft:birch_sapling":6,"minecraft:piston":1,"minecraft:egg":25,"minecraft:sandstone":2,"minecraft:stone":165,"minecraft:oak_door":13,"minecraft:spruce_fence":6,"minecraft:carrot":3367,"minecraft:redstone":360,"minecraft:netherite_pickaxe":1,"minecraft:tnt":32,"minecraft:diamond_chestplate":3,"minecraft:decorated_pot":1,"minecraft:shears":3,"minecraft:diamond_boots":3,"minecraft:hay_block":69,"minecraft:cracked_deepslate_bricks":1,"minecraft:gold_ingot":18,"minecraft:totem_of_undying":1,"minecraft:glow_berries":59,"minecraft:mutton":14,"minecraft:white_wool":49,"minecraft:rail":39,"minecraft:crimson_slab":3,"minecraft:oxeye_daisy":7,"minecraft:stripped_oak_log":251,"minecraft:birch_leaves":72,"minecraft:yellow_dye":1,"minecraft:red_mushroom":19,"minecraft:oak_log":630,"minecraft:lily_pad":6,"minecraft:ancient_debris":32,"minecraft:paper":48,"minecraft:white_banner":4,"minecraft:stone_bricks":299,"minecraft:apple":40,"minecraft:kelp":278,"minecraft:warped_stem":15,"minecraft:spore_blossom":2,"minecraft:iron_sword":1,"minecraft:flowering_azalea":25,"minecraft:dark_oak_stairs":11,"minecraft:dark_oak_slab":1,"minecraft:red_wool":1,"minecraft:gravel":282,"minecraft:spruce_sapling":9,"minecraft:spruce_log":40,"minecraft:crying_obsidian":1,"minecraft:diamond_shovel":7,"minecraft:slime_ball":5,"minecraft:stone_axe":2,"minecraft:short_grass":20,"minecraft:diamond_axe":4,"minecraft:gray_wool":5,"minecraft:polished_blackstone_brick_wall":8,"minecraft:warped_roots":2,"minecraft:baked_potato":149,"minecraft:hopper":12,"minecraft:ender_pearl":49,"minecraft:wheat":315,"minecraft:ender_chest":23,"minecraft:yellow_wool":5,"minecraft:turtle_egg":4,"minecraft:potion":3,"minecraft:gilded_blackstone":1,"minecraft:stone_brick_stairs":69,"minecraft:crimson_planks":85,"minecraft:raw_copper":111,"minecraft:iron_leggings":1,"minecraft:oak_sign":31,"minecraft:smooth_stone":2,"minecraft:bucket":3,"minecraft:red_dye":9,"minecraft:redstone_torch":2,"minecraft:cobblestone_slab":11,"minecraft:azalea":23,"minecraft:iron_pickaxe":12,"minecraft:furnace":11,"minecraft:tipped_arrow":2,"minecraft:stick":1054,"minecraft:acacia_fence":119,"minecraft:oak_fence":17,"minecraft:torch":443,"minecraft:porkchop":10,"minecraft:netherite_shovel":3,"minecraft:diorite":77,"minecraft:music_disc_pigstep":6,"minecraft:vine":6,"minecraft:goat_horn":1,"minecraft:rotten_flesh":498,"minecraft:obsidian":32,"minecraft:cobblestone":3087,"minecraft:nautilus_shell":1,"minecraft:enchanting_table":5,"minecraft:pink_petals":35,"minecraft:magma_cream":10,"minecraft:cherry_planks":25,"minecraft:andesite":417,"minecraft:golden_leggings":1,"minecraft:potato":2274,"minecraft:tuff":136,"minecraft:lapis_lazuli":565,"minecraft:dirt":3848,"minecraft:mangrove_fence":3,"minecraft:bone":85,"minecraft:acacia_planks":139,"minecraft:bow":9,"minecraft:wheat_seeds":1167,"minecraft:raw_gold":116,"minecraft:small_dripleaf":13,"minecraft:cobbled_deepslate_slab":2,"minecraft:grindstone":9,"minecraft:netherite_axe":1,"minecraft:bamboo":11544,"minecraft:oak_planks":218,"minecraft:cooked_porkchop":1,"minecraft:music_disc_13":1,"minecraft:poisonous_potato":18,"minecraft:sand":1659,"minecraft:grass_block":1,"minecraft:mossy_cobblestone":118,"minecraft:yellow_carpet":9,"minecraft:diamond":316,"minecraft:netherite_helmet":1,"minecraft:bone_meal":476,"minecraft:golden_apple":11,"minecraft:spruce_sign":3,"minecraft:emerald":723,"minecraft:oak_sapling":219,"minecraft:netherrack":5666,"minecraft:andesite_slab":4,"minecraft:oak_leaves":342,"minecraft:cocoa_beans":10,"minecraft:allium":30,"minecraft:azure_bluet":17,"minecraft:chicken":1,"minecraft:brown_mushroom":15,"minecraft:gold_block":17,"minecraft:diamond_horse_armor":1,"minecraft:chain":10,"minecraft:brick":24,"minecraft:shield":3,"minecraft:stone_stairs":13,"minecraft:oak_trapdoor":4,"minecraft:moss_carpet":27,"minecraft:iron_axe":3,"minecraft:item_frame":1,"minecraft:blackstone":1137,"minecraft:candle":4,"minecraft:andesite_stairs":13,"minecraft:oak_boat":38,"minecraft:sugar_cane":743,"minecraft:spruce_trapdoor":7,"minecraft:phantom_membrane":13,"minecraft:dark_oak_sapling":6,"minecraft:raw_iron":98,"minecraft:cherry_stairs":27,"minecraft:copper_ingot":2,"minecraft:bowl":1,"minecraft:flowering_azalea_leaves":38,"minecraft:polished_blackstone_bricks":46,"minecraft:dark_oak_planks":2,"minecraft:arrow":419,"minecraft:weeping_vines":3,"minecraft:saddle":4,"minecraft:ward_armor_trim_smithing_template":1,"minecraft:netherite_boots":1,"minecraft:basalt":252,"minecraft:glow_ink_sac":5,"minecraft:golden_carrot":35,"minecraft:crimson_stem":12,"minecraft:salmon":1,"minecraft:leather":61,"minecraft:birch_planks":3,"minecraft:crimson_fungus":1,"minecraft:cobbled_deepslate_stairs":1,"minecraft:gunpowder":400,"minecraft:cobblestone_stairs":27,"minecraft:red_carpet":61,"minecraft:acacia_trapdoor":8,"minecraft:iron_ingot":230,"minecraft:acacia_sapling":554,"minecraft:soul_sand":57,"minecraft:book":297,"minecraft:scaffolding":198,"minecraft:oak_slab":20,"minecraft:warped_fungus":5,"minecraft:pumpkin":1,"minecraft:quartz":350,"minecraft:dandelion":27,"minecraft:blast_furnace":4,"minecraft:white_bed":8,"minecraft:spruce_door":1,"minecraft:spider_eye":175,"minecraft:sculk_sensor":1,"minecraft:cherry_sapling":149,"minecraft:acacia_slab":57,"minecraft:netherite_hoe":2,"minecraft:coal":549},"minecraft:used":{"minecraft:moss_block":7,"minecraft:ladder":8,"minecraft:chest":207,"minecraft:stone":83,"minecraft:rotten_flesh":3,"minecraft:acacia_sapling":120,"minecraft:snowball":13,"minecraft:azure_bluet":1,"minecraft:lava_bucket":1,"minecraft:netherite_shovel":183,"minecraft:music_disc_pigstep":5,"minecraft:stone_brick_stairs":59,"minecraft:bow":123,"minecraft:oak_sapling":39,"minecraft:furnace":11,"minecraft:acacia_fence":366,"minecraft:potato":682,"minecraft:spruce_door":1,"minecraft:acacia_trapdoor":185,"minecraft:composter":6,"minecraft:oak_leaves":1,"minecraft:golden_apple":1,"minecraft:glow_berries":15,"minecraft:sand":456,"minecraft:blast_furnace":5,"minecraft:acacia_leaves":92,"minecraft:spore_blossom":2,"minecraft:flowering_azalea_leaves":14,"minecraft:diamond_sword":1740,"minecraft:wooden_sword":30,"minecraft:smithing_table":1,"minecraft:oak_boat":36,"minecraft:oak_trapdoor":31,"minecraft:polished_blackstone_brick_slab":281,"minecraft:enchanting_table":6,"minecraft:stone_sword":233,"minecraft:acacia_log":362,"minecraft:armor_stand":1,"minecraft:mangrove_fence":3,"minecraft:cooked_salmon":7,"minecraft:netherrack":1002,"minecraft:torch":275,"minecraft:brewing_stand":1,"minecraft:anvil":2,"minecraft:twisting_vines":4,"minecraft:stone_stairs":21,"minecraft:small_dripleaf":5,"minecraft:shroomlight":23,"minecraft:flowering_azalea":8,"minecraft:iron_axe":1842,"minecraft:barrel":23,"minecraft:bamboo":303,"minecraft:goat_horn":53,"minecraft:podzol":2,"minecraft:cobbled_deepslate":700,"minecraft:acacia_planks":694,"minecraft:cherry_log":52,"minecraft:wheat_seeds":405,"minecraft:yellow_banner":8,"minecraft:water_bucket":249,"minecraft:birch_planks":2,"minecraft:lead":13,"minecraft:cartography_table":1,"minecraft:cherry_planks":3,"minecraft:cauldron":3,"minecraft:cracked_stone_bricks":1,"minecraft:polished_blackstone_bricks":245,"minecraft:salmon":1,"minecraft:rail":32,"minecraft:tnt":199,"minecraft:crimson_trapdoor":6,"minecraft:crafting_table":39,"minecraft:oak_slab":4,"minecraft:red_bed":7,"minecraft:white_bed":6,"minecraft:oak_log":218,"minecraft:diamond_pickaxe":13699,"minecraft:diamond_shovel":1700,"minecraft:acacia_sign":12,"minecraft:iron_pickaxe":4755,"minecraft:suspicious_stew":3,"minecraft:spruce_trapdoor":13,"minecraft:spruce_sapling":4,"minecraft:enchanted_book":1,"minecraft:cobblestone":1091,"minecraft:potion":8,"minecraft:cooked_porkchop":14,"minecraft:andesite_stairs":27,"minecraft:stripped_oak_log":196,"minecraft:jukebox":3,"minecraft:candle":2,"minecraft:cherry_sapling":24,"minecraft:moss_carpet":9,"minecraft:iron_shovel":2726,"minecraft:polished_deepslate":4,"minecraft:oak_sign":75,"minecraft:shield":116,"minecraft:decorated_pot":5,"minecraft:iron_sword":933,"minecraft:sculk_sensor":1,"minecraft:white_candle":41,"minecraft:carrot":966,"minecraft:music_disc_13":1,"minecraft:axolotl_bucket":6,"minecraft:obsidian":12,"minecraft:big_dripleaf":14,"minecraft:glass":176,"minecraft:lantern":35,"minecraft:polished_blackstone_brick_wall":39,"minecraft:stone_bricks":446,"minecraft:item_frame":2,"minecraft:deepslate_diamond_ore":4,"minecraft:red_carpet":38,"minecraft:magma_block":614,"minecraft:hay_block":3,"minecraft:scaffolding":200,"minecraft:stripped_acacia_log":326,"minecraft:stone_pickaxe":131,"minecraft:oak_planks":2,"minecraft:ender_pearl":14,"minecraft:sugar_cane":21,"minecraft:diamond_axe":2101,"minecraft:loom":1,"minecraft:shears":411,"minecraft:cobbled_deepslate_stairs":4,"minecraft:lever":2,"minecraft:string":2,"minecraft:bread":3,"minecraft:deepslate":45,"minecraft:gravel":7,"minecraft:grindstone":10,"minecraft:andesite":89,"minecraft:chain":8,"minecraft:bone_meal":649,"minecraft:netherite_sword":520,"minecraft:oak_fence":11,"minecraft:azalea":9,"minecraft:trident":17,"minecraft:flint_and_steel":35,"minecraft:ender_chest":22,"minecraft:cooked_chicken":2,"minecraft:oak_door":8,"minecraft:dirt":2771,"minecraft:spyglass":47,"minecraft:hopper":63,"minecraft:granite":1,"minecraft:spruce_fence":6,"minecraft:iron_hoe":91,"minecraft:dark_oak_planks":2,"minecraft:wooden_axe":118,"minecraft:bookshelf":111,"minecraft:oak_stairs":15,"minecraft:acacia_slab":310,"minecraft:crimson_slab":3,"minecraft:polished_blackstone_brick_stairs":299,"minecraft:crimson_planks":3,"minecraft:golden_carrot":89,"minecraft:netherite_pickaxe":755,"minecraft:minecart":4,"minecraft:cooked_beef":32,"minecraft:turtle_egg":1,"minecraft:cooked_mutton":9,"minecraft:cobblestone_stairs":35,"minecraft:glass_bottle":30,"minecraft:baked_potato":453,"minecraft:andesite_slab":37,"minecraft:spruce_sign":3,"minecraft:white_dye":15,"minecraft:stonecutter":7,"minecraft:cobblestone_slab":63,"minecraft:music_disc_cat":3,"minecraft:spider_eye":1,"minecraft:smoker":7,"minecraft:piston":1,"minecraft:flower_pot":4,"minecraft:acacia_stairs":265,"minecraft:map":1,"minecraft:netherite_axe":80,"minecraft:acacia_fence_gate":31,"minecraft:stone_axe":326,"minecraft:pink_petals":35,"minecraft:cherry_stairs":17,"minecraft:cobbled_deepslate_slab":5,"minecraft:bucket":257,"minecraft:splash_potion":5},"minecraft:crafted":{"minecraft:ender_chest":2,"minecraft:yellow_wool":48,"minecraft:oak_sign":69,"minecraft:blaze_powder":4,"minecraft:chain":10,"minecraft:birch_slab":12,"minecraft:loom":1,"minecraft:diamond_shovel":1,"minecraft:bookshelf":60,"minecraft:cooked_mutton":10,"minecraft:diamond_helmet":3,"minecraft:diamond_leggings":3,"minecraft:netherite_boots":2,"minecraft:decorated_pot":4,"minecraft:acacia_fence":360,"minecraft:flower_pot":4,"minecraft:glass_bottle":36,"minecraft:emerald":2167,"minecraft:cooked_porkchop":7,"minecraft:diamond_axe":1,"minecraft:acacia_slab":372,"minecraft:copper_ingot":3,"minecraft:hay_block":11,"minecraft:red_tulip":10,"minecraft:stone_brick_stairs":35,"minecraft:stone_slab":6,"minecraft:iron_pickaxe":22,"minecraft:iron_block":510,"minecraft:gold_ingot":2058,"minecraft:netherite_ingot":8,"minecraft:polished_blackstone_bricks":1,"minecraft:golden_carrot":401,"minecraft:jukebox":1,"minecraft:iron_nugget":252,"minecraft:spyglass":1,"minecraft:crimson_trapdoor":4,"minecraft:diamond_hoe":1,"minecraft:acacia_fence_gate":25,"minecraft:bone_meal":1155,"minecraft:spruce_fence":9,"minecraft:andesite_wall":1,"minecraft:white_carpet":9,"minecraft:rib_armor_trim_smithing_template":8,"minecraft:moss_carpet":12,"minecraft:stone_stairs":5,"minecraft:lantern":19,"minecraft:netherite_axe":1,"minecraft:ladder":24,"minecraft:cherry_stairs":16,"minecraft:stone_pickaxe":1,"minecraft:diamond_boots":3,"minecraft:cobbled_deepslate_stairs":8,"minecraft:redstone_block":29,"minecraft:dark_oak_planks":300,"minecraft:golden_helmet":2,"minecraft:crossbow":1,"minecraft:netherite_pickaxe":1,"minecraft:polished_blackstone_brick_slab":30,"minecraft:enchanting_table":1,"minecraft:acacia_trapdoor":190,"minecraft:red_bed":3,"minecraft:acacia_stairs":272,"minecraft:red_carpet":24,"minecraft:enchanted_book":41,"minecraft:polished_blackstone_brick_wall":31,"minecraft:golden_apple":72,"minecraft:acacia_sign":15,"minecraft:andesite_slab":2,"minecraft:wooden_axe":2,"minecraft:oak_stairs":8,"minecraft:iron_shovel":14,"minecraft:iron_leggings":3,"minecraft:armor_stand":1,"minecraft:white_bed":4,"minecraft:grindstone":4,"minecraft:oak_planks":1472,"minecraft:cobblestone_slab":4,"minecraft:barrel":22,"minecraft:cooked_chicken":1,"minecraft:cobblestone_stairs":4,"minecraft:stone":58,"minecraft:flower_banner_pattern":1,"minecraft:warped_planks":24,"minecraft:hopper":53,"minecraft:bow":14,"minecraft:iron_boots":2,"minecraft:chest":142,"minecraft:netherite_helmet":2,"minecraft:netherite_upgrade_smithing_template":18,"minecraft:yellow_banner":12,"minecraft:ender_eye":2,"minecraft:oak_fence":6,"minecraft:stone_bricks":1,"minecraft:golden_boots":1,"minecraft:smoker":3,"minecraft:white_banner":10,"minecraft:oak_slab":54,"minecraft:item_frame":1,"minecraft:cauldron":3,"minecraft:map":11,"minecraft:crafting_table":28,"minecraft:spruce_planks":216,"minecraft:iron_helmet":2,"minecraft:baked_potato":359,"minecraft:red_wool":17,"minecraft:gold_block":18,"minecraft:brewing_stand":1,"minecraft:birch_planks":64,"minecraft:dispenser":1,"minecraft:tnt":168,"minecraft:apple":68,"minecraft:spruce_trapdoor":12,"minecraft:book":14,"minecraft:iron_chestplate":3,"minecraft:paper":621,"minecraft:diamond_pickaxe":1,"minecraft:emerald_block":181,"minecraft:yellow_dye":63,"minecraft:shield":4,"minecraft:stick":4821,"minecraft:netherite_hoe":1,"minecraft:iron_ingot":10858,"minecraft:andesite_stairs":9,"minecraft:stone_sword":4,"minecraft:polished_blackstone_brick_stairs":40,"minecraft:shears":5,"minecraft:cherry_planks":32,"minecraft:cobbled_deepslate_slab":6,"minecraft:oak_door":3,"minecraft:wooden_sword":1,"minecraft:netherite_sword":1,"minecraft:furnace":6,"minecraft:stone_button":1,"minecraft:oak_trapdoor":34,"minecraft:scaffolding":384,"minecraft:netherite_chestplate":2,"minecraft:netherite_leggings":2,"minecraft:polished_deepslate":4,"minecraft:iron_axe":7,"minecraft:iron_hoe":1,"minecraft:minecart":2,"minecraft:cooked_beef":18,"minecraft:red_dye":42,"minecraft:crimson_planks":48,"minecraft:diamond_sword":2,"minecraft:spruce_sign":3,"minecraft:yellow_carpet":9,"minecraft:iron_sword":6,"minecraft:cooked_salmon":6,"minecraft:bucket":4,"minecraft:stone_axe":4,"minecraft:air":0,"minecraft:oak_boat":2,"minecraft:white_wool":168,"minecraft:gold_nugget":1341,"minecraft:white_dye":20,"minecraft:netherite_shovel":1,"minecraft:stonecutter":1,"minecraft:anvil":2,"minecraft:acacia_planks":3124,"minecraft:torch":44,"minecraft:lapis_block":40,"minecraft:diamond_chestplate":3},"minecraft:broken":{"minecraft:wooden_sword":1,"minecraft:iron_sword":4,"minecraft:stone_sword":2,"minecraft:iron_axe":6,"minecraft:iron_pickaxe":13,"minecraft:iron_shovel":8,"minecraft:stone_pickaxe":1,"minecraft:stone_axe":1,"minecraft:wooden_axe":2},"minecraft:killed_by":{"minecraft:witch":1,"minecraft:player":1},"minecraft:killed":{"minecraft:skeleton":67,"minecraft:chicken":2,"minecraft:magma_cube":9,"minecraft:pillager":7,"minecraft:zombie":117,"minecraft:glow_squid":1,"minecraft:cow":28,"minecraft:vindicator":2,"minecraft:horse":16,"minecraft:wandering_trader":1,"minecraft:ravager":1,"minecraft:enderman":7,"minecraft:spider":556,"minecraft:piglin_brute":1,"minecraft:piglin":8,"minecraft:pig":3,"minecraft:zombie_villager":4,"minecraft:creeper":45,"minecraft:sheep":11,"minecraft:trader_llama":2,"minecraft:stray":2,"minecraft:slime":5,"minecraft:phantom":11,"minecraft:drowned":217,"minecraft:hoglin":3,"minecraft:player":7},"minecraft:mined":{"minecraft:dark_oak_planks":2,"minecraft:white_bed":6,"minecraft:cherry_log":289,"minecraft:jungle_leaves":9,"minecraft:obsidian":24,"minecraft:granite":40,"minecraft:acacia_log":1044,"minecraft:crimson_trapdoor":4,"minecraft:yellow_carpet":3,"minecraft:jungle_log":7,"minecraft:crimson_fungus":1,"minecraft:hopper":12,"minecraft:oak_wall_sign":16,"minecraft:oxeye_daisy":5,"minecraft:weeping_vines_plant":1,"minecraft:polished_blackstone_bricks":11,"minecraft:tall_seagrass":1,"minecraft:magma_block":676,"minecraft:fire":33,"minecraft:barrel":6,"minecraft:cobbled_deepslate":272,"minecraft:moss_carpet":8,"minecraft:pumpkin":1,"minecraft:deepslate_lapis_ore":31,"minecraft:enchanting_table":5,"minecraft:twisting_vines":1,"minecraft:potted_dandelion":1,"minecraft:oak_sign":1,"minecraft:cave_vines":36,"minecraft:dirt_path":139,"minecraft:oak_stairs":160,"minecraft:tripwire":1,"minecraft:piston_head":1,"minecraft:brown_mushroom":17,"minecraft:red_bed":3,"minecraft:kelp_plant":12,"minecraft:smoker":5,"minecraft:crimson_nylium":1,"minecraft:powder_snow":27,"minecraft:torch":77,"minecraft:blast_furnace":4,"minecraft:spruce_wall_sign":3,"minecraft:polished_diorite_slab":27,"minecraft:glass":1,"minecraft:white_candle":13,"minecraft:sugar_cane":398,"minecraft:white_terracotta":3,"minecraft:wheat":342,"minecraft:jukebox":2,"minecraft:warped_fungus":3,"minecraft:stone_brick_stairs":24,"minecraft:red_mushroom_block":45,"minecraft:stonecutter":6,"minecraft:deepslate":2532,"minecraft:mossy_cobblestone":56,"minecraft:cherry_sapling":4,"minecraft:dark_oak_log":75,"minecraft:cobbled_deepslate_slab":1,"minecraft:allium":30,"minecraft:red_mushroom":2,"minecraft:moss_block":51,"minecraft:acacia_trapdoor":8,"minecraft:snow":1,"minecraft:andesite":290,"minecraft:big_dripleaf_stem":7,"minecraft:potatoes":616,"minecraft:cobblestone_slab":10,"minecraft:vine":9,"minecraft:rail":34,"minecraft:warped_stem":9,"minecraft:bamboo_sapling":4,"minecraft:bamboo":945,"minecraft:white_wool":1,"minecraft:ender_chest":22,"minecraft:smithing_table":1,"minecraft:oak_slab":7,"minecraft:glass_pane":10,"minecraft:cherry_planks":3,"minecraft:soul_sand":5,"minecraft:dandelion":22,"minecraft:polished_blackstone_brick_wall":8,"minecraft:cornflower":4,"minecraft:short_grass":545,"minecraft:crimson_slab":3,"minecraft:copper_ore":27,"minecraft:tall_grass":122,"minecraft:deepslate_gold_ore":65,"minecraft:diorite":99,"minecraft:big_dripleaf":11,"minecraft:spruce_log":39,"minecraft:birch_leaves":70,"minecraft:gravel":160,"minecraft:acacia_planks":73,"minecraft:stone_bricks":156,"minecraft:oak_sapling":3,"minecraft:farmland":18,"minecraft:cobbled_deepslate_stairs":1,"minecraft:andesite_stairs":5,"minecraft:cobblestone_stairs":17,"minecraft:sculk_vein":2,"minecraft:spruce_trapdoor":5,"minecraft:cave_vines_plant":9,"minecraft:grass_block":2080,"minecraft:mangrove_fence":3,"minecraft:soul_soil":22,"minecraft:polished_blackstone_brick_slab":13,"minecraft:composter":5,"minecraft:gilded_blackstone":1,"minecraft:iron_ore":40,"minecraft:turtle_egg":4,"minecraft:azure_bluet":4,"minecraft:dark_oak_stairs":9,"minecraft:flowering_azalea_leaves":44,"minecraft:azalea_leaves":59,"minecraft:azalea":8,"minecraft:deepslate_redstone_ore":70,"minecraft:blackstone":918,"minecraft:twisting_vines_plant":3,"minecraft:clay":31,"minecraft:poppy":4,"minecraft:chest":86,"minecraft:mushroom_stem":4,"minecraft:cobblestone":327,"minecraft:nether_quartz_ore":307,"minecraft:grindstone":8,"minecraft:oak_planks":65,"minecraft:wall_torch":40,"minecraft:pink_petals":15,"minecraft:seagrass":28,"minecraft:stone_stairs":5,"minecraft:acacia_sapling":17,"minecraft:warped_nylium":5,"minecraft:yellow_wool":5,"minecraft:birch_log":52,"minecraft:tnt":28,"minecraft:oak_log":556,"minecraft:beetroots":1,"minecraft:acacia_fence":73,"minecraft:sand":612,"minecraft:dirt":1211,"minecraft:crimson_planks":3,"minecraft:ancient_debris":25,"minecraft:netherrack":9974,"minecraft:oak_leaves":213,"minecraft:crying_obsidian":1,"minecraft:nether_gold_ore":216,"minecraft:red_carpet":14,"minecraft:tuff":186,"minecraft:yellow_wall_banner":1,"minecraft:dark_oak_leaves":13,"minecraft:deepslate_diamond_ore":80,"minecraft:oak_door":11,"minecraft:stripped_cherry_log":1,"minecraft:glow_lichen":1,"minecraft:lever":1,"minecraft:spruce_leaves":14,"minecraft:acacia_slab":6,"minecraft:crimson_stem":12,"minecraft:hay_block":67,"minecraft:spore_blossom":2,"minecraft:oak_trapdoor":4,"minecraft:furnace":10,"minecraft:carrots":873,"minecraft:acacia_stairs":22,"minecraft:gold_block":1,"minecraft:polished_deepslate":1,"minecraft:bookshelf":97,"minecraft:shroomlight":15,"minecraft:deepslate_iron_ore":7,"minecraft:lantern":14,"minecraft:stripped_acacia_log":450,"minecraft:stripped_oak_log":223,"minecraft:stone":2092,"minecraft:cherry_stairs":11,"minecraft:scaffolding":30,"minecraft:acacia_leaves":234,"minecraft:flowering_azalea":19,"minecraft:snow_block":7,"minecraft:basalt":87,"minecraft:spruce_door":2,"minecraft:oak_fence":17,"minecraft:crafting_table":23,"minecraft:andesite_slab":5,"minecraft:sculk_sensor":1,"minecraft:lapis_ore":26,"minecraft:polished_blackstone_brick_stairs":6,"minecraft:sculk":71,"minecraft:gray_wool":4,"minecraft:birch_planks":2,"minecraft:acacia_fence_gate":9,"minecraft:redstone_torch":2,"minecraft:ice":1,"minecraft:bee_nest":1,"minecraft:coal_ore":346,"minecraft:cocoa":4,"minecraft:cherry_leaves":40,"minecraft:cracked_stone_bricks":1,"minecraft:small_dripleaf":11,"minecraft:acacia_wall_sign":2}},"DataVersion":3700}