{"stats":{"minecraft:used":{"minecraft:stone_sword":8,"minecraft:iron_shovel":258,"minecraft:stone_shovel":55,"minecraft:chest":20,"minecraft:shield":61,"minecraft:spruce_planks":9,"minecraft:iron_sword":228,"minecraft:cooked_salmon":8,"minecraft:netherrack":37,"minecraft:torch":19,"minecraft:dirt":36,"minecraft:mutton":1,"minecraft:tuff":4,"minecraft:snowball":1,"minecraft:obsidian":8,"minecraft:spruce_boat":17,"minecraft:lava_bucket":4,"minecraft:iron_axe":44,"minecraft:sweet_berries":2,"minecraft:goat_horn":2,"minecraft:furnace":10,"minecraft:cooked_beef":8,"minecraft:cobbled_deepslate":45,"minecraft:water_bucket":68,"minecraft:diorite":24,"minecraft:spruce_door":3,"minecraft:snow_block":24,"minecraft:stone_pickaxe":331,"minecraft:oak_planks":1,"minecraft:wooden_pickaxe":13,"minecraft:blue_bed":1,"minecraft:crafting_table":18,"minecraft:dripstone_block":2,"minecraft:smoker":4,"minecraft:diamond_pickaxe":35,"minecraft:bread":42,"minecraft:iron_pickaxe":485,"minecraft:gravel":1,"minecraft:stone_axe":86,"minecraft:diamond_sword":72,"minecraft:cobblestone":152,"minecraft:grindstone":2,"minecraft:cooked_porkchop":9,"minecraft:bucket":73,"minecraft:andesite":2,"minecraft:oak_boat":2},"minecraft:crafted":{"minecraft:oak_planks":92,"minecraft:stone_shovel":1,"minecraft:blaze_powder":6,"minecraft:furnace":2,"minecraft:cooked_mutton":2,"minecraft:diamond_helmet":2,"minecraft:iron_boots":1,"minecraft:iron_axe":1,"minecraft:stone_pickaxe":3,"minecraft:chest":13,"minecraft:spruce_boat":2,"minecraft:smoker":1,"minecraft:diamond_sword":1,"minecraft:crafting_table":2,"minecraft:spruce_planks":80,"minecraft:iron_helmet":1,"minecraft:wooden_pickaxe":1,"minecraft:iron_sword":2,"minecraft:spruce_door":3,"minecraft:cooked_salmon":15,"minecraft:bucket":1,"minecraft:stone_axe":1,"minecraft:air":0,"minecraft:oak_boat":2,"minecraft:iron_chestplate":2,"minecraft:diamond_pickaxe":1,"minecraft:shield":2,"minecraft:stick":32,"minecraft:iron_ingot":112,"minecraft:iron_pickaxe":3,"minecraft:stone_sword":1,"minecraft:snow_block":63,"minecraft:iron_leggings":2,"minecraft:iron_shovel":2,"minecraft:gold_ingot":3,"minecraft:torch":12},"minecraft:dropped":{"minecraft:bread":39,"minecraft:iron_sword":1,"minecraft:wheat_seeds":3,"minecraft:warped_fungus":2,"minecraft:diamond":5,"minecraft:ender_pearl":8,"minecraft:feather":4,"minecraft:iron_helmet":1,"minecraft:warped_roots":8,"minecraft:granite":1,"minecraft:coal":12,"minecraft:stick":5,"minecraft:dirt":3,"minecraft:torch":2,"minecraft:crimson_roots":1,"minecraft:rabbit":1,"minecraft:snowball":8,"minecraft:diamond_helmet":1,"minecraft:iron_leggings":2,"minecraft:iron_pickaxe":3,"minecraft:glistering_melon_slice":10,"minecraft:string":1,"minecraft:white_wool":37,"minecraft:blue_bed":2,"minecraft:gold_ingot":3,"minecraft:bone":1,"minecraft:warped_nylium":3,"minecraft:sugar_cane":2,"minecraft:blaze_rod":4,"minecraft:pointed_dripstone":1,"minecraft:raw_iron":2,"minecraft:rotten_flesh":9,"minecraft:iron_boots":1,"minecraft:blaze_powder":6,"minecraft:white_bed":2,"minecraft:poppy":1,"minecraft:spruce_boat":1,"minecraft:shield":1,"minecraft:spruce_planks":4,"minecraft:iron_chestplate":2,"minecraft:andesite":8,"minecraft:oak_sapling":2,"minecraft:spruce_log":6,"minecraft:stone_pickaxe":1,"minecraft:warped_wart_block":2,"minecraft:netherrack":1},"minecraft:killed_by":{"minecraft:zombie":1},"minecraft:killed":{"minecraft:spider":1,"minecraft:skeleton":8,"minecraft:chicken":6,"minecraft:piglin":4,"minecraft:pig":3,"minecraft:salmon":22,"minecraft:rabbit":1,"minecraft:sheep":8,"minecraft:pillager":6,"minecraft:zombie":8,"minecraft:stray":1,"minecraft:wither_skeleton":2,"minecraft:enderman":14,"minecraft:blaze":12,"minecraft:cow":9},"minecraft:custom":{"minecraft:mob_kills":105,"minecraft:interact_with_crafting_table":52,"minecraft:leave_game":3,"minecraft:time_since_death":239941,"minecraft:climb_one_cm":166,"minecraft:sprint_one_cm":528806,"minecraft:walk_one_cm":722783,"minecraft:damage_blocked_by_shield":2599,"minecraft:drop":80,"minecraft:play_time":272769,"minecraft:deaths":3,"minecraft:sneak_time":24344,"minecraft:walk_under_water_one_cm":79103,"minecraft:boat_one_cm":201510,"minecraft:jump":4526,"minecraft:interact_with_blast_furnace":6,"minecraft:walk_on_water_one_cm":64624,"minecraft:total_world_time":272769,"minecraft:interact_with_furnace":92,"minecraft:interact_with_grindstone":1,"minecraft:time_since_rest":239969,"minecraft:damage_taken":3843,"minecraft:damage_dealt":17152,"minecraft:fly_one_cm":571275,"minecraft:swim_one_cm":182437,"minecraft:open_chest":202,"minecraft:crouch_one_cm":63646,"minecraft:interact_with_smoker":9,"minecraft:fall_one_cm":97126},"minecraft:mined":{"minecraft:crying_obsidian":1,"minecraft:tuff":4,"minecraft:spruce_planks":4,"minecraft:deepslate_diamond_ore":8,"minecraft:obsidian":20,"minecraft:granite":59,"minecraft:grass_block":22,"minecraft:crimson_roots":1,"minecraft:spruce_leaves":13,"minecraft:large_fern":7,"minecraft:tall_seagrass":1,"minecraft:magma_block":1,"minecraft:furnace":8,"minecraft:nether_sprouts":1,"minecraft:iron_ore":64,"minecraft:fire":13,"minecraft:cobbled_deepslate":2,"minecraft:snow":257,"minecraft:andesite":21,"minecraft:deepslate_lapis_ore":10,"minecraft:pointed_dripstone":1,"minecraft:deepslate_iron_ore":20,"minecraft:warped_stem":5,"minecraft:packed_ice":8,"minecraft:stone":272,"minecraft:snow_block":4,"minecraft:smoker":4,"minecraft:crafting_table":17,"minecraft:torch":3,"minecraft:short_grass":3,"minecraft:warped_roots":4,"minecraft:chest":5,"minecraft:copper_ore":1,"minecraft:cobblestone":51,"minecraft:deepslate_gold_ore":2,"minecraft:lapis_ore":1,"minecraft:grindstone":2,"minecraft:sugar_cane":4,"minecraft:oak_planks":1,"minecraft:diorite":54,"minecraft:wall_torch":9,"minecraft:blue_bed":1,"minecraft:warped_wart_block":9,"minecraft:warped_nylium":25,"minecraft:sweet_berry_bush":1,"minecraft:spruce_log":25,"minecraft:warped_fungus":1,"minecraft:coal_ore":58,"minecraft:oak_log":33,"minecraft:gravel":2,"minecraft:dripstone_block":5,"minecraft:dirt":37,"minecraft:cobweb":1,"minecraft:netherrack":106,"minecraft:deepslate":42,"minecraft:oak_leaves":8,"minecraft:fern":1},"minecraft:picked_up":{"minecraft:crafting_table":19,"minecraft:iron_chestplate":2,"minecraft:ominous_bottle":1,"minecraft:chicken":6,"minecraft:nether_brick_fence":2,"minecraft:wooden_pickaxe":1,"minecraft:shield":3,"minecraft:string":2,"minecraft:raw_copper":4,"minecraft:cooked_salmon":15,"minecraft:iron_leggings":2,"minecraft:shroomlight":1,"minecraft:cobbled_deepslate":54,"minecraft:spruce_planks":15,"minecraft:beef":17,"minecraft:oak_boat":1,"minecraft:poppy":1,"minecraft:iron_pickaxe":4,"minecraft:sugar_cane":12,"minecraft:chest":7,"minecraft:iron_boots":1,"minecraft:furnace":10,"minecraft:tipped_arrow":1,"minecraft:stick":7,"minecraft:raw_iron":90,"minecraft:torch":24,"minecraft:porkchop":8,"minecraft:pointed_dripstone":3,"minecraft:diorite":66,"minecraft:goat_horn":1,"minecraft:stone_shovel":1,"minecraft:stone_sword":1,"minecraft:arrow":9,"minecraft:rotten_flesh":15,"minecraft:glistering_melon_slice":10,"minecraft:blaze_rod":7,"minecraft:obsidian":20,"minecraft:mutton":12,"minecraft:snowball":268,"minecraft:white_wool":44,"minecraft:cobblestone":361,"minecraft:feather":7,"minecraft:glow_ink_sac":6,"minecraft:andesite":23,"minecraft:water_bucket":1,"minecraft:salmon":22,"minecraft:leather":7,"minecraft:smoker":5,"minecraft:tuff":4,"minecraft:oak_log":27,"minecraft:lapis_lazuli":71,"minecraft:dirt":77,"minecraft:blue_bed":3,"minecraft:white_banner":1,"minecraft:cooked_mutton":2,"minecraft:bone":8,"minecraft:wheat_seeds":5,"minecraft:warped_stem":4,"minecraft:raw_gold":2,"minecraft:grindstone":2,"minecraft:iron_ingot":9,"minecraft:stone_pickaxe":3,"minecraft:rabbit":1,"minecraft:oak_planks":46,"minecraft:iron_sword":2,"minecraft:warped_fungus":2,"minecraft:cooked_porkchop":7,"minecraft:sweet_berries":2,"minecraft:warped_wart_block":8,"minecraft:dripstone_block":3,"minecraft:gravel":2,"minecraft:white_bed":2,"minecraft:spruce_log":25,"minecraft:crying_obsidian":1,"minecraft:spider_eye":1,"minecraft:diamond":17,"minecraft:spruce_boat":17,"minecraft:stone_axe":1,"minecraft:crossbow":1,"minecraft:iron_helmet":1,"minecraft:granite":60,"minecraft:golden_apple":2,"minecraft:gray_wool":1,"minecraft:bread":46,"minecraft:warped_roots":10,"minecraft:netherrack":130,"minecraft:oak_sapling":4,"minecraft:warped_nylium":3,"minecraft:coal":109,"minecraft:crimson_roots":1,"minecraft:ender_pearl":8},"minecraft:broken":{"minecraft:iron_shovel":1,"minecraft:stone_pickaxe":2,"minecraft:iron_pickaxe":1}},"DataVersion":3955}