{"stats":{"minecraft:used":{"minecraft:stone_sword":8,"minecraft:iron_shovel":267,"minecraft:stone_shovel":55,"minecraft:chest":20,"minecraft:shield":64,"minecraft:spruce_planks":9,"minecraft:iron_sword":228,"minecraft:cooked_salmon":8,"minecraft:cooked_chicken":1,"minecraft:netherrack":136,"minecraft:oak_door":1,"minecraft:torch":19,"minecraft:dirt":36,"minecraft:mutton":1,"minecraft:tuff":4,"minecraft:snowball":81,"minecraft:obsidian":8,"minecraft:spruce_boat":17,"minecraft:lava_bucket":5,"minecraft:iron_axe":75,"minecraft:sweet_berries":2,"minecraft:goat_horn":2,"minecraft:furnace":10,"minecraft:cooked_beef":8,"minecraft:cobbled_deepslate":45,"minecraft:water_bucket":71,"minecraft:diorite":24,"minecraft:spruce_door":3,"minecraft:snow_block":67,"minecraft:oak_planks":1,"minecraft:stone_pickaxe":331,"minecraft:ender_pearl":2,"minecraft:wooden_pickaxe":14,"minecraft:blue_bed":1,"minecraft:golden_apple":2,"minecraft:crafting_table":22,"minecraft:dripstone_block":2,"minecraft:white_bed":2,"minecraft:smoker":7,"minecraft:diamond_pickaxe":88,"minecraft:chicken":1,"minecraft:bread":51,"minecraft:iron_pickaxe":502,"minecraft:gravel":1,"minecraft:stone_axe":86,"minecraft:diamond_sword":126,"minecraft:wooden_sword":1,"minecraft:cobblestone":152,"minecraft:grindstone":2,"minecraft:cooked_porkchop":13,"minecraft:bucket":77,"minecraft:andesite":2,"minecraft:oak_boat":2},"minecraft:crafted":{"minecraft:wooden_sword":1,"minecraft:oak_door":3,"minecraft:oak_planks":156,"minecraft:stone_shovel":1,"minecraft:blaze_powder":6,"minecraft:furnace":2,"minecraft:cooked_mutton":29,"minecraft:diamond_helmet":2,"minecraft:iron_boots":1,"minecraft:iron_axe":1,"minecraft:stone_pickaxe":3,"minecraft:chest":13,"minecraft:spruce_boat":2,"minecraft:dark_oak_planks":8,"minecraft:smoker":1,"minecraft:wheat":91,"minecraft:cooked_beef":11,"minecraft:diamond_sword":1,"minecraft:cooked_porkchop":14,"minecraft:crafting_table":3,"minecraft:spruce_planks":92,"minecraft:iron_helmet":1,"minecraft:wooden_pickaxe":2,"minecraft:iron_sword":2,"minecraft:spruce_door":3,"minecraft:cooked_salmon":20,"minecraft:bucket":1,"minecraft:stone_axe":1,"minecraft:bread":33,"minecraft:air":0,"minecraft:oak_boat":2,"minecraft:iron_chestplate":2,"minecraft:diamond_pickaxe":1,"minecraft:shield":2,"minecraft:stick":36,"minecraft:iron_ingot":112,"minecraft:iron_pickaxe":3,"minecraft:stone_sword":1,"minecraft:snow_block":63,"minecraft:iron_shovel":2,"minecraft:iron_leggings":2,"minecraft:gold_ingot":3,"minecraft:white_bed":5,"minecraft:torch":12},"minecraft:dropped":{"minecraft:bread":39,"minecraft:iron_sword":1,"minecraft:wheat_seeds":5,"minecraft:ominous_bottle":1,"minecraft:warped_fungus":2,"minecraft:oak_log":3,"minecraft:diamond":7,"minecraft:ender_pearl":8,"minecraft:crafting_table":3,"minecraft:feather":4,"minecraft:oak_fence":1,"minecraft:crossbow":1,"minecraft:cobblestone":12,"minecraft:iron_helmet":1,"minecraft:warped_roots":8,"minecraft:granite":1,"minecraft:coal":12,"minecraft:stick":5,"minecraft:dirt":5,"minecraft:gray_wool":1,"minecraft:torch":2,"minecraft:crimson_roots":1,"minecraft:rabbit":1,"minecraft:brown_wool":2,"minecraft:diamond_helmet":1,"minecraft:snowball":56,"minecraft:iron_leggings":2,"minecraft:white_banner":1,"minecraft:glistering_melon_slice":10,"minecraft:iron_pickaxe":3,"minecraft:iron_shovel":1,"minecraft:string":1,"minecraft:dark_oak_planks":8,"minecraft:white_wool":37,"minecraft:gold_ingot":3,"minecraft:blue_bed":2,"minecraft:bone":1,"minecraft:sugar_cane":2,"minecraft:warped_nylium":3,"minecraft:blaze_rod":4,"minecraft:raw_iron":2,"minecraft:pointed_dripstone":1,"minecraft:rotten_flesh":9,"minecraft:light_gray_wool":1,"minecraft:iron_boots":1,"minecraft:blaze_powder":6,"minecraft:white_bed":5,"minecraft:poppy":1,"minecraft:spruce_boat":3,"minecraft:shield":1,"minecraft:spruce_planks":4,"minecraft:iron_chestplate":2,"minecraft:andesite":8,"minecraft:oak_sapling":2,"minecraft:spruce_log":6,"minecraft:stone_pickaxe":1,"minecraft:warped_wart_block":2,"minecraft:black_wool":1,"minecraft:netherrack":1},"minecraft:killed_by":{"minecraft:ender_dragon":1,"minecraft:zombie":1},"minecraft:killed":{"minecraft:spider":1,"minecraft:skeleton":8,"minecraft:chicken":10,"minecraft:piglin":4,"minecraft:pig":8,"minecraft:salmon":22,"minecraft:rabbit":1,"minecraft:sheep":20,"minecraft:pillager":6,"minecraft:zombie":8,"minecraft:stray":1,"minecraft:wither_skeleton":2,"minecraft:enderman":16,"minecraft:blaze":12,"minecraft:cow":10},"minecraft:custom":{"minecraft:mob_kills":129,"minecraft:interact_with_crafting_table":59,"minecraft:leave_game":4,"minecraft:time_since_death":9904,"minecraft:climb_one_cm":166,"minecraft:sprint_one_cm":677793,"minecraft:walk_one_cm":898099,"minecraft:damage_blocked_by_shield":2734,"minecraft:drop":110,"minecraft:play_time":325767,"minecraft:deaths":4,"minecraft:sneak_time":25041,"minecraft:walk_under_water_one_cm":95498,"minecraft:boat_one_cm":201510,"minecraft:jump":5833,"minecraft:interact_with_blast_furnace":6,"minecraft:walk_on_water_one_cm":71930,"minecraft:enchant_item":7,"minecraft:total_world_time":325767,"minecraft:interact_with_furnace":106,"minecraft:interact_with_grindstone":1,"minecraft:time_since_rest":9932,"minecraft:damage_taken":4919,"minecraft:damage_absorbed":72,"minecraft:damage_dealt":19866,"minecraft:fly_one_cm":984813,"minecraft:swim_one_cm":244103,"minecraft:open_chest":225,"minecraft:crouch_one_cm":65570,"minecraft:interact_with_smoker":44,"minecraft:fall_one_cm":131901},"minecraft:mined":{"minecraft:crying_obsidian":1,"minecraft:tuff":4,"minecraft:spruce_planks":4,"minecraft:deepslate_diamond_ore":8,"minecraft:end_stone":1,"minecraft:obsidian":20,"minecraft:granite":62,"minecraft:grass_block":22,"minecraft:crimson_roots":1,"minecraft:spruce_leaves":17,"minecraft:large_fern":8,"minecraft:hay_block":11,"minecraft:tall_seagrass":1,"minecraft:magma_block":1,"minecraft:furnace":8,"minecraft:fire":21,"minecraft:nether_sprouts":1,"minecraft:iron_ore":64,"minecraft:cobbled_deepslate":2,"minecraft:snow":257,"minecraft:andesite":22,"minecraft:deepslate_lapis_ore":10,"minecraft:pointed_dripstone":1,"minecraft:deepslate_iron_ore":20,"minecraft:iron_bars":3,"minecraft:warped_stem":5,"minecraft:packed_ice":8,"minecraft:stone":291,"minecraft:snow_block":4,"minecraft:smoker":4,"minecraft:oak_fence":1,"minecraft:crafting_table":20,"minecraft:torch":3,"minecraft:short_grass":7,"minecraft:warped_roots":4,"minecraft:chest":5,"minecraft:copper_ore":1,"minecraft:cobblestone":51,"minecraft:deepslate_gold_ore":2,"minecraft:lapis_ore":1,"minecraft:grindstone":2,"minecraft:oak_planks":1,"minecraft:sugar_cane":4,"minecraft:diorite":55,"minecraft:wall_torch":9,"minecraft:blue_bed":1,"minecraft:warped_wart_block":9,"minecraft:warped_nylium":25,"minecraft:sweet_berry_bush":1,"minecraft:spruce_log":28,"minecraft:warped_fungus":1,"minecraft:coal_ore":58,"minecraft:oak_log":52,"minecraft:gravel":10,"minecraft:dripstone_block":5,"minecraft:dirt":39,"minecraft:cobweb":1,"minecraft:stone_bricks":1,"minecraft:netherrack":138,"minecraft:deepslate":42,"minecraft:oak_leaves":8,"minecraft:fern":1},"minecraft:picked_up":{"minecraft:iron_chestplate":2,"minecraft:crafting_table":25,"minecraft:wheat":8,"minecraft:chicken":10,"minecraft:ominous_bottle":1,"minecraft:nether_brick_fence":2,"minecraft:wooden_pickaxe":1,"minecraft:shield":3,"minecraft:string":2,"minecraft:raw_copper":4,"minecraft:cooked_salmon":15,"minecraft:iron_leggings":2,"minecraft:iron_shovel":1,"minecraft:shroomlight":1,"minecraft:cobbled_deepslate":54,"minecraft:spruce_planks":15,"minecraft:beef":18,"minecraft:oak_boat":1,"minecraft:poppy":1,"minecraft:iron_pickaxe":4,"minecraft:light_gray_wool":1,"minecraft:sugar_cane":12,"minecraft:chest":7,"minecraft:iron_boots":1,"minecraft:furnace":10,"minecraft:tipped_arrow":1,"minecraft:stick":7,"minecraft:raw_iron":90,"minecraft:end_stone":4,"minecraft:oak_door":1,"minecraft:oak_fence":1,"minecraft:torch":25,"minecraft:porkchop":21,"minecraft:snow_block":43,"minecraft:pointed_dripstone":3,"minecraft:diorite":67,"minecraft:goat_horn":1,"minecraft:stone_shovel":1,"minecraft:stone_sword":1,"minecraft:arrow":9,"minecraft:rotten_flesh":15,"minecraft:hay_block":14,"minecraft:glistering_melon_slice":10,"minecraft:blaze_rod":7,"minecraft:obsidian":20,"minecraft:mutton":30,"minecraft:snowball":396,"minecraft:cobblestone":373,"minecraft:white_wool":53,"minecraft:feather":11,"minecraft:glow_ink_sac":6,"minecraft:andesite":23,"minecraft:water_bucket":1,"minecraft:salmon":22,"minecraft:brown_wool":2,"minecraft:leather":9,"minecraft:smoker":5,"minecraft:tuff":4,"minecraft:oak_log":46,"minecraft:lapis_lazuli":103,"minecraft:blue_bed":3,"minecraft:dirt":81,"minecraft:white_banner":1,"minecraft:cooked_mutton":2,"minecraft:bone":8,"minecraft:wheat_seeds":6,"minecraft:raw_gold":2,"minecraft:warped_stem":4,"minecraft:stone_pickaxe":3,"minecraft:grindstone":2,"minecraft:iron_ingot":9,"minecraft:cooked_chicken":6,"minecraft:rabbit":1,"minecraft:oak_planks":46,"minecraft:iron_sword":2,"minecraft:warped_fungus":2,"minecraft:cooked_porkchop":7,"minecraft:sweet_berries":2,"minecraft:warped_wart_block":8,"minecraft:gravel":10,"minecraft:dripstone_block":3,"minecraft:white_bed":2,"minecraft:spruce_log":28,"minecraft:crying_obsidian":1,"minecraft:spider_eye":1,"minecraft:diamond":19,"minecraft:spruce_boat":18,"minecraft:stone_axe":1,"minecraft:granite":63,"minecraft:iron_helmet":1,"minecraft:crossbow":1,"minecraft:golden_apple":2,"minecraft:gray_wool":1,"minecraft:warped_roots":10,"minecraft:bread":46,"minecraft:black_wool":1,"minecraft:netherrack":160,"minecraft:coal":109,"minecraft:oak_sapling":4,"minecraft:warped_nylium":3,"minecraft:crimson_roots":1,"minecraft:ender_pearl":11},"minecraft:broken":{"minecraft:iron_shovel":1,"minecraft:stone_pickaxe":2,"minecraft:iron_pickaxe":2}},"DataVersion":3955}