{"stats":{"minecraft:custom":{"minecraft:time_since_rest":0,"minecraft:leave_game":1,"minecraft:deaths":1,"minecraft:play_time":188594,"minecraft:damage_taken":220,"minecraft:time_since_death":0,"minecraft:walk_one_cm":145,"minecraft:total_world_time":188594,"minecraft:fly_one_cm":40},"minecraft:killed_by":{"minecraft:player":1},"minecraft:picked_up":{"minecraft:golden_apple":2,"minecraft:emerald":33,"minecraft:rotten_flesh":50,"minecraft:netherite_hoe":1,"minecraft:leather":3,"minecraft:bow":1,"minecraft:netherite_helmet":1,"minecraft:netherite_leggings":1,"minecraft:diamond_pickaxe":1}},"DataVersion":3700}