{"stats":{"minecraft:dropped":{"minecraft:iron_axe":2},"minecraft:custom":{"minecraft:open_chest":9,"minecraft:time_since_rest":25609,"minecraft:play_time":25609,"minecraft:sprint_one_cm":63452,"minecraft:damage_taken":190,"minecraft:walk_one_cm":52449,"minecraft:sneak_time":13,"minecraft:mob_kills":1,"minecraft:walk_under_water_one_cm":1697,"minecraft:drop":2,"minecraft:jump":220,"minecraft:damage_dealt":91,"minecraft:leave_game":2,"minecraft:time_since_death":25609,"minecraft:walk_on_water_one_cm":5765,"minecraft:total_world_time":25609,"minecraft:climb_one_cm":427,"minecraft:swim_one_cm":15788,"minecraft:interact_with_crafting_table":2,"minecraft:fall_one_cm":3798,"minecraft:fly_one_cm":39368,"minecraft:horse_one_cm":298761},"minecraft:used":{"minecraft:apple":3,"minecraft:crafting_table":1,"minecraft:iron_axe":18,"minecraft:egg":5},"minecraft:picked_up":{"minecraft:iron_axe":2,"minecraft:crafting_table":1,"minecraft:diamond":5,"minecraft:lead":4,"minecraft:acacia_fence_gate":1,"minecraft:oak_log":19,"minecraft:mutton":2,"minecraft:white_wool":1,"minecraft:egg":5},"minecraft:crafted":{"minecraft:oak_planks":36,"minecraft:crafting_table":1,"minecraft:stick":8},"minecraft:killed":{"minecraft:sheep":1},"minecraft:mined":{"minecraft:oak_log":18,"minecraft:crafting_table":1}},"DataVersion":3700}