{"stats":{"minecraft:custom":{"minecraft:mob_kills":6,"minecraft:interact_with_crafting_table":3,"minecraft:leave_game":2,"minecraft:time_since_death":59898,"minecraft:time_since_rest":60390,"minecraft:sprint_one_cm":132579,"minecraft:damage_taken":1218,"minecraft:walk_one_cm":344917,"minecraft:drop":26,"minecraft:damage_dealt":1268,"minecraft:fly_one_cm":73631,"minecraft:crouch_one_cm":65662,"minecraft:play_time":124631,"minecraft:deaths":1,"minecraft:sneak_time":21782,"minecraft:walk_under_water_one_cm":371,"minecraft:boat_one_cm":72613,"minecraft:jump":1146,"minecraft:walk_on_water_one_cm":7352,"minecraft:total_world_time":124631,"minecraft:interact_with_smoker":1,"minecraft:fall_one_cm":14813},"minecraft:picked_up":{"minecraft:iron_chestplate":1,"minecraft:golden_carrot":43,"minecraft:andesite":60,"minecraft:chest_minecart":2,"minecraft:flint":3,"minecraft:acacia_boat":1,"minecraft:dirt":24,"minecraft:string":49,"minecraft:lantern":9,"minecraft:name_tag":1,"minecraft:deepslate_lapis_ore":6,"minecraft:flint_and_steel":2,"minecraft:iron_leggings":1,"minecraft:bone":6,"minecraft:bow":2,"minecraft:cobbled_deepslate":254,"minecraft:raw_gold":9,"minecraft:deepslate_diamond_ore":2,"minecraft:iron_ingot":160,"minecraft:iron_ore":4,"minecraft:iron_pickaxe":3,"minecraft:iron_sword":1,"minecraft:deepslate_iron_ore":2,"minecraft:iron_boots":1,"minecraft:stick":123,"minecraft:raw_iron":2,"minecraft:stone":121,"minecraft:cooked_porkchop":40,"minecraft:sculk":5,"minecraft:diorite":26,"minecraft:redstone":97,"minecraft:spider_eye":2,"minecraft:pumpkin_seeds":3,"minecraft:arrow":1,"minecraft:rotten_flesh":4,"minecraft:deepslate":237,"minecraft:diamond":208,"minecraft:deepslate_gold_ore":14,"minecraft:iron_helmet":1,"minecraft:emerald":1,"minecraft:bread":1,"minecraft:glow_berries":3,"minecraft:rail":8,"minecraft:cobblestone":16,"minecraft:diamond_pickaxe":3},"minecraft:dropped":{"minecraft:bread":1,"minecraft:iron_ingot":2,"minecraft:acacia_boat":1,"minecraft:cobbled_deepslate":107,"minecraft:diamond":74,"minecraft:deepslate":132,"minecraft:cobblestone":15,"minecraft:flint":1,"minecraft:diamond_pickaxe":2,"minecraft:andesite":50,"minecraft:spider_eye":2,"minecraft:iron_pickaxe":1},"minecraft:mined":{"minecraft:deepslate_redstone_ore":17,"minecraft:tuff":42,"minecraft:deepslate_diamond_ore":1,"minecraft:sculk_vein":12,"minecraft:glow_lichen":1,"minecraft:grass_block":17,"minecraft:deepslate_gold_ore":14,"minecraft:sculk":88,"minecraft:diorite":16,"minecraft:iron_ore":2,"minecraft:cobbled_deepslate":2,"minecraft:andesite":26,"minecraft:deepslate_lapis_ore":7,"minecraft:coal_ore":1,"minecraft:deepslate_iron_ore":2,"minecraft:lantern":6,"minecraft:gravel":2,"minecraft:dirt":1,"minecraft:cobweb":34,"minecraft:stone":119,"minecraft:deepslate":737},"minecraft:killed_by":{"minecraft:cave_spider":1},"minecraft:used":{"minecraft:stone":11,"minecraft:iron_sword":98,"minecraft:glow_berries":3,"minecraft:dirt":12,"minecraft:diamond_pickaxe":833,"minecraft:lantern":8,"minecraft:iron_pickaxe":262,"minecraft:cobblestone":1,"minecraft:cooked_porkchop":11,"minecraft:cobbled_deepslate":5},"minecraft:crafted":{"minecraft:iron_helmet":1,"minecraft:iron_sword":1,"minecraft:iron_boots":1,"minecraft:iron_chestplate":1,"minecraft:iron_pickaxe":2,"minecraft:iron_leggings":1},"minecraft:killed":{"minecraft:cave_spider":2,"minecraft:zombie":3}},"DataVersion":3700}