{"stats":{"minecraft:custom":{"minecraft:interact_with_furnace":51,"minecraft:mob_kills":84,"minecraft:interact_with_crafting_table":25,"minecraft:time_since_death":41015,"minecraft:sleep_in_bed":3,"minecraft:time_since_rest":3445,"minecraft:sprint_one_cm":120802,"minecraft:damage_taken":1707,"minecraft:walk_one_cm":54534,"minecraft:drop":19,"minecraft:damage_dealt":8459,"minecraft:talked_to_villager":1,"minecraft:swim_one_cm":39215,"minecraft:fly_one_cm":287177,"minecraft:open_chest":23,"minecraft:crouch_one_cm":11034,"minecraft:play_time":47868,"minecraft:deaths":3,"minecraft:sneak_time":5756,"minecraft:walk_under_water_one_cm":5670,"minecraft:jump":1429,"minecraft:walk_on_water_one_cm":9687,"minecraft:total_world_time":47868,"minecraft:fall_one_cm":47813},"minecraft:killed":{"minecraft:pig":16,"minecraft:salmon":4,"minecraft:iron_golem":1,"minecraft:sheep":25,"minecraft:horse":6,"minecraft:pillager":1,"minecraft:chicken":15,"minecraft:cow":16},"minecraft:mined":{"minecraft:white_bed":5,"minecraft:dark_oak_log":2,"minecraft:crafting_table":5,"minecraft:short_grass":19,"minecraft:grass_block":10,"minecraft:tall_grass":1,"minecraft:cobblestone":4,"minecraft:wall_torch":2,"minecraft:hay_block":11,"minecraft:tall_seagrass":1,"minecraft:furnace":8,"minecraft:andesite":1,"minecraft:oak_log":21,"minecraft:coal_ore":27,"minecraft:dirt":14,"minecraft:stone":136,"minecraft:oak_leaves":3},"minecraft:used":{"minecraft:cooked_mutton":1,"minecraft:stone_pickaxe":173,"minecraft:chest":2,"minecraft:wooden_pickaxe":8,"minecraft:iron_sword":6,"minecraft:cooked_chicken":2,"minecraft:torch":1,"minecraft:dirt":15,"minecraft:crafting_table":5,"minecraft:allium":2,"minecraft:white_bed":5,"minecraft:golden_shovel":11,"minecraft:bread":1,"minecraft:stone_axe":153,"minecraft:cobblestone":4,"minecraft:goat_horn":4,"minecraft:furnace":8,"minecraft:cooked_porkchop":2,"minecraft:cooked_beef":1,"minecraft:experience_bottle":1},"minecraft:picked_up":{"minecraft:crafting_table":5,"minecraft:allium":2,"minecraft:feather":17,"minecraft:chicken":14,"minecraft:salmon":4,"minecraft:andesite":2,"minecraft:leather":24,"minecraft:oak_log":20,"minecraft:dirt":46,"minecraft:wheat_seeds":1,"minecraft:iron_ingot":3,"minecraft:beef":25,"minecraft:furnace":8,"minecraft:stick":3,"minecraft:torch":2,"minecraft:fire_charge":1,"minecraft:porkchop":31,"minecraft:white_bed":5,"minecraft:dark_oak_log":2,"minecraft:hay_block":11,"minecraft:gray_wool":1,"minecraft:mutton":36,"minecraft:coal":58,"minecraft:white_wool":23,"minecraft:cobblestone":142},"minecraft:crafted":{"minecraft:cooked_beef":25,"minecraft:oak_planks":80,"minecraft:cooked_porkchop":31,"minecraft:leather_boots":1,"minecraft:crafting_table":1,"minecraft:wooden_pickaxe":1,"minecraft:cooked_chicken":14,"minecraft:iron_sword":1,"minecraft:furnace":5,"minecraft:cooked_salmon":4,"minecraft:stone_axe":3,"minecraft:cooked_mutton":36,"minecraft:bread":36,"minecraft:air":0,"minecraft:shield":1,"minecraft:stick":16,"minecraft:iron_ingot":4,"minecraft:leather_chestplate":1,"minecraft:iron_pickaxe":1,"minecraft:stone_pickaxe":2,"minecraft:chest":2,"minecraft:gold_ingot":1,"minecraft:white_bed":1,"minecraft:dark_oak_planks":28,"minecraft:wheat":99},"minecraft:broken":{"minecraft:stone_pickaxe":1,"minecraft:stone_axe":2},"minecraft:dropped":{"minecraft:iron_nugget":1,"minecraft:feather":4,"minecraft:cobblestone":2,"minecraft:stick":3,"minecraft:dirt":18,"minecraft:andesite":2,"minecraft:fire_charge":2,"minecraft:wooden_pickaxe":1}},"DataVersion":3955}