{"stats":{"minecraft:crafted":{"minecraft:ender_chest":1,"minecraft:smooth_stone":117,"minecraft:oak_sign":9,"minecraft:blaze_powder":4,"minecraft:dark_oak_wood":6,"minecraft:chain":3,"minecraft:diamond_shovel":2,"minecraft:lever":26,"minecraft:bookshelf":83,"minecraft:cracked_stone_bricks":1,"minecraft:cooked_mutton":53,"minecraft:glass":872,"minecraft:diamond_helmet":1,"minecraft:repeater":14,"minecraft:diamond_leggings":1,"minecraft:stone_pressure_plate":1,"minecraft:name_tag":1,"minecraft:flower_pot":4,"minecraft:glass_bottle":18,"minecraft:furnace_minecart":1,"minecraft:emerald":4890,"minecraft:cooked_porkchop":14,"minecraft:diamond_axe":2,"minecraft:spruce_door":3,"minecraft:clock":10,"minecraft:copper_ingot":237,"minecraft:fletching_table":9,"minecraft:bamboo_planks":18,"minecraft:lectern":8,"minecraft:wooden_hoe":2,"minecraft:iron_pickaxe":4,"minecraft:iron_block":1548,"minecraft:gold_ingot":374,"minecraft:golden_carrot":171,"minecraft:smooth_stone_slab":4,"minecraft:jukebox":1,"minecraft:iron_nugget":158,"minecraft:crimson_trapdoor":52,"minecraft:cut_copper_stairs":4,"minecraft:red_terracotta":16,"minecraft:bone_meal":192,"minecraft:white_carpet":9,"minecraft:stone_stairs":32,"minecraft:terracotta":21,"minecraft:lantern":105,"minecraft:spruce_stairs":16,"minecraft:detector_rail":6,"minecraft:ladder":72,"minecraft:spruce_slab":12,"minecraft:stone_pickaxe":1,"minecraft:diamond_boots":1,"minecraft:redstone_block":1,"minecraft:dark_oak_planks":644,"minecraft:wheat":1864,"minecraft:cut_copper_slab":8,"minecraft:polished_blackstone_brick_slab":6,"minecraft:crimson_slab":384,"minecraft:deepslate_brick_slab":16,"minecraft:enchanted_book":30,"minecraft:oak_fence_gate":2,"minecraft:crimson_stairs":52,"minecraft:golden_apple":49,"minecraft:chainmail_boots":50,"minecraft:fermented_spider_eye":6,"minecraft:crimson_fence":27,"minecraft:iron_shovel":17,"minecraft:iron_leggings":5,"minecraft:white_bed":3,"minecraft:brick":56,"minecraft:grindstone":2,"minecraft:oak_planks":2544,"minecraft:barrel":11,"minecraft:dark_oak_boat":3,"minecraft:cooked_chicken":2,"minecraft:stone":324,"minecraft:suspicious_stew":3,"minecraft:warped_planks":4,"minecraft:bamboo_block":9,"minecraft:hopper":17,"minecraft:iron_boots":51,"minecraft:comparator":2,"minecraft:chest":61,"minecraft:oak_button":2,"minecraft:copper_block":24,"minecraft:rail":128,"minecraft:ender_eye":1,"minecraft:stone_bricks":19,"minecraft:oak_fence":12,"minecraft:oak_slab":132,"minecraft:crafting_table":28,"minecraft:spruce_planks":328,"minecraft:iron_helmet":4,"minecraft:wooden_pickaxe":2,"minecraft:baked_potato":16,"minecraft:hopper_minecart":1,"minecraft:brewing_stand":1,"minecraft:birch_planks":12,"minecraft:dispenser":1,"minecraft:tnt":132,"minecraft:apple":64,"minecraft:spruce_trapdoor":66,"minecraft:dark_oak_slab":174,"minecraft:book":33,"minecraft:iron_chestplate":1,"minecraft:paper":168,"minecraft:diamond_pickaxe":4,"minecraft:charcoal":49,"minecraft:emerald_block":231,"minecraft:shield":40,"minecraft:stick":5975,"minecraft:iron_ingot":12575,"minecraft:snow_block":12,"minecraft:redstone_torch":51,"minecraft:crimson_hyphae":3,"minecraft:cookie":216,"minecraft:oak_door":6,"minecraft:redstone":9,"minecraft:furnace":11,"minecraft:stone_button":4,"minecraft:blast_furnace":5,"minecraft:piston":33,"minecraft:dark_oak_sign":57,"minecraft:oak_trapdoor":46,"minecraft:glass_pane":160,"minecraft:iron_axe":84,"minecraft:iron_hoe":3,"minecraft:minecart":6,"minecraft:observer":16,"minecraft:cooked_beef":47,"minecraft:sugar":6,"minecraft:red_dye":49,"minecraft:crimson_planks":888,"minecraft:diamond_sword":3,"minecraft:dark_oak_stairs":60,"minecraft:powered_rail":12,"minecraft:iron_sword":45,"minecraft:bucket":4,"minecraft:air":0,"minecraft:bread":882,"minecraft:oak_boat":16,"minecraft:stonecutter":1,"minecraft:anvil":4,"minecraft:torch":112,"minecraft:clay":21,"minecraft:diamond_chestplate":2},"minecraft:custom":{"minecraft:interact_with_crafting_table":494,"minecraft:open_barrel":616,"minecraft:bell_ring":69,"minecraft:leave_game":54,"minecraft:time_since_death":74154,"minecraft:damage_blocked_by_shield":9030,"minecraft:play_time":2950337,"minecraft:deaths":24,"minecraft:jump":69636,"minecraft:interact_with_furnace":552,"minecraft:play_record":1,"minecraft:traded_with_villager":4220,"minecraft:interact_with_cartography_table":1,"minecraft:sleep_in_bed":164,"minecraft:damage_dealt":118415,"minecraft:interact_with_smoker":41,"minecraft:inspect_dispenser":35,"minecraft:horse_one_cm":17773,"minecraft:use_cauldron":45,"minecraft:interact_with_smithing_table":2,"minecraft:interact_with_anvil":61,"minecraft:inspect_hopper":72,"minecraft:sneak_time":433558,"minecraft:interact_with_blast_furnace":32,"minecraft:total_world_time":2950337,"minecraft:interact_with_stonecutter":30,"minecraft:time_since_rest":665,"minecraft:swim_one_cm":756110,"minecraft:fly_one_cm":15089139,"minecraft:open_chest":4340,"minecraft:fish_caught":1,"minecraft:fall_one_cm":1386633,"minecraft:sprint_one_cm":4902015,"minecraft:drop":754,"minecraft:talked_to_villager":3216,"minecraft:interact_with_brewingstand":40,"minecraft:walk_on_water_one_cm":394841,"minecraft:open_enderchest":3,"minecraft:player_kills":5,"minecraft:crouch_one_cm":1461993,"minecraft:mob_kills":593,"minecraft:fill_cauldron":6,"minecraft:climb_one_cm":87760,"minecraft:walk_one_cm":4940087,"minecraft:walk_under_water_one_cm":283468,"minecraft:boat_one_cm":934847,"minecraft:raid_trigger":1,"minecraft:pot_flower":6,"minecraft:interact_with_grindstone":6,"minecraft:damage_taken":30078,"minecraft:damage_absorbed":6},"minecraft:mined":{"minecraft:dark_oak_planks":4,"minecraft:white_bed":26,"minecraft:obsidian":10,"minecraft:granite":113,"minecraft:chiseled_polished_blackstone":1,"minecraft:crimson_trapdoor":10,"minecraft:yellow_carpet":4,"minecraft:oak_pressure_plate":3,"minecraft:deepslate_bricks":3,"minecraft:deepslate_tile_stairs":1,"minecraft:hopper":22,"minecraft:oxeye_daisy":6,"minecraft:oak_wall_sign":1,"minecraft:nether_wart":40,"minecraft:spawner":3,"minecraft:weeping_vines_plant":3,"minecraft:polished_blackstone_bricks":103,"minecraft:tall_seagrass":18,"minecraft:magma_block":5,"minecraft:fire":34,"minecraft:barrel":9,"minecraft:cobbled_deepslate":426,"minecraft:pumpkin":23,"minecraft:deepslate_lapis_ore":3,"minecraft:fletching_table":19,"minecraft:sculk_shrieker":2,"minecraft:cave_vines":1,"minecraft:water_cauldron":7,"minecraft:dirt_path":722,"minecraft:oak_stairs":118,"minecraft:white_banner":2,"minecraft:iron_block":4,"minecraft:piston_head":1,"minecraft:brown_mushroom":20,"minecraft:smoker":5,"minecraft:crimson_nylium":19,"minecraft:torch":22,"minecraft:blast_furnace":51,"minecraft:polished_diorite_slab":12,"minecraft:glass":385,"minecraft:sugar_cane":136,"minecraft:damaged_anvil":1,"minecraft:crimson_stairs":17,"minecraft:white_terracotta":31,"minecraft:repeater":23,"minecraft:mud":3,"minecraft:wheat":124,"minecraft:pumpkin_stem":1,"minecraft:copper_block":26,"minecraft:oak_fence_gate":2,"minecraft:dark_oak_sapling":2,"minecraft:stonecutter":3,"minecraft:stripped_crimson_stem":1,"minecraft:piston":12,"minecraft:deepslate":506,"minecraft:deepslate_tiles":1,"minecraft:mossy_cobblestone":22,"minecraft:dark_oak_log":216,"minecraft:cobbled_deepslate_slab":2,"minecraft:nether_bricks":214,"minecraft:crimson_roots":7,"minecraft:redstone_wire":84,"minecraft:red_mushroom":3,"minecraft:cartography_table":2,"minecraft:moss_block":3,"minecraft:redstone_ore":8,"minecraft:snow":71,"minecraft:andesite":29,"minecraft:potatoes":7,"minecraft:rail":1037,"minecraft:warped_stem":25,"minecraft:bamboo_sapling":1,"minecraft:bamboo":209,"minecraft:bone_block":5,"minecraft:white_wool":4,"minecraft:oak_slab":44,"minecraft:redstone_block":4,"minecraft:glass_pane":16,"minecraft:comparator":7,"minecraft:soul_sand":57,"minecraft:observer":46,"minecraft:dandelion":50,"minecraft:cornflower":3,"minecraft:short_grass":1022,"minecraft:crimson_slab":53,"minecraft:copper_ore":54,"minecraft:tall_grass":100,"minecraft:deepslate_gold_ore":73,"minecraft:cracked_deepslate_bricks":1,"minecraft:diorite":78,"minecraft:purple_bed":5,"minecraft:cut_copper_slab":7,"minecraft:white_carpet":4,"minecraft:spruce_log":85,"minecraft:birch_leaves":1,"minecraft:gravel":102,"minecraft:cobweb":12,"minecraft:oak_button":1,"minecraft:stone_bricks":119,"minecraft:chipped_anvil":3,"minecraft:gold_ore":9,"minecraft:fern":6,"minecraft:large_amethyst_bud":3,"minecraft:spruce_planks":10,"minecraft:oak_sapling":4,"minecraft:farmland":26,"minecraft:cobblestone_stairs":3,"minecraft:sculk_vein":48,"minecraft:brewing_stand":1,"minecraft:spruce_trapdoor":1,"minecraft:cave_vines_plant":1,"minecraft:grass_block":3796,"minecraft:cracked_polished_blackstone_bricks":67,"minecraft:composter":10,"minecraft:gilded_blackstone":6,"minecraft:smooth_stone":7,"minecraft:glowstone":20,"minecraft:iron_ore":109,"minecraft:azure_bluet":7,"minecraft:dark_oak_stairs":4,"minecraft:spruce_slab":3,"minecraft:deepslate_redstone_ore":22,"minecraft:blackstone":59,"minecraft:clay":35,"minecraft:poppy":8,"minecraft:chest":90,"minecraft:cobblestone":121,"minecraft:nether_quartz_ore":180,"minecraft:grindstone":46,"minecraft:oak_planks":470,"minecraft:wall_torch":25,"minecraft:seagrass":10,"minecraft:stone_stairs":2,"minecraft:powered_rail":12,"minecraft:dark_oak_slab":11,"minecraft:nether_wart_block":4,"minecraft:yellow_wool":5,"minecraft:birch_log":3,"minecraft:stripped_oak_wood":1,"minecraft:light_gray_wool":1,"minecraft:tnt":6,"minecraft:smooth_stone_slab":15,"minecraft:oak_log":902,"minecraft:beetroots":4,"minecraft:sand":1830,"minecraft:dirt":2834,"minecraft:crimson_planks":84,"minecraft:wither_skeleton_skull":3,"minecraft:netherrack":1370,"minecraft:oak_leaves":259,"minecraft:nether_gold_ore":38,"minecraft:tuff":28,"minecraft:dark_oak_leaves":33,"minecraft:deepslate_diamond_ore":128,"minecraft:oak_door":2,"minecraft:lever":19,"minecraft:ladder":7,"minecraft:weeping_vines":1,"minecraft:spruce_leaves":79,"minecraft:crimson_stem":93,"minecraft:hay_block":122,"minecraft:deepslate_brick_slab":215,"minecraft:oak_trapdoor":75,"minecraft:spruce_sapling":1,"minecraft:furnace":17,"minecraft:carrots":396,"minecraft:stripped_spruce_log":18,"minecraft:chiseled_deepslate":4,"minecraft:gold_block":22,"minecraft:bell":9,"minecraft:nether_brick_fence":30,"minecraft:bookshelf":16,"minecraft:deepslate_iron_ore":28,"minecraft:lantern":9,"minecraft:stripped_oak_log":83,"minecraft:packed_ice":18,"minecraft:stone":919,"minecraft:redstone_wall_torch":4,"minecraft:podzol":130,"minecraft:cut_copper_stairs":4,"minecraft:snow_block":5,"minecraft:stripped_dark_oak_log":3,"minecraft:basalt":55,"minecraft:oak_fence":70,"minecraft:crafting_table":21,"minecraft:rose_bush":1,"minecraft:sculk_sensor":5,"minecraft:lectern":533,"minecraft:stone_slab":1,"minecraft:lapis_ore":8,"minecraft:polished_blackstone_brick_stairs":2,"minecraft:sculk":272,"minecraft:spruce_stairs":1,"minecraft:redstone_torch":17,"minecraft:sweet_berry_bush":12,"minecraft:ice":5,"minecraft:white_wall_banner":3,"minecraft:bee_nest":2,"minecraft:yellow_bed":38,"minecraft:coal_ore":301,"minecraft:cracked_stone_bricks":2,"minecraft:crimson_fence":26},"minecraft:dropped":{"minecraft:crimson_stem":1,"minecraft:iron_sword":1,"minecraft:diamond":1,"minecraft:crafting_table":2,"minecraft:dark_oak_slab":1,"minecraft:crossbow":2,"minecraft:cookie":280,"minecraft:warped_roots":1,"minecraft:rail":9,"minecraft:emerald":259,"minecraft:dirt":215,"minecraft:snout_armor_trim_smithing_template":1,"minecraft:gold_nugget":8,"minecraft:bone_meal":3,"minecraft:sand":25,"minecraft:iron_pickaxe":16,"minecraft:dark_oak_boat":1,"minecraft:white_wool":5,"minecraft:bone":33,"minecraft:emerald_block":16,"minecraft:sugar_cane":2,"minecraft:iron_nugget":69,"minecraft:golden_chestplate":1,"minecraft:cobbled_deepslate":62,"minecraft:wheat":1,"minecraft:birch_sapling":6,"minecraft:obsidian":3,"minecraft:stripped_dark_oak_log":1,"minecraft:rotten_flesh":20,"minecraft:oak_planks":7,"minecraft:enchanted_golden_apple":2,"minecraft:golden_shovel":1,"minecraft:nether_brick_fence":3,"minecraft:white_bed":1,"minecraft:egg":2,"minecraft:iron_ingot":334,"minecraft:enchanted_book":1,"minecraft:golden_boots":2,"minecraft:wheat_seeds":87,"minecraft:tnt":3,"minecraft:iron_helmet":1,"minecraft:feather":5,"minecraft:cobblestone":86,"minecraft:prismarine_crystals":1,"minecraft:apple":10,"minecraft:music_disc_pigstep":1,"minecraft:coal":182,"minecraft:oxeye_daisy":1,"minecraft:diamond_horse_armor":1,"minecraft:gray_wool":1,"minecraft:golden_carrot":44,"minecraft:ink_sac":8,"minecraft:potion":3,"minecraft:pumpkin":2,"minecraft:heart_of_the_sea":1,"minecraft:smooth_stone":1,"minecraft:paper":28,"minecraft:iron_shovel":5,"minecraft:string":21,"minecraft:spruce_sapling":1,"minecraft:snow_block":12,"minecraft:stone_sword":2,"minecraft:chicken":2,"minecraft:white_carpet":5,"minecraft:iron_boots":20,"minecraft:stone_slab":4,"minecraft:suspicious_stew":4,"minecraft:diamond_sword":5,"minecraft:hay_block":17,"minecraft:potato":50,"minecraft:stone":3,"minecraft:crimson_slab":64,"minecraft:piglin_banner_pattern":1,"minecraft:spruce_planks":3,"minecraft:diamond_pickaxe":4,"minecraft:yellow_bed":1,"minecraft:spider_eye":4,"minecraft:stone_bricks":6,"minecraft:bamboo":6,"minecraft:sandstone":128,"minecraft:dark_oak_stairs":1,"minecraft:brown_mushroom":3,"minecraft:diamond_axe":2,"minecraft:ender_pearl":1,"minecraft:dark_oak_sapling":1,"minecraft:flint":2,"minecraft:ice":4,"minecraft:polished_blackstone_brick_stairs":2,"minecraft:crimson_roots":2,"minecraft:snowball":7,"minecraft:polished_blackstone_bricks":3,"minecraft:gravel":7,"minecraft:yellow_wool":5,"minecraft:beetroot":1,"minecraft:diamond_shovel":4,"minecraft:carrot":1289,"minecraft:poppy":3016,"minecraft:leather_chestplate":1,"minecraft:gunpowder":5,"minecraft:chest":45,"minecraft:chainmail_boots":23,"minecraft:basalt":2,"minecraft:arrow":50,"minecraft:quartz":128,"minecraft:netherrack":4133,"minecraft:water_bucket":1,"minecraft:bread":529,"minecraft:oak_slab":7,"minecraft:minecart":1,"minecraft:lead":1,"minecraft:observer":1,"minecraft:grass_block":1,"minecraft:stick":7,"minecraft:iron_block":65,"minecraft:torch":5,"minecraft:nether_wart_block":1,"minecraft:fire_charge":3,"minecraft:iron_leggings":3,"minecraft:crimson_fence":2,"minecraft:iron_axe":16,"minecraft:bucket":3,"minecraft:dandelion":12,"minecraft:redstone":98,"minecraft:sweet_berries":3,"minecraft:warped_nylium":1,"minecraft:oak_trapdoor":11,"minecraft:raw_iron":2,"minecraft:light_gray_wool":2,"minecraft:iron_hoe":1,"minecraft:smoker":2,"minecraft:comparator":1,"minecraft:stripped_oak_log":2,"minecraft:flint_and_steel":1,"minecraft:filled_map":4,"minecraft:shield":11,"minecraft:iron_chestplate":1,"minecraft:pink_wool":1,"minecraft:oak_sapling":2,"minecraft:oak_boat":7,"minecraft:golden_sword":2,"minecraft:diamond_boots":2,"minecraft:brick":1},"minecraft:killed":{"minecraft:cave_spider":2,"minecraft:skeleton":79,"minecraft:chicken":9,"minecraft:magma_cube":30,"minecraft:salmon":3,"minecraft:iron_golem":14,"minecraft:pillager":20,"minecraft:zombie":70,"minecraft:donkey":1,"minecraft:cow":27,"minecraft:horse":9,"minecraft:wandering_trader":2,"minecraft:polar_bear":3,"minecraft:enderman":7,"minecraft:zombified_piglin":5,"minecraft:witch":2,"minecraft:spider":47,"minecraft:bee":3,"minecraft:piglin_brute":2,"minecraft:piglin":12,"minecraft:pig":15,"minecraft:zombie_villager":2,"minecraft:creeper":23,"minecraft:sheep":30,"minecraft:trader_llama":3,"minecraft:ghast":2,"minecraft:blaze":57,"minecraft:drowned":3,"minecraft:bat":2,"minecraft:hoglin":3,"minecraft:wither_skeleton":87,"minecraft:player":4,"minecraft:villager":7},"minecraft:picked_up":{"minecraft:iron_chestplate":2,"minecraft:chainmail_boots":37,"minecraft:suspicious_stew":4,"minecraft:flower_pot":1,"minecraft:lead":6,"minecraft:stone_slab":13,"minecraft:diamond_sword":18,"minecraft:oak_stairs":135,"minecraft:enchanted_book":2,"minecraft:brewing_stand":1,"minecraft:golden_sword":3,"minecraft:polished_blackstone_brick_stairs":2,"minecraft:string":131,"minecraft:beetroot":4,"minecraft:diamond_leggings":3,"minecraft:gold_nugget":338,"minecraft:cobbled_deepslate":1480,"minecraft:crimson_fence":41,"minecraft:spruce_planks":44,"minecraft:hopper_minecart":4,"minecraft:enchanted_golden_apple":2,"minecraft:composter":18,"minecraft:cut_copper_stairs":4,"minecraft:deepslate_tile_stairs":1,"minecraft:golden_chestplate":1,"minecraft:cauldron":6,"minecraft:stone_sword":6,"minecraft:iron_block":294,"minecraft:bookshelf":4,"minecraft:white_terracotta":93,"minecraft:blaze_rod":100,"minecraft:snowball":87,"minecraft:birch_log":3,"minecraft:furnace_minecart":8,"minecraft:magma_block":18,"minecraft:polished_diorite_slab":218,"minecraft:feather":25,"minecraft:cooked_beef":137,"minecraft:water_bucket":19,"minecraft:dark_oak_boat":8,"minecraft:copper_block":27,"minecraft:smoker":9,"minecraft:flint":25,"minecraft:lantern":15,"minecraft:chipped_anvil":3,"minecraft:stonecutter":3,"minecraft:dark_oak_sign":57,"minecraft:diamond_helmet":3,"minecraft:glowstone_dust":100,"minecraft:moss_block":9,"minecraft:chiseled_polished_blackstone":1,"minecraft:stripped_crimson_stem":2,"minecraft:stripped_spruce_log":18,"minecraft:ink_sac":35,"minecraft:dark_oak_log":286,"minecraft:barrel":9,"minecraft:iron_hoe":3,"minecraft:deepslate":32,"minecraft:lever":19,"minecraft:granite":371,"minecraft:bread":1192,"minecraft:diamond_pickaxe":17,"minecraft:crimson_roots":34,"minecraft:mud":7,"minecraft:crafting_table":37,"minecraft:nether_wart":239,"minecraft:clay_ball":252,"minecraft:golden_pickaxe":2,"minecraft:crimson_trapdoor":10,"minecraft:cornflower":6,"minecraft:flint_and_steel":12,"minecraft:compass":3,"minecraft:white_carpet":35,"minecraft:iron_shovel":17,"minecraft:glass_pane":76,"minecraft:cracked_stone_bricks":2,"minecraft:cartography_table":4,"minecraft:beef":49,"minecraft:iron_nugget":135,"minecraft:poppy":185,"minecraft:spruce_slab":6,"minecraft:minecart":122,"minecraft:chest":149,"minecraft:birch_sapling":8,"minecraft:piston":17,"minecraft:egg":14,"minecraft:sandstone":128,"minecraft:stone":376,"minecraft:oak_door":24,"minecraft:fire_charge":3,"minecraft:carrot":1680,"minecraft:redstone":568,"minecraft:tnt":7,"minecraft:diamond_chestplate":12,"minecraft:beetroot_seeds":17,"minecraft:deepslate_bricks":3,"minecraft:diamond_boots":5,"minecraft:hay_block":223,"minecraft:cracked_deepslate_bricks":1,"minecraft:gold_ingot":42,"minecraft:mutton":52,"minecraft:white_wool":39,"minecraft:bone_block":56,"minecraft:rail":1344,"minecraft:crimson_slab":426,"minecraft:oxeye_daisy":30,"minecraft:stripped_oak_log":83,"minecraft:clock":13,"minecraft:red_mushroom":4,"minecraft:filled_map":6,"minecraft:oak_log":903,"minecraft:lily_pad":4,"minecraft:golden_boots":1,"minecraft:paper":166,"minecraft:white_banner":8,"minecraft:stone_bricks":203,"minecraft:apple":46,"minecraft:warped_stem":19,"minecraft:oak_fence_gate":6,"minecraft:stone_pickaxe":2,"minecraft:iron_sword":3,"minecraft:dark_oak_stairs":9,"minecraft:dark_oak_slab":77,"minecraft:sweet_berries":78,"minecraft:gravel":157,"minecraft:crimson_stairs":41,"minecraft:spruce_sapling":18,"minecraft:spruce_log":143,"minecraft:diamond_shovel":7,"minecraft:purple_bed":5,"minecraft:diamond_axe":5,"minecraft:gray_wool":1,"minecraft:warped_roots":1,"minecraft:oak_button":1,"minecraft:baked_potato":4,"minecraft:warped_nylium":2,"minecraft:stripped_dark_oak_log":4,"minecraft:hopper":33,"minecraft:ender_pearl":18,"minecraft:chiseled_deepslate":4,"minecraft:wheat":101,"minecraft:redstone_block":4,"minecraft:nether_brick_fence":47,"minecraft:yellow_wool":20,"minecraft:potion":7,"minecraft:crimson_planks":171,"minecraft:lapis_block":27,"minecraft:raw_copper":605,"minecraft:smooth_stone_slab":181,"minecraft:iron_leggings":18,"minecraft:oak_sign":10,"minecraft:deepslate_tiles":1,"minecraft:smooth_stone":40,"minecraft:comparator":10,"minecraft:bucket":10,"minecraft:red_dye":49,"minecraft:redstone_torch":40,"minecraft:iron_pickaxe":28,"minecraft:iron_boots":41,"minecraft:furnace":17,"minecraft:stick":313,"minecraft:oak_fence":174,"minecraft:torch":162,"minecraft:spruce_stairs":1,"minecraft:snow_block":24,"minecraft:porkchop":43,"minecraft:diorite":151,"minecraft:music_disc_pigstep":2,"minecraft:rotten_flesh":206,"minecraft:mangrove_roots":2,"minecraft:obsidian":35,"minecraft:blaze_powder":1,"minecraft:cobblestone":1694,"minecraft:leather_chestplate":1,"minecraft:magma_cream":36,"minecraft:repeater":26,"minecraft:andesite":76,"minecraft:potato":80,"minecraft:tuff":67,"minecraft:wither_skeleton_skull":6,"minecraft:lapis_lazuli":281,"minecraft:dirt":8663,"minecraft:name_tag":3,"minecraft:leather_boots":2,"minecraft:glass":285,"minecraft:bone":417,"minecraft:bow":5,"minecraft:wheat_seeds":965,"minecraft:deepslate_brick_slab":446,"minecraft:raw_gold":154,"minecraft:cobbled_deepslate_slab":1,"minecraft:bell":13,"minecraft:grindstone":55,"minecraft:fletching_table":20,"minecraft:bamboo":2542,"minecraft:powered_rail":26,"minecraft:oak_planks":1011,"minecraft:ghast_tear":5,"minecraft:cooked_porkchop":12,"minecraft:oak_pressure_plate":4,"minecraft:sand":1832,"minecraft:grass_block":6,"minecraft:mossy_cobblestone":38,"minecraft:yellow_carpet":8,"minecraft:diamond":329,"minecraft:cracked_polished_blackstone_bricks":66,"minecraft:crossbow":6,"minecraft:bone_meal":149,"minecraft:golden_apple":24,"minecraft:emerald":1160,"minecraft:piglin_banner_pattern":1,"minecraft:oak_sapling":49,"minecraft:netherrack":4860,"minecraft:fishing_rod":4,"minecraft:azure_bluet":23,"minecraft:splash_potion":7,"minecraft:chicken":30,"minecraft:ladder":210,"minecraft:brown_mushroom":23,"minecraft:packed_ice":39,"minecraft:pink_wool":4,"minecraft:wooden_pickaxe":2,"minecraft:gold_block":29,"minecraft:brick":45,"minecraft:shield":23,"minecraft:oak_trapdoor":146,"minecraft:stone_stairs":2,"minecraft:iron_axe":32,"minecraft:blackstone":188,"minecraft:detector_rail":15,"minecraft:oak_boat":82,"minecraft:observer":54,"minecraft:light_gray_wool":7,"minecraft:lectern":538,"minecraft:sugar_cane":281,"minecraft:spruce_trapdoor":2,"minecraft:dark_oak_sapling":35,"minecraft:raw_iron":141,"minecraft:copper_ingot":55,"minecraft:polished_blackstone_bricks":139,"minecraft:cookie":128,"minecraft:dark_oak_planks":23,"minecraft:arrow":170,"minecraft:golden_hoe":2,"minecraft:nether_bricks":276,"minecraft:saddle":17,"minecraft:glistering_melon_slice":28,"minecraft:basalt":45,"minecraft:golden_carrot":7,"minecraft:glow_ink_sac":24,"minecraft:crimson_stem":281,"minecraft:salmon":11,"minecraft:leather":58,"minecraft:birch_planks":1,"minecraft:ice":16,"minecraft:yellow_bed":45,"minecraft:nether_wart_block":5,"minecraft:gunpowder":101,"minecraft:cobblestone_stairs":9,"minecraft:wooden_hoe":4,"minecraft:cut_copper_slab":7,"minecraft:cooked_mutton":79,"minecraft:coast_armor_trim_smithing_template":6,"minecraft:heart_of_the_sea":3,"minecraft:iron_ingot":687,"minecraft:stripped_oak_wood":1,"minecraft:soul_sand":99,"minecraft:book":71,"minecraft:oak_slab":59,"minecraft:emerald_block":81,"minecraft:bamboo_planks":4,"minecraft:pumpkin":58,"minecraft:quartz":703,"minecraft:dandelion":197,"minecraft:lava_bucket":4,"minecraft:blast_furnace":51,"minecraft:white_bed":32,"minecraft:spruce_door":2,"minecraft:spider_eye":54,"minecraft:iron_helmet":14,"minecraft:damaged_anvil":1,"minecraft:black_wool":2,"minecraft:coal":1041},"minecraft:broken":{"minecraft:iron_boots":1,"minecraft:diamond_pickaxe":1,"minecraft:iron_sword":1,"minecraft:iron_hoe":2,"minecraft:shield":1,"minecraft:iron_axe":6,"minecraft:iron_pickaxe":4,"minecraft:iron_helmet":2,"minecraft:iron_shovel":14,"minecraft:golden_axe":1},"minecraft:killed_by":{"minecraft:zombie_villager":4,"minecraft:zombie":1,"minecraft:wither_skeleton":1,"minecraft:creeper":1,"minecraft:blaze":1,"minecraft:player":3,"minecraft:enderman":1,"minecraft:skeleton":2},"minecraft:used":{"minecraft:beetroot":3,"minecraft:dispenser":1,"minecraft:spruce_slab":38,"minecraft:ladder":35,"minecraft:poppy":4,"minecraft:chest":120,"minecraft:stone":46,"minecraft:rotten_flesh":5,"minecraft:soul_sand":2,"minecraft:deepslate_brick_slab":463,"minecraft:azure_bluet":2,"minecraft:lava_bucket":2,"minecraft:villager_spawn_egg":4,"minecraft:music_disc_pigstep":1,"minecraft:grass_block":1,"minecraft:dark_oak_slab":122,"minecraft:dark_oak_boat":8,"minecraft:oak_sapling":33,"minecraft:furnace":19,"minecraft:egg":6,"minecraft:potato":14,"minecraft:diorite":9,"minecraft:damaged_anvil":1,"minecraft:spruce_door":1,"minecraft:cut_copper_slab":11,"minecraft:powered_rail":22,"minecraft:blackstone":75,"minecraft:wooden_pickaxe":26,"minecraft:composter":7,"minecraft:golden_apple":1,"minecraft:sand":154,"minecraft:blast_furnace":55,"minecraft:lectern":541,"minecraft:oak_pressure_plate":3,"minecraft:diamond_sword":1514,"minecraft:oak_boat":52,"minecraft:oak_trapdoor":95,"minecraft:polished_blackstone_brick_slab":6,"minecraft:netherrack":387,"minecraft:torch":198,"minecraft:brewing_stand":2,"minecraft:anvil":4,"minecraft:wheat":9,"minecraft:stone_stairs":34,"minecraft:oak_fence_gate":2,"minecraft:chipped_anvil":3,"minecraft:iron_axe":1746,"minecraft:iron_block":4,"minecraft:barrel":20,"minecraft:bamboo":217,"minecraft:diamond_chestplate":4,"minecraft:basalt":10,"minecraft:goat_horn":6,"minecraft:cobbled_deepslate":871,"minecraft:observer":60,"minecraft:golden_axe":37,"minecraft:crimson_stem":57,"minecraft:wheat_seeds":93,"minecraft:water_bucket":255,"minecraft:cartography_table":1,"minecraft:cauldron":5,"minecraft:fletching_table":29,"minecraft:cracked_stone_bricks":3,"minecraft:deepslate_bricks":2,"minecraft:polished_blackstone_bricks":9,"minecraft:mossy_cobblestone":4,"minecraft:rail":1099,"minecraft:comparator":8,"minecraft:tnt":4,"minecraft:crimson_trapdoor":62,"minecraft:oak_slab":95,"minecraft:crafting_table":36,"minecraft:white_bed":28,"minecraft:spruce_log":34,"minecraft:oak_log":115,"minecraft:mud":3,"minecraft:diamond_pickaxe":6040,"minecraft:cornflower":1,"minecraft:diamond_shovel":5278,"minecraft:iron_pickaxe":1002,"minecraft:oak_button":3,"minecraft:spruce_trapdoor":3,"minecraft:spruce_sapling":6,"minecraft:cobblestone":267,"minecraft:potion":18,"minecraft:purple_bed":5,"minecraft:crimson_stairs":53,"minecraft:cooked_porkchop":8,"minecraft:glass_pane":84,"minecraft:stripped_oak_log":65,"minecraft:dandelion":8,"minecraft:jukebox":1,"minecraft:diamond_leggings":2,"minecraft:iron_shovel":4329,"minecraft:oak_sign":10,"minecraft:bone_block":5,"minecraft:shield":243,"minecraft:iron_sword":437,"minecraft:bell":12,"minecraft:iron_chestplate":2,"minecraft:nether_bricks":62,"minecraft:carrot":588,"minecraft:furnace_minecart":4,"minecraft:tuff":4,"minecraft:obsidian":16,"minecraft:milk_bucket":3,"minecraft:glass":603,"minecraft:lantern":86,"minecraft:iron_helmet":2,"minecraft:hopper_minecart":6,"minecraft:stone_bricks":464,"minecraft:repeater":38,"minecraft:beetroot_seeds":8,"minecraft:dark_oak_sapling":20,"minecraft:chiseled_polished_blackstone":1,"minecraft:dark_oak_stairs":60,"minecraft:diamond_boots":2,"minecraft:wither_skeleton_skull":3,"minecraft:stone_pickaxe":93,"minecraft:oak_planks":326,"minecraft:polished_diorite_slab":39,"minecraft:redstone_block":4,"minecraft:sugar_cane":61,"minecraft:diamond_axe":1974,"minecraft:white_wool":1,"minecraft:crossbow":7,"minecraft:redstone_torch":30,"minecraft:lever":45,"minecraft:dark_oak_log":96,"minecraft:bread":400,"minecraft:gravel":11,"minecraft:chainmail_boots":1,"minecraft:grindstone":50,"minecraft:andesite":1,"minecraft:smooth_stone_slab":196,"minecraft:air":16,"minecraft:bone_meal":50,"minecraft:golden_pickaxe":22,"minecraft:experience_bottle":1,"minecraft:oak_fence":16,"minecraft:crimson_fence":51,"minecraft:flint_and_steel":15,"minecraft:redstone":243,"minecraft:spruce_planks":55,"minecraft:ender_chest":1,"minecraft:cooked_chicken":1,"minecraft:cut_copper_stairs":6,"minecraft:oak_door":2,"minecraft:dirt":9757,"minecraft:white_carpet":8,"minecraft:hopper":37,"minecraft:spruce_stairs":25,"minecraft:diamond_helmet":2,"minecraft:granite":37,"minecraft:iron_hoe":505,"minecraft:dark_oak_planks":3,"minecraft:bookshelf":30,"minecraft:oak_stairs":2,"minecraft:crimson_slab":116,"minecraft:iron_boots":2,"minecraft:crimson_planks":459,"minecraft:golden_carrot":129,"minecraft:minecart":78,"minecraft:cooked_beef":47,"minecraft:iron_leggings":3,"minecraft:cooked_mutton":54,"minecraft:glass_bottle":48,"minecraft:baked_potato":12,"minecraft:copper_block":36,"minecraft:stonecutter":4,"minecraft:stripped_dark_oak_log":1,"minecraft:smoker":5,"minecraft:piston":53,"minecraft:flower_pot":4,"minecraft:wooden_hoe":109,"minecraft:cracked_polished_blackstone_bricks":3,"minecraft:chicken":1,"minecraft:detector_rail":3,"minecraft:fishing_rod":5,"minecraft:cobbled_deepslate_slab":1,"minecraft:white_banner":8,"minecraft:bucket":260,"minecraft:yellow_bed":35,"minecraft:splash_potion":15,"minecraft:smooth_stone":7}},"DataVersion":3700}