{"stats":{"minecraft:custom":{"minecraft:interact_with_furnace":110,"minecraft:mob_kills":106,"minecraft:interact_with_crafting_table":31,"minecraft:time_since_death":95015,"minecraft:sleep_in_bed":7,"minecraft:time_since_rest":13637,"minecraft:sprint_one_cm":292781,"minecraft:damage_taken":2294,"minecraft:walk_one_cm":128533,"minecraft:damage_blocked_by_shield":601,"minecraft:drop":20,"minecraft:damage_dealt":10356,"minecraft:talked_to_villager":2,"minecraft:swim_one_cm":98513,"minecraft:fly_one_cm":694866,"minecraft:open_chest":69,"minecraft:crouch_one_cm":25308,"minecraft:play_time":101868,"minecraft:deaths":3,"minecraft:sneak_time":12334,"minecraft:walk_under_water_one_cm":16009,"minecraft:jump":3224,"minecraft:walk_on_water_one_cm":15060,"minecraft:interact_with_smoker":2,"minecraft:total_world_time":101868,"minecraft:fall_one_cm":107355},"minecraft:killed":{"minecraft:pig":18,"minecraft:salmon":4,"minecraft:iron_golem":1,"minecraft:sheep":40,"minecraft:horse":6,"minecraft:pillager":1,"minecraft:zombie":1,"minecraft:chicken":17,"minecraft:cow":18},"minecraft:mined":{"minecraft:white_bed":12,"minecraft:smoker":1,"minecraft:dark_oak_log":2,"minecraft:granite":16,"minecraft:crafting_table":6,"minecraft:short_grass":19,"minecraft:grass_block":17,"minecraft:copper_ore":1,"minecraft:tall_grass":1,"minecraft:cobblestone":10,"minecraft:wall_torch":5,"minecraft:spruce_stairs":1,"minecraft:large_fern":2,"minecraft:hay_block":40,"minecraft:tall_seagrass":1,"minecraft:furnace":15,"minecraft:iron_ore":7,"minecraft:snow":1,"minecraft:birch_leaves":1,"minecraft:andesite":1,"minecraft:stripped_spruce_log":1,"minecraft:oak_log":21,"minecraft:coal_ore":27,"minecraft:dirt":25,"minecraft:stone":254,"minecraft:oak_leaves":10},"minecraft:used":{"minecraft:cooked_mutton":7,"minecraft:flint_and_steel":1,"minecraft:stone_pickaxe":262,"minecraft:shield":3,"minecraft:chest":6,"minecraft:wooden_pickaxe":8,"minecraft:iron_sword":26,"minecraft:cooked_salmon":2,"minecraft:cooked_chicken":2,"minecraft:torch":6,"minecraft:dirt":28,"minecraft:crafting_table":7,"minecraft:allium":2,"minecraft:white_bed":12,"minecraft:golden_shovel":22,"minecraft:snowball":7,"minecraft:smoker":1,"minecraft:iron_pickaxe":72,"minecraft:bread":1,"minecraft:stone_axe":182,"minecraft:cobblestone":66,"minecraft:goat_horn":12,"minecraft:furnace":20,"minecraft:cooked_porkchop":2,"minecraft:cooked_beef":6,"minecraft:experience_bottle":1},"minecraft:picked_up":{"minecraft:crafting_table":6,"minecraft:allium":2,"minecraft:feather":17,"minecraft:chicken":14,"minecraft:salmon":4,"minecraft:andesite":3,"minecraft:leather":28,"minecraft:smoker":1,"minecraft:oak_log":20,"minecraft:raw_copper":4,"minecraft:dirt":59,"minecraft:wheat_seeds":1,"minecraft:iron_ingot":3,"minecraft:beef":27,"minecraft:sugar_cane":1,"minecraft:oak_planks":24,"minecraft:furnace":16,"minecraft:stick":3,"minecraft:raw_iron":7,"minecraft:torch":7,"minecraft:spruce_stairs":1,"minecraft:fire_charge":1,"minecraft:porkchop":32,"minecraft:stripped_spruce_log":1,"minecraft:white_bed":11,"minecraft:dark_oak_log":2,"minecraft:hay_block":40,"minecraft:granite":16,"minecraft:gray_wool":1,"minecraft:bread":61,"minecraft:gold_ingot":9,"minecraft:snowball":8,"minecraft:mutton":57,"minecraft:coal":74,"minecraft:white_wool":37,"minecraft:cobblestone":269},"minecraft:crafted":{"minecraft:cooked_beef":32,"minecraft:oak_planks":80,"minecraft:cooked_porkchop":37,"minecraft:leather_boots":1,"minecraft:crafting_table":1,"minecraft:wooden_pickaxe":1,"minecraft:cooked_chicken":17,"minecraft:iron_sword":1,"minecraft:furnace":5,"minecraft:cooked_salmon":6,"minecraft:stone_axe":3,"minecraft:cooked_mutton":57,"minecraft:bread":123,"minecraft:air":0,"minecraft:iron_chestplate":1,"minecraft:golden_apple":1,"minecraft:shield":1,"minecraft:stick":16,"minecraft:iron_ingot":4,"minecraft:leather_chestplate":1,"minecraft:iron_pickaxe":1,"minecraft:stone_pickaxe":2,"minecraft:chest":6,"minecraft:gold_ingot":1,"minecraft:white_bed":1,"minecraft:dark_oak_planks":28,"minecraft:wheat":360},"minecraft:broken":{"minecraft:stone_pickaxe":2,"minecraft:stone_axe":2},"minecraft:dropped":{"minecraft:furnace":1,"minecraft:iron_nugget":1,"minecraft:feather":4,"minecraft:cobblestone":2,"minecraft:stick":3,"minecraft:dirt":18,"minecraft:andesite":2,"minecraft:fire_charge":2,"minecraft:wooden_pickaxe":1}},"DataVersion":3955}