{"stats":{"minecraft:custom":{"minecraft:time_since_rest":5038,"minecraft:sprint_one_cm":15180,"minecraft:damage_taken":1547,"minecraft:walk_one_cm":11282,"minecraft:mob_kills":4,"minecraft:drop":11,"minecraft:damage_dealt":230,"minecraft:interact_with_crafting_table":3,"minecraft:swim_one_cm":11550,"minecraft:fly_one_cm":17278,"minecraft:open_chest":1,"minecraft:crouch_one_cm":2055,"minecraft:play_time":11868,"minecraft:deaths":3,"minecraft:sneak_time":1401,"minecraft:walk_under_water_one_cm":1791,"minecraft:jump":217,"minecraft:time_since_death":5015,"minecraft:walk_on_water_one_cm":2594,"minecraft:total_world_time":11868,"minecraft:fall_one_cm":20316},"minecraft:killed":{"minecraft:salmon":3,"minecraft:cow":1},"minecraft:mined":{"minecraft:crafting_table":1,"minecraft:short_grass":2,"minecraft:grass_block":1,"minecraft:oak_log":21,"minecraft:stone":6},"minecraft:used":{"minecraft:wooden_pickaxe":8,"minecraft:stone_axe":21,"minecraft:dirt":14,"minecraft:crafting_table":1},"minecraft:crafted":{"minecraft:oak_planks":20,"minecraft:crafting_table":1,"minecraft:stick":8,"minecraft:wooden_pickaxe":1,"minecraft:stone_pickaxe":1,"minecraft:stone_axe":1},"minecraft:picked_up":{"minecraft:stick":3,"minecraft:crafting_table":1,"minecraft:salmon":3,"minecraft:leather":2,"minecraft:oak_log":20,"minecraft:dirt":23,"minecraft:beef":1,"minecraft:cobblestone":8},"minecraft:dropped":{"minecraft:dirt":6,"minecraft:cobblestone":2,"minecraft:stick":3}},"DataVersion":3955}