{"stats":{"minecraft:custom":{"minecraft:interact_with_furnace":28,"minecraft:mob_kills":82,"minecraft:interact_with_crafting_table":13,"minecraft:time_since_death":29015,"minecraft:sleep_in_bed":2,"minecraft:time_since_rest":4100,"minecraft:sprint_one_cm":109618,"minecraft:damage_taken":1687,"minecraft:walk_one_cm":41509,"minecraft:drop":19,"minecraft:damage_dealt":7379,"minecraft:swim_one_cm":39215,"minecraft:fly_one_cm":253510,"minecraft:open_chest":5,"minecraft:crouch_one_cm":7237,"minecraft:play_time":35868,"minecraft:deaths":3,"minecraft:sneak_time":3186,"minecraft:walk_under_water_one_cm":5670,"minecraft:jump":1222,"minecraft:walk_on_water_one_cm":9687,"minecraft:total_world_time":35868,"minecraft:fall_one_cm":44098},"minecraft:killed":{"minecraft:pig":16,"minecraft:salmon":4,"minecraft:sheep":24,"minecraft:horse":6,"minecraft:pillager":1,"minecraft:chicken":15,"minecraft:cow":16},"minecraft:mined":{"minecraft:white_bed":3,"minecraft:dark_oak_log":2,"minecraft:crafting_table":3,"minecraft:short_grass":11,"minecraft:grass_block":6,"minecraft:tall_grass":1,"minecraft:tall_seagrass":1,"minecraft:furnace":3,"minecraft:andesite":1,"minecraft:oak_log":21,"minecraft:coal_ore":27,"minecraft:dirt":7,"minecraft:stone":54,"minecraft:oak_leaves":3},"minecraft:used":{"minecraft:stone_pickaxe":79,"minecraft:wooden_pickaxe":8,"minecraft:cooked_chicken":1,"minecraft:dirt":15,"minecraft:crafting_table":3,"minecraft:white_bed":3,"minecraft:bread":1,"minecraft:stone_axe":143,"minecraft:furnace":3,"minecraft:cooked_porkchop":2,"minecraft:cooked_beef":1,"minecraft:experience_bottle":1},"minecraft:picked_up":{"minecraft:crafting_table":3,"minecraft:feather":17,"minecraft:chicken":14,"minecraft:salmon":4,"minecraft:andesite":2,"minecraft:leather":24,"minecraft:oak_log":20,"minecraft:dirt":35,"minecraft:wheat_seeds":1,"minecraft:beef":25,"minecraft:furnace":3,"minecraft:stick":3,"minecraft:fire_charge":1,"minecraft:porkchop":31,"minecraft:white_bed":3,"minecraft:dark_oak_log":2,"minecraft:gray_wool":1,"minecraft:mutton":35,"minecraft:coal":48,"minecraft:white_wool":22,"minecraft:cobblestone":56},"minecraft:crafted":{"minecraft:cooked_beef":1,"minecraft:oak_planks":80,"minecraft:cooked_porkchop":20,"minecraft:crafting_table":1,"minecraft:wooden_pickaxe":1,"minecraft:cooked_chicken":3,"minecraft:furnace":3,"minecraft:cooked_salmon":4,"minecraft:stone_axe":2,"minecraft:cooked_mutton":8,"minecraft:bread":3,"minecraft:air":0,"minecraft:shield":1,"minecraft:stick":12,"minecraft:iron_ingot":3,"minecraft:leather_chestplate":1,"minecraft:stone_pickaxe":2,"minecraft:white_bed":1},"minecraft:broken":{"minecraft:stone_axe":1},"minecraft:dropped":{"minecraft:iron_nugget":1,"minecraft:feather":4,"minecraft:cobblestone":2,"minecraft:stick":3,"minecraft:dirt":18,"minecraft:andesite":2,"minecraft:fire_charge":2,"minecraft:wooden_pickaxe":1}},"DataVersion":3955}