{"stats":{"minecraft:custom":{"minecraft:mob_kills":118,"minecraft:interact_with_crafting_table":32,"minecraft:leave_game":1,"minecraft:time_since_death":7190,"minecraft:sprint_one_cm":339595,"minecraft:walk_one_cm":151022,"minecraft:damage_blocked_by_shield":1001,"minecraft:drop":21,"minecraft:talked_to_villager":2,"minecraft:play_time":113805,"minecraft:deaths":4,"minecraft:sneak_time":14261,"minecraft:walk_under_water_one_cm":19515,"minecraft:jump":3682,"minecraft:walk_on_water_one_cm":18798,"minecraft:total_world_time":113805,"minecraft:interact_with_furnace":110,"minecraft:sleep_in_bed":8,"minecraft:time_since_rest":7026,"minecraft:damage_taken":3004,"minecraft:damage_dealt":12406,"minecraft:swim_one_cm":98513,"minecraft:fly_one_cm":799208,"minecraft:open_chest":71,"minecraft:crouch_one_cm":29938,"minecraft:interact_with_smoker":2,"minecraft:fall_one_cm":126356},"minecraft:killed":{"minecraft:cave_spider":1,"minecraft:horse":6,"minecraft:skeleton":2,"minecraft:chicken":17,"minecraft:pig":18,"minecraft:salmon":4,"minecraft:iron_golem":1,"minecraft:sheep":40,"minecraft:pillager":1,"minecraft:zombie":10,"minecraft:cow":18},"minecraft:mined":{"minecraft:white_bed":12,"minecraft:deepslate_diamond_ore":8,"minecraft:dark_oak_log":2,"minecraft:granite":16,"minecraft:grass_block":17,"minecraft:spawner":1,"minecraft:large_fern":2,"minecraft:hay_block":40,"minecraft:tall_seagrass":1,"minecraft:furnace":15,"minecraft:iron_ore":7,"minecraft:snow":1,"minecraft:andesite":1,"minecraft:stripped_spruce_log":1,"minecraft:deepslate_lapis_ore":4,"minecraft:deepslate_iron_ore":5,"minecraft:stone":258,"minecraft:smoker":1,"minecraft:crafting_table":6,"minecraft:short_grass":19,"minecraft:tall_grass":1,"minecraft:copper_ore":2,"minecraft:cobblestone":10,"minecraft:wall_torch":6,"minecraft:spruce_stairs":1,"minecraft:birch_leaves":1,"minecraft:coal_ore":27,"minecraft:oak_log":21,"minecraft:dripstone_block":1,"minecraft:dirt":25,"minecraft:cobweb":3,"minecraft:oak_leaves":10,"minecraft:deepslate":3},"minecraft:used":{"minecraft:flint_and_steel":1,"minecraft:chest":6,"minecraft:shield":15,"minecraft:iron_sword":68,"minecraft:cooked_salmon":2,"minecraft:cooked_chicken":2,"minecraft:torch":6,"minecraft:dirt":28,"minecraft:allium":2,"minecraft:golden_shovel":22,"minecraft:snowball":7,"minecraft:furnace":20,"minecraft:goat_horn":12,"minecraft:cooked_beef":9,"minecraft:golden_boots":1,"minecraft:cooked_mutton":10,"minecraft:rabbit":1,"minecraft:stone_pickaxe":262,"minecraft:oak_planks":6,"minecraft:wooden_pickaxe":8,"minecraft:crafting_table":7,"minecraft:white_bed":12,"minecraft:smoker":1,"minecraft:bread":1,"minecraft:iron_pickaxe":99,"minecraft:golden_leggings":1,"minecraft:golden_helmet":1,"minecraft:stone_axe":182,"minecraft:cobblestone":81,"minecraft:cooked_porkchop":2,"minecraft:experience_bottle":1},"minecraft:crafted":{"minecraft:oak_planks":80,"minecraft:leather_boots":1,"minecraft:cooked_chicken":17,"minecraft:furnace":5,"minecraft:cooked_mutton":57,"minecraft:stone_pickaxe":3,"minecraft:chest":6,"minecraft:dark_oak_planks":28,"minecraft:wheat":360,"minecraft:cooked_beef":32,"minecraft:cooked_porkchop":37,"minecraft:crafting_table":1,"minecraft:wooden_pickaxe":1,"minecraft:iron_sword":1,"minecraft:cooked_salmon":6,"minecraft:stone_axe":3,"minecraft:bread":123,"minecraft:air":0,"minecraft:iron_chestplate":1,"minecraft:golden_apple":1,"minecraft:shield":1,"minecraft:stick":20,"minecraft:leather_chestplate":1,"minecraft:iron_ingot":4,"minecraft:iron_pickaxe":1,"minecraft:gold_ingot":1,"minecraft:white_bed":1},"minecraft:picked_up":{"minecraft:crafting_table":6,"minecraft:iron_chestplate":1,"minecraft:allium":2,"minecraft:chicken":14,"minecraft:golden_shovel":1,"minecraft:shield":1,"minecraft:cooked_salmon":4,"minecraft:string":6,"minecraft:raw_copper":14,"minecraft:cobbled_deepslate":6,"minecraft:beef":27,"minecraft:iron_pickaxe":1,"minecraft:sugar_cane":1,"minecraft:furnace":16,"minecraft:raw_iron":15,"minecraft:golden_helmet":1,"minecraft:stick":3,"minecraft:torch":9,"minecraft:spruce_stairs":1,"minecraft:fire_charge":1,"minecraft:porkchop":32,"minecraft:goat_horn":1,"minecraft:rotten_flesh":16,"minecraft:hay_block":40,"minecraft:gold_ingot":9,"minecraft:mutton":57,"minecraft:cobblestone":347,"minecraft:white_wool":37,"minecraft:snowball":9,"minecraft:rail":2,"minecraft:feather":17,"minecraft:cooked_beef":3,"minecraft:glow_ink_sac":2,"minecraft:andesite":3,"minecraft:salmon":4,"minecraft:leather":28,"minecraft:golden_leggings":1,"minecraft:smoker":1,"minecraft:oak_log":20,"minecraft:golden_boots":1,"minecraft:lapis_lazuli":42,"minecraft:dirt":69,"minecraft:cooked_mutton":18,"minecraft:apple":7,"minecraft:wheat_seeds":1,"minecraft:rabbit_hide":1,"minecraft:iron_ingot":3,"minecraft:cooked_chicken":5,"minecraft:rabbit":1,"minecraft:iron_sword":1,"minecraft:oak_planks":51,"minecraft:cooked_porkchop":13,"minecraft:dripstone_block":2,"minecraft:stripped_spruce_log":1,"minecraft:white_bed":11,"minecraft:dark_oak_log":2,"minecraft:diamond":16,"minecraft:granite":32,"minecraft:golden_apple":2,"minecraft:gray_wool":1,"minecraft:bread":103,"minecraft:coal":74},"minecraft:broken":{"minecraft:stone_pickaxe":2,"minecraft:stone_axe":2},"minecraft:dropped":{"minecraft:feather":4,"minecraft:cobblestone":2,"minecraft:stick":3,"minecraft:dirt":18,"minecraft:fire_charge":2,"minecraft:furnace":1,"minecraft:iron_nugget":1,"minecraft:oak_planks":27,"minecraft:andesite":2,"minecraft:wooden_pickaxe":1}},"DataVersion":3955}