{"stats":{"minecraft:custom":{"minecraft:mob_kills":191,"minecraft:interact_with_crafting_table":68,"minecraft:leave_game":3,"minecraft:time_since_death":153130,"minecraft:climb_one_cm":355,"minecraft:sprint_one_cm":600826,"minecraft:walk_one_cm":435307,"minecraft:damage_blocked_by_shield":2515,"minecraft:drop":111,"minecraft:talked_to_villager":2,"minecraft:play_time":259745,"minecraft:deaths":4,"minecraft:sneak_time":33735,"minecraft:walk_under_water_one_cm":40540,"minecraft:jump":7472,"minecraft:interact_with_blast_furnace":9,"minecraft:walk_on_water_one_cm":31182,"minecraft:total_world_time":259745,"minecraft:interact_with_furnace":154,"minecraft:sleep_in_bed":10,"minecraft:time_since_rest":83411,"minecraft:damage_taken":6564,"minecraft:damage_dealt":31666,"minecraft:swim_one_cm":128933,"minecraft:fly_one_cm":1426491,"minecraft:open_chest":419,"minecraft:crouch_one_cm":90615,"minecraft:interact_with_smoker":5,"minecraft:fall_one_cm":232605},"minecraft:broken":{"minecraft:golden_shovel":1,"minecraft:stone_pickaxe":2,"minecraft:stone_axe":2,"minecraft:iron_pickaxe":2},"minecraft:crafted":{"minecraft:oak_planks":80,"minecraft:raw_iron":9,"minecraft:leather_boots":1,"minecraft:blaze_powder":16,"minecraft:cooked_chicken":17,"minecraft:furnace":7,"minecraft:cooked_mutton":57,"minecraft:diamond_leggings":1,"minecraft:iron_boots":2,"minecraft:iron_axe":1,"minecraft:stone_pickaxe":3,"minecraft:chest":9,"minecraft:spruce_boat":1,"minecraft:dark_oak_planks":28,"minecraft:ender_eye":22,"minecraft:wheat":360,"minecraft:cooked_beef":32,"minecraft:coal_block":9,"minecraft:diamond_sword":1,"minecraft:cooked_porkchop":37,"minecraft:spruce_sign":3,"minecraft:crafting_table":6,"minecraft:spruce_planks":140,"minecraft:enchanting_table":1,"minecraft:iron_helmet":3,"minecraft:wooden_pickaxe":1,"minecraft:iron_sword":1,"minecraft:spruce_door":3,"minecraft:cooked_salmon":6,"minecraft:bucket":2,"minecraft:stone_axe":3,"minecraft:bread":123,"minecraft:air":0,"minecraft:iron_chestplate":2,"minecraft:book":1,"minecraft:paper":3,"minecraft:golden_apple":5,"minecraft:shield":2,"minecraft:stick":36,"minecraft:iron_ingot":50,"minecraft:leather_chestplate":1,"minecraft:iron_pickaxe":3,"minecraft:snow_block":48,"minecraft:iron_leggings":2,"minecraft:iron_shovel":1,"minecraft:gold_ingot":32,"minecraft:white_bed":1,"minecraft:lapis_block":9,"minecraft:diamond_chestplate":1},"minecraft:picked_up":{"minecraft:crafting_table":9,"minecraft:iron_chestplate":2,"minecraft:allium":2,"minecraft:nether_brick_fence":1,"minecraft:chicken":14,"minecraft:gold_block":1,"minecraft:golden_shovel":1,"minecraft:shield":1,"minecraft:string":15,"minecraft:raw_copper":14,"minecraft:iron_axe":1,"minecraft:cooked_salmon":9,"minecraft:flint_and_steel":1,"minecraft:iron_leggings":2,"minecraft:shroomlight":1,"minecraft:diamond_leggings":1,"minecraft:cobbled_deepslate":55,"minecraft:spruce_planks":62,"minecraft:beef":27,"minecraft:iron_pickaxe":2,"minecraft:sugar_cane":4,"minecraft:chest":2,"minecraft:iron_boots":3,"minecraft:furnace":29,"minecraft:golden_helmet":1,"minecraft:stick":4,"minecraft:raw_iron":79,"minecraft:torch":23,"minecraft:spruce_stairs":1,"minecraft:fire_charge":1,"minecraft:porkchop":32,"minecraft:diorite":7,"minecraft:carrot":1,"minecraft:goat_horn":1,"minecraft:diamond_chestplate":1,"minecraft:rotten_flesh":38,"minecraft:hay_block":40,"minecraft:glistering_melon_slice":10,"minecraft:gold_ingot":12,"minecraft:blaze_powder":6,"minecraft:blaze_rod":8,"minecraft:mutton":58,"minecraft:white_wool":38,"minecraft:snowball":202,"minecraft:rail":2,"minecraft:cobblestone":368,"minecraft:feather":17,"minecraft:cooked_beef":15,"minecraft:flint":1,"minecraft:glow_ink_sac":2,"minecraft:andesite":7,"minecraft:salmon":4,"minecraft:leather":28,"minecraft:golden_leggings":2,"minecraft:smoker":3,"minecraft:tuff":2,"minecraft:oak_log":20,"minecraft:golden_boots":2,"minecraft:lapis_lazuli":42,"minecraft:blue_bed":5,"minecraft:dirt":105,"minecraft:lantern":1,"minecraft:cooked_mutton":36,"minecraft:bone":1,"minecraft:apple":7,"minecraft:wheat_seeds":1,"minecraft:raw_gold":23,"minecraft:rabbit_hide":1,"minecraft:iron_ingot":27,"minecraft:cooked_chicken":10,"minecraft:rabbit":1,"minecraft:oak_planks":51,"minecraft:iron_sword":2,"minecraft:warped_fungus":2,"minecraft:cooked_porkchop":13,"minecraft:gravel":14,"minecraft:warped_wart_block":6,"minecraft:raw_iron_block":1,"minecraft:dripstone_block":3,"minecraft:stripped_spruce_log":1,"minecraft:spruce_sapling":1,"minecraft:blast_furnace":4,"minecraft:grass_block":1,"minecraft:white_bed":12,"minecraft:spruce_log":39,"minecraft:dark_oak_log":2,"minecraft:spruce_door":1,"minecraft:diamond":32,"minecraft:spruce_boat":4,"minecraft:stone_axe":2,"minecraft:iron_helmet":1,"minecraft:granite":32,"minecraft:golden_apple":3,"minecraft:gray_wool":1,"minecraft:warped_roots":5,"minecraft:bread":103,"minecraft:warped_nylium":19,"minecraft:netherrack":372,"minecraft:coal":295,"minecraft:ender_pearl":24},"minecraft:killed":{"minecraft:cave_spider":1,"minecraft:spider":6,"minecraft:skeleton":4,"minecraft:horse":6,"minecraft:chicken":17,"minecraft:cat":1,"minecraft:piglin":1,"minecraft:pig":18,"minecraft:salmon":4,"minecraft:iron_golem":1,"minecraft:sheep":41,"minecraft:pillager":1,"minecraft:zombie":38,"minecraft:blaze":7,"minecraft:enderman":27,"minecraft:cow":18},"minecraft:dropped":{"minecraft:golden_boots":1,"minecraft:iron_ingot":37,"minecraft:iron_sword":1,"minecraft:warped_fungus":2,"minecraft:cooked_beef":7,"minecraft:ender_pearl":1,"minecraft:dripstone_block":2,"minecraft:diamond_leggings":1,"minecraft:feather":4,"minecraft:cobblestone":2,"minecraft:iron_helmet":2,"minecraft:warped_roots":1,"minecraft:golden_apple":5,"minecraft:coal":64,"minecraft:stick":4,"minecraft:dirt":18,"minecraft:torch":13,"minecraft:mutton":1,"minecraft:snowball":6,"minecraft:fire_charge":2,"minecraft:iron_leggings":3,"minecraft:iron_axe":2,"minecraft:glistering_melon_slice":10,"minecraft:iron_pickaxe":1,"minecraft:string":2,"minecraft:bucket":1,"minecraft:spruce_sapling":1,"minecraft:blue_bed":3,"minecraft:bone":1,"minecraft:furnace":1,"minecraft:stone_axe":2,"minecraft:goat_horn":1,"minecraft:iron_nugget":1,"minecraft:cooked_chicken":5,"minecraft:cobbled_deepslate":1,"minecraft:raw_iron":2,"minecraft:rotten_flesh":3,"minecraft:oak_planks":27,"minecraft:iron_boots":4,"minecraft:cooked_mutton":17,"minecraft:flint_and_steel":1,"minecraft:blast_furnace":1,"minecraft:rabbit_hide":1,"minecraft:shroomlight":1,"minecraft:shield":1,"minecraft:diamond_chestplate":1,"minecraft:spruce_planks":9,"minecraft:iron_chestplate":2,"minecraft:andesite":2,"minecraft:golden_leggings":1,"minecraft:spruce_log":3,"minecraft:wooden_pickaxe":1,"minecraft:stone_pickaxe":1,"minecraft:raw_gold":10,"minecraft:netherrack":5},"minecraft:used":{"minecraft:iron_shovel":171,"minecraft:flint_and_steel":1,"minecraft:spruce_planks":12,"minecraft:chest":11,"minecraft:shield":60,"minecraft:iron_sword":184,"minecraft:cooked_salmon":2,"minecraft:cooked_chicken":2,"minecraft:netherrack":270,"minecraft:torch":8,"minecraft:dirt":64,"minecraft:warped_wart_block":6,"minecraft:allium":2,"minecraft:golden_shovel":32,"minecraft:tuff":2,"minecraft:snowball":8,"minecraft:obsidian":10,"minecraft:spruce_boat":5,"minecraft:grass_block":1,"minecraft:lantern":1,"minecraft:iron_axe":44,"minecraft:warped_nylium":19,"minecraft:goat_horn":26,"minecraft:furnace":24,"minecraft:cooked_beef":16,"minecraft:cobbled_deepslate":89,"minecraft:golden_axe":2,"minecraft:golden_boots":1,"minecraft:cooked_mutton":11,"minecraft:water_bucket":1,"minecraft:diorite":2,"minecraft:spruce_door":2,"minecraft:snow_block":1,"minecraft:rabbit":1,"minecraft:oak_planks":6,"minecraft:stone_pickaxe":265,"minecraft:ender_pearl":1,"minecraft:wooden_pickaxe":8,"minecraft:spruce_sign":3,"minecraft:warped_roots":4,"minecraft:crafting_table":14,"minecraft:blast_furnace":2,"minecraft:white_bed":13,"minecraft:smoker":2,"minecraft:spruce_log":1,"minecraft:bread":43,"minecraft:iron_pickaxe":728,"minecraft:stone_axe":182,"minecraft:golden_leggings":1,"minecraft:golden_helmet":1,"minecraft:diamond_sword":185,"minecraft:cobblestone":352,"minecraft:cooked_porkchop":15,"minecraft:bucket":2,"minecraft:experience_bottle":1},"minecraft:mined":{"minecraft:tuff":8,"minecraft:spruce_planks":1,"minecraft:white_bed":12,"minecraft:deepslate_diamond_ore":19,"minecraft:dark_oak_log":2,"minecraft:granite":16,"minecraft:grass_block":21,"minecraft:spruce_leaves":7,"minecraft:spawner":1,"minecraft:large_fern":2,"minecraft:hay_block":40,"minecraft:tall_seagrass":1,"minecraft:raw_iron_block":1,"minecraft:cobbled_deepslate":3,"minecraft:furnace":28,"minecraft:fire":3,"minecraft:iron_ore":34,"minecraft:snow":149,"minecraft:andesite":6,"minecraft:stripped_spruce_log":1,"minecraft:deepslate_lapis_ore":4,"minecraft:gold_block":1,"minecraft:nether_brick_fence":3,"minecraft:deepslate_iron_ore":39,"minecraft:lantern":1,"minecraft:stone":282,"minecraft:crimson_nylium":5,"minecraft:smoker":3,"minecraft:snow_block":6,"minecraft:spruce_door":1,"minecraft:crafting_table":8,"minecraft:short_grass":23,"minecraft:blast_furnace":2,"minecraft:warped_roots":1,"minecraft:chest":4,"minecraft:copper_ore":2,"minecraft:tall_grass":1,"minecraft:cobblestone":13,"minecraft:deepslate_gold_ore":9,"minecraft:sugar_cane":1,"minecraft:diorite":10,"minecraft:wall_torch":8,"minecraft:warped_wart_block":6,"minecraft:spruce_stairs":1,"minecraft:warped_nylium":21,"minecraft:spruce_log":36,"minecraft:birch_leaves":1,"minecraft:coal_ore":61,"minecraft:oak_log":21,"minecraft:gravel":15,"minecraft:dripstone_block":2,"minecraft:dirt":38,"minecraft:cobweb":3,"minecraft:netherrack":366,"minecraft:gold_ore":4,"minecraft:oak_leaves":10,"minecraft:deepslate":41}},"DataVersion":3955}