{"stats":{"minecraft:used":{"minecraft:iron_shovel":229,"minecraft:chest":12,"minecraft:shield":83,"minecraft:iron_sword":184,"minecraft:allium":2,"minecraft:tuff":13,"minecraft:snowball":138,"minecraft:obsidian":10,"minecraft:spruce_boat":6,"minecraft:lantern":1,"minecraft:grass_block":1,"minecraft:warped_nylium":19,"minecraft:stone_brick_stairs":1,"minecraft:stone_bricks":10,"minecraft:furnace":27,"minecraft:golden_boots":1,"minecraft:mossy_stone_bricks":2,"minecraft:diorite":2,"minecraft:spruce_door":3,"minecraft:stone_pickaxe":265,"minecraft:oak_planks":6,"minecraft:ender_pearl":5,"minecraft:wooden_pickaxe":8,"minecraft:blue_bed":4,"minecraft:golden_apple":2,"minecraft:blast_furnace":2,"minecraft:bread":46,"minecraft:iron_door":3,"minecraft:gravel":2,"minecraft:golden_helmet":1,"minecraft:diamond_sword":350,"minecraft:experience_bottle":1,"minecraft:enchanting_table":1,"minecraft:flint_and_steel":1,"minecraft:spruce_planks":12,"minecraft:cooked_salmon":2,"minecraft:cooked_chicken":2,"minecraft:netherrack":313,"minecraft:torch":9,"minecraft:dirt":64,"minecraft:warped_wart_block":6,"minecraft:golden_shovel":32,"minecraft:iron_axe":44,"minecraft:diamond_chestplate":1,"minecraft:goat_horn":28,"minecraft:cooked_beef":20,"minecraft:cobbled_deepslate":103,"minecraft:golden_axe":2,"minecraft:cooked_mutton":20,"minecraft:water_bucket":19,"minecraft:snow_block":44,"minecraft:rabbit":1,"minecraft:spruce_sign":3,"minecraft:warped_roots":4,"minecraft:crafting_table":17,"minecraft:white_bed":14,"minecraft:spruce_log":1,"minecraft:smoker":2,"minecraft:ender_eye":24,"minecraft:iron_pickaxe":924,"minecraft:golden_leggings":1,"minecraft:stone_axe":182,"minecraft:cobblestone":398,"minecraft:cooked_porkchop":16,"minecraft:bucket":20},"minecraft:crafted":{"minecraft:oak_planks":92,"minecraft:blaze_powder":16,"minecraft:cooked_chicken":17,"minecraft:cooked_mutton":57,"minecraft:warped_planks":16,"minecraft:iron_boots":3,"minecraft:diamond_leggings":1,"minecraft:chest":10,"minecraft:ender_eye":22,"minecraft:cooked_porkchop":43,"minecraft:crafting_table":7,"minecraft:spruce_planks":140,"minecraft:wooden_pickaxe":1,"minecraft:iron_helmet":4,"minecraft:spruce_door":6,"minecraft:book":1,"minecraft:iron_chestplate":2,"minecraft:paper":3,"minecraft:shield":2,"minecraft:stick":40,"minecraft:iron_ingot":50,"minecraft:leather_chestplate":1,"minecraft:iron_pickaxe":4,"minecraft:snow_block":48,"minecraft:gold_ingot":32,"minecraft:raw_iron":9,"minecraft:leather_boots":1,"minecraft:furnace":10,"minecraft:iron_axe":1,"minecraft:stone_pickaxe":3,"minecraft:spruce_boat":3,"minecraft:dark_oak_planks":28,"minecraft:wheat":360,"minecraft:cooked_beef":32,"minecraft:coal_block":9,"minecraft:diamond_sword":1,"minecraft:spruce_sign":3,"minecraft:enchanting_table":1,"minecraft:iron_sword":1,"minecraft:cooked_salmon":6,"minecraft:bucket":2,"minecraft:stone_axe":3,"minecraft:bread":123,"minecraft:air":0,"minecraft:golden_apple":5,"minecraft:iron_shovel":1,"minecraft:iron_leggings":2,"minecraft:white_bed":1,"minecraft:lapis_block":9,"minecraft:diamond_chestplate":1},"minecraft:dropped":{"minecraft:iron_sword":1,"minecraft:warped_fungus":2,"minecraft:cooked_beef":7,"minecraft:ender_pearl":2,"minecraft:diamond":2,"minecraft:warped_roots":1,"minecraft:dirt":18,"minecraft:mutton":1,"minecraft:snowball":78,"minecraft:sand":1,"minecraft:glistering_melon_slice":10,"minecraft:iron_pickaxe":1,"minecraft:blue_bed":4,"minecraft:bone":1,"minecraft:stone_axe":2,"minecraft:goat_horn":1,"minecraft:iron_nugget":1,"minecraft:cooked_chicken":5,"minecraft:cobbled_deepslate":1,"minecraft:rotten_flesh":3,"minecraft:oak_planks":27,"minecraft:cooked_mutton":17,"minecraft:rabbit_hide":1,"minecraft:netherrack":5,"minecraft:golden_boots":1,"minecraft:iron_ingot":37,"minecraft:mossy_cobblestone":2,"minecraft:dripstone_block":2,"minecraft:diamond_leggings":1,"minecraft:iron_helmet":2,"minecraft:feather":4,"minecraft:cobblestone":2,"minecraft:coal":64,"minecraft:golden_apple":5,"minecraft:stick":4,"minecraft:torch":13,"minecraft:fire_charge":2,"minecraft:iron_leggings":3,"minecraft:iron_axe":2,"minecraft:iron_shovel":1,"minecraft:string":2,"minecraft:bucket":1,"minecraft:spruce_sapling":1,"minecraft:stone_brick_slab":1,"minecraft:snow_block":43,"minecraft:furnace":1,"minecraft:raw_iron":2,"minecraft:iron_boots":4,"minecraft:pumpkin_seeds":1,"minecraft:flint_and_steel":1,"minecraft:blast_furnace":1,"minecraft:shroomlight":1,"minecraft:spruce_boat":1,"minecraft:shield":1,"minecraft:diamond_chestplate":1,"minecraft:spruce_planks":9,"minecraft:iron_chestplate":2,"minecraft:andesite":2,"minecraft:purple_bed":3,"minecraft:golden_leggings":1,"minecraft:spruce_log":3,"minecraft:stone_pickaxe":1,"minecraft:wooden_pickaxe":1,"minecraft:raw_gold":10},"minecraft:killed_by":{"minecraft:ender_dragon":2},"minecraft:killed":{"minecraft:cave_spider":1,"minecraft:spider":7,"minecraft:skeleton":8,"minecraft:fox":1,"minecraft:chicken":17,"minecraft:silverfish":6,"minecraft:cat":1,"minecraft:piglin":1,"minecraft:pig":22,"minecraft:salmon":4,"minecraft:iron_golem":1,"minecraft:sheep":41,"minecraft:pillager":17,"minecraft:zombie":44,"minecraft:cow":18,"minecraft:blaze":7,"minecraft:horse":6,"minecraft:polar_bear":1,"minecraft:enderman":34},"minecraft:custom":{"minecraft:interact_with_crafting_table":78,"minecraft:leave_game":7,"minecraft:time_since_death":1919,"minecraft:sprint_one_cm":724495,"minecraft:damage_blocked_by_shield":3120,"minecraft:drop":131,"minecraft:talked_to_villager":2,"minecraft:play_time":324237,"minecraft:deaths":7,"minecraft:jump":9277,"minecraft:walk_on_water_one_cm":49992,"minecraft:enchant_item":6,"minecraft:interact_with_furnace":162,"minecraft:sleep_in_bed":14,"minecraft:damage_dealt":41605,"minecraft:crouch_one_cm":98686,"minecraft:interact_with_smoker":11,"minecraft:mob_kills":240,"minecraft:climb_one_cm":931,"minecraft:walk_one_cm":547445,"minecraft:sneak_time":38007,"minecraft:walk_under_water_one_cm":60782,"minecraft:boat_one_cm":98399,"minecraft:interact_with_blast_furnace":13,"minecraft:total_world_time":324237,"minecraft:time_since_rest":1939,"minecraft:damage_absorbed":80,"minecraft:damage_taken":9237,"minecraft:swim_one_cm":222394,"minecraft:fly_one_cm":2080944,"minecraft:open_chest":489,"minecraft:fall_one_cm":282402},"minecraft:mined":{"minecraft:spruce_planks":1,"minecraft:white_bed":12,"minecraft:granite":24,"minecraft:grass_block":21,"minecraft:spawner":2,"minecraft:tall_seagrass":1,"minecraft:raw_iron_block":1,"minecraft:cobbled_deepslate":3,"minecraft:iron_ore":34,"minecraft:fire":3,"minecraft:deepslate_lapis_ore":4,"minecraft:iron_bars":7,"minecraft:smoker":3,"minecraft:crimson_nylium":5,"minecraft:blast_furnace":2,"minecraft:chest":4,"minecraft:cobblestone":17,"minecraft:sugar_cane":1,"minecraft:iron_door":6,"minecraft:wall_torch":9,"minecraft:warped_nylium":21,"minecraft:stone_brick_stairs":1,"minecraft:oak_log":21,"minecraft:sand":1,"minecraft:dirt":43,"minecraft:netherrack":370,"minecraft:oak_leaves":10,"minecraft:deepslate":80,"minecraft:tuff":19,"minecraft:mossy_cobblestone":2,"minecraft:deepslate_diamond_ore":21,"minecraft:dark_oak_log":2,"minecraft:end_stone":23,"minecraft:spruce_leaves":12,"minecraft:large_fern":3,"minecraft:hay_block":40,"minecraft:furnace":28,"minecraft:snow":149,"minecraft:andesite":6,"minecraft:stripped_spruce_log":1,"minecraft:gold_block":1,"minecraft:nether_brick_fence":3,"minecraft:deepslate_iron_ore":39,"minecraft:lantern":1,"minecraft:packed_ice":12,"minecraft:stone":304,"minecraft:infested_stone_bricks":1,"minecraft:snow_block":49,"minecraft:stone_brick_slab":3,"minecraft:spruce_door":1,"minecraft:crafting_table":9,"minecraft:short_grass":23,"minecraft:warped_roots":1,"minecraft:copper_ore":2,"minecraft:tall_grass":1,"minecraft:deepslate_gold_ore":9,"minecraft:blue_bed":4,"minecraft:diorite":14,"minecraft:warped_wart_block":6,"minecraft:spruce_stairs":1,"minecraft:purple_bed":4,"minecraft:ice":1,"minecraft:birch_leaves":1,"minecraft:spruce_log":36,"minecraft:coal_ore":61,"minecraft:dripstone_block":2,"minecraft:gravel":38,"minecraft:cobweb":5,"minecraft:cracked_stone_bricks":10,"minecraft:stone_bricks":18,"minecraft:mossy_stone_bricks":10,"minecraft:gold_ore":4},"minecraft:picked_up":{"minecraft:iron_chestplate":2,"minecraft:nether_brick_fence":1,"minecraft:diamond_sword":3,"minecraft:golden_shovel":1,"minecraft:stone_brick_stairs":1,"minecraft:string":18,"minecraft:raw_copper":14,"minecraft:cooked_salmon":27,"minecraft:iron_leggings":2,"minecraft:shroomlight":1,"minecraft:diamond_leggings":4,"minecraft:cobbled_deepslate":169,"minecraft:spruce_planks":84,"minecraft:ender_eye":42,"minecraft:iron_pickaxe":5,"minecraft:iron_boots":6,"minecraft:furnace":29,"minecraft:golden_helmet":1,"minecraft:stick":4,"minecraft:torch":27,"minecraft:spruce_stairs":1,"minecraft:porkchop":40,"minecraft:diorite":11,"minecraft:goat_horn":1,"minecraft:rotten_flesh":44,"minecraft:blaze_rod":8,"minecraft:iron_bars":7,"minecraft:snowball":492,"minecraft:blaze_powder":6,"minecraft:cobblestone":457,"minecraft:feather":17,"minecraft:cooked_beef":27,"minecraft:iron_door":5,"minecraft:water_bucket":3,"minecraft:andesite":7,"minecraft:golden_leggings":2,"minecraft:smoker":3,"minecraft:flint":2,"minecraft:tuff":13,"minecraft:lapis_lazuli":42,"minecraft:dirt":110,"minecraft:lantern":1,"minecraft:bone":3,"minecraft:wheat_seeds":1,"minecraft:raw_gold":23,"minecraft:mossy_stone_bricks":30,"minecraft:rabbit":1,"minecraft:oak_planks":51,"minecraft:cooked_porkchop":40,"minecraft:warped_wart_block":6,"minecraft:sand":1,"minecraft:stripped_spruce_log":1,"minecraft:grass_block":1,"minecraft:dark_oak_log":2,"minecraft:mossy_cobblestone":2,"minecraft:diamond":34,"minecraft:spruce_boat":5,"minecraft:granite":40,"minecraft:golden_apple":10,"minecraft:bread":115,"minecraft:netherrack":378,"minecraft:crafting_table":10,"minecraft:allium":2,"minecraft:chicken":14,"minecraft:gold_block":1,"minecraft:shield":4,"minecraft:iron_axe":1,"minecraft:flint_and_steel":1,"minecraft:iron_shovel":4,"minecraft:cracked_stone_bricks":8,"minecraft:beef":27,"minecraft:sugar_cane":4,"minecraft:chest":2,"minecraft:raw_iron":79,"minecraft:end_stone":93,"minecraft:fire_charge":1,"minecraft:carrot":1,"minecraft:arrow":2,"minecraft:diamond_chestplate":4,"minecraft:hay_block":40,"minecraft:glistering_melon_slice":10,"minecraft:gold_ingot":12,"minecraft:mutton":58,"minecraft:rail":2,"minecraft:white_wool":40,"minecraft:glow_ink_sac":2,"minecraft:salmon":4,"minecraft:leather":28,"minecraft:oak_log":23,"minecraft:golden_boots":2,"minecraft:blue_bed":9,"minecraft:cooked_mutton":78,"minecraft:apple":7,"minecraft:stone_bricks":46,"minecraft:rabbit_hide":1,"minecraft:iron_ingot":27,"minecraft:cooked_chicken":10,"minecraft:iron_sword":2,"minecraft:warped_fungus":2,"minecraft:stone_brick_slab":4,"minecraft:raw_iron_block":1,"minecraft:dripstone_block":3,"minecraft:gravel":36,"minecraft:spruce_sapling":1,"minecraft:blast_furnace":4,"minecraft:spruce_log":39,"minecraft:white_bed":18,"minecraft:spider_eye":1,"minecraft:spruce_door":1,"minecraft:pumpkin_seeds":1,"minecraft:purple_bed":4,"minecraft:stone_axe":2,"minecraft:iron_helmet":4,"minecraft:gray_wool":2,"minecraft:warped_roots":5,"minecraft:black_wool":1,"minecraft:warped_nylium":19,"minecraft:coal":295,"minecraft:ender_pearl":29},"minecraft:broken":{"minecraft:golden_shovel":1,"minecraft:stone_pickaxe":2,"minecraft:stone_axe":2,"minecraft:iron_pickaxe":3}},"DataVersion":3955}