{"stats":{"minecraft:dropped":{"minecraft:dripstone_block":1,"minecraft:feather":4,"minecraft:cobblestone":2,"minecraft:stick":3,"minecraft:dirt":18,"minecraft:fire_charge":2,"minecraft:furnace":1,"minecraft:iron_nugget":1,"minecraft:oak_planks":27,"minecraft:andesite":2,"minecraft:wooden_pickaxe":1},"minecraft:crafted":{"minecraft:oak_planks":80,"minecraft:leather_boots":1,"minecraft:cooked_chicken":17,"minecraft:furnace":7,"minecraft:cooked_mutton":57,"minecraft:stone_pickaxe":3,"minecraft:chest":6,"minecraft:dark_oak_planks":28,"minecraft:wheat":360,"minecraft:cooked_beef":32,"minecraft:cooked_porkchop":37,"minecraft:crafting_table":2,"minecraft:wooden_pickaxe":1,"minecraft:iron_sword":1,"minecraft:cooked_salmon":6,"minecraft:stone_axe":3,"minecraft:bread":123,"minecraft:air":0,"minecraft:iron_chestplate":1,"minecraft:golden_apple":1,"minecraft:shield":1,"minecraft:stick":20,"minecraft:leather_chestplate":1,"minecraft:iron_ingot":11,"minecraft:iron_pickaxe":1,"minecraft:gold_ingot":1,"minecraft:iron_leggings":1,"minecraft:white_bed":1},"minecraft:broken":{"minecraft:stone_pickaxe":2,"minecraft:stone_axe":2},"minecraft:custom":{"minecraft:mob_kills":142,"minecraft:interact_with_crafting_table":35,"minecraft:leave_game":3,"minecraft:time_since_death":21342,"minecraft:sprint_one_cm":376701,"minecraft:walk_one_cm":181600,"minecraft:damage_blocked_by_shield":1320,"minecraft:drop":22,"minecraft:talked_to_villager":2,"minecraft:play_time":127957,"minecraft:deaths":4,"minecraft:sneak_time":17179,"minecraft:walk_under_water_one_cm":20503,"minecraft:jump":4178,"minecraft:walk_on_water_one_cm":20813,"minecraft:total_world_time":127957,"minecraft:interact_with_furnace":119,"minecraft:sleep_in_bed":8,"minecraft:time_since_rest":21178,"minecraft:damage_taken":3772,"minecraft:damage_dealt":17316,"minecraft:swim_one_cm":98513,"minecraft:fly_one_cm":883926,"minecraft:open_chest":71,"minecraft:crouch_one_cm":36707,"minecraft:interact_with_smoker":2,"minecraft:fall_one_cm":142765},"minecraft:mined":{"minecraft:tuff":8,"minecraft:white_bed":12,"minecraft:deepslate_diamond_ore":17,"minecraft:dark_oak_log":2,"minecraft:granite":16,"minecraft:grass_block":17,"minecraft:spawner":1,"minecraft:large_fern":2,"minecraft:hay_block":40,"minecraft:tall_seagrass":1,"minecraft:raw_iron_block":1,"minecraft:furnace":17,"minecraft:iron_ore":7,"minecraft:snow":1,"minecraft:andesite":1,"minecraft:stripped_spruce_log":1,"minecraft:deepslate_lapis_ore":4,"minecraft:deepslate_iron_ore":35,"minecraft:stone":258,"minecraft:smoker":1,"minecraft:crafting_table":7,"minecraft:short_grass":19,"minecraft:tall_grass":1,"minecraft:copper_ore":2,"minecraft:cobblestone":13,"minecraft:deepslate_gold_ore":9,"minecraft:wall_torch":6,"minecraft:spruce_stairs":1,"minecraft:birch_leaves":1,"minecraft:oak_log":21,"minecraft:coal_ore":27,"minecraft:dripstone_block":1,"minecraft:dirt":27,"minecraft:cobweb":3,"minecraft:oak_leaves":10,"minecraft:deepslate":17},"minecraft:used":{"minecraft:flint_and_steel":1,"minecraft:chest":6,"minecraft:shield":27,"minecraft:iron_sword":159,"minecraft:cooked_salmon":2,"minecraft:cooked_chicken":2,"minecraft:torch":6,"minecraft:dirt":30,"minecraft:allium":2,"minecraft:golden_shovel":22,"minecraft:tuff":2,"minecraft:snowball":7,"minecraft:goat_horn":12,"minecraft:furnace":22,"minecraft:cooked_beef":9,"minecraft:golden_boots":1,"minecraft:cooked_mutton":10,"minecraft:rabbit":1,"minecraft:stone_pickaxe":264,"minecraft:oak_planks":6,"minecraft:wooden_pickaxe":8,"minecraft:crafting_table":8,"minecraft:white_bed":12,"minecraft:smoker":1,"minecraft:bread":1,"minecraft:iron_pickaxe":174,"minecraft:golden_leggings":1,"minecraft:golden_helmet":1,"minecraft:stone_axe":182,"minecraft:cobblestone":91,"minecraft:cooked_porkchop":10,"minecraft:experience_bottle":1},"minecraft:killed":{"minecraft:cave_spider":1,"minecraft:spider":3,"minecraft:skeleton":4,"minecraft:horse":6,"minecraft:chicken":17,"minecraft:pig":18,"minecraft:salmon":4,"minecraft:iron_golem":1,"minecraft:sheep":40,"minecraft:pillager":1,"minecraft:zombie":29,"minecraft:cow":18},"minecraft:picked_up":{"minecraft:crafting_table":7,"minecraft:iron_chestplate":1,"minecraft:allium":2,"minecraft:chicken":14,"minecraft:golden_shovel":1,"minecraft:shield":1,"minecraft:string":11,"minecraft:raw_copper":14,"minecraft:cooked_salmon":4,"minecraft:cobbled_deepslate":29,"minecraft:beef":27,"minecraft:iron_pickaxe":1,"minecraft:sugar_cane":1,"minecraft:furnace":18,"minecraft:golden_helmet":1,"minecraft:stick":3,"minecraft:raw_iron":44,"minecraft:torch":9,"minecraft:spruce_stairs":1,"minecraft:fire_charge":1,"minecraft:porkchop":32,"minecraft:goat_horn":1,"minecraft:rotten_flesh":32,"minecraft:hay_block":40,"minecraft:gold_ingot":9,"minecraft:mutton":57,"minecraft:white_wool":37,"minecraft:snowball":9,"minecraft:rail":2,"minecraft:cobblestone":350,"minecraft:feather":17,"minecraft:cooked_beef":3,"minecraft:glow_ink_sac":2,"minecraft:andesite":3,"minecraft:salmon":4,"minecraft:leather":28,"minecraft:golden_leggings":1,"minecraft:smoker":1,"minecraft:tuff":2,"minecraft:oak_log":20,"minecraft:golden_boots":1,"minecraft:lapis_lazuli":42,"minecraft:dirt":71,"minecraft:cooked_mutton":18,"minecraft:apple":7,"minecraft:wheat_seeds":1,"minecraft:raw_gold":9,"minecraft:rabbit_hide":1,"minecraft:iron_ingot":3,"minecraft:cooked_chicken":5,"minecraft:rabbit":1,"minecraft:iron_sword":1,"minecraft:oak_planks":51,"minecraft:cooked_porkchop":13,"minecraft:raw_iron_block":1,"minecraft:dripstone_block":2,"minecraft:stripped_spruce_log":1,"minecraft:white_bed":11,"minecraft:dark_oak_log":2,"minecraft:diamond":25,"minecraft:granite":32,"minecraft:golden_apple":2,"minecraft:gray_wool":1,"minecraft:bread":103,"minecraft:coal":74}},"DataVersion":3955}