{"stats":{"minecraft:dropped":{"minecraft:dripstone_block":1,"minecraft:feather":4,"minecraft:cobblestone":2,"minecraft:stick":3,"minecraft:dirt":18,"minecraft:mutton":1,"minecraft:snowball":1,"minecraft:fire_charge":2,"minecraft:furnace":1,"minecraft:iron_nugget":1,"minecraft:oak_planks":27,"minecraft:rabbit_hide":1,"minecraft:andesite":2,"minecraft:stone_pickaxe":1,"minecraft:wooden_pickaxe":1},"minecraft:crafted":{"minecraft:oak_planks":80,"minecraft:raw_iron":9,"minecraft:leather_boots":1,"minecraft:cooked_chicken":17,"minecraft:furnace":7,"minecraft:cooked_mutton":57,"minecraft:diamond_leggings":1,"minecraft:stone_pickaxe":3,"minecraft:chest":7,"minecraft:dark_oak_planks":28,"minecraft:wheat":360,"minecraft:cooked_beef":32,"minecraft:diamond_sword":1,"minecraft:cooked_porkchop":37,"minecraft:crafting_table":2,"minecraft:enchanting_table":1,"minecraft:wooden_pickaxe":1,"minecraft:iron_sword":1,"minecraft:cooked_salmon":6,"minecraft:stone_axe":3,"minecraft:bread":123,"minecraft:air":0,"minecraft:book":1,"minecraft:iron_chestplate":1,"minecraft:paper":3,"minecraft:golden_apple":3,"minecraft:shield":1,"minecraft:stick":20,"minecraft:leather_chestplate":1,"minecraft:iron_ingot":34,"minecraft:iron_pickaxe":1,"minecraft:gold_ingot":16,"minecraft:iron_leggings":1,"minecraft:white_bed":1,"minecraft:diamond_chestplate":1},"minecraft:broken":{"minecraft:golden_shovel":1,"minecraft:stone_pickaxe":2,"minecraft:stone_axe":2,"minecraft:iron_pickaxe":1},"minecraft:custom":{"minecraft:mob_kills":150,"minecraft:interact_with_crafting_table":44,"minecraft:leave_game":3,"minecraft:time_since_death":45342,"minecraft:sprint_one_cm":422982,"minecraft:walk_one_cm":224322,"minecraft:damage_blocked_by_shield":1320,"minecraft:drop":26,"minecraft:talked_to_villager":2,"minecraft:play_time":151957,"minecraft:deaths":4,"minecraft:sneak_time":19297,"minecraft:walk_under_water_one_cm":24726,"minecraft:jump":4787,"minecraft:walk_on_water_one_cm":24110,"minecraft:total_world_time":151957,"minecraft:interact_with_furnace":150,"minecraft:sleep_in_bed":9,"minecraft:time_since_rest":1960,"minecraft:damage_taken":3911,"minecraft:damage_dealt":18680,"minecraft:swim_one_cm":100303,"minecraft:fly_one_cm":1035388,"minecraft:open_chest":248,"minecraft:crouch_one_cm":41590,"minecraft:interact_with_smoker":5,"minecraft:fall_one_cm":153983},"minecraft:mined":{"minecraft:tuff":8,"minecraft:white_bed":12,"minecraft:deepslate_diamond_ore":17,"minecraft:dark_oak_log":2,"minecraft:granite":16,"minecraft:grass_block":18,"minecraft:spawner":1,"minecraft:large_fern":2,"minecraft:hay_block":40,"minecraft:tall_seagrass":1,"minecraft:raw_iron_block":1,"minecraft:furnace":17,"minecraft:iron_ore":15,"minecraft:snow":11,"minecraft:andesite":6,"minecraft:stripped_spruce_log":1,"minecraft:deepslate_lapis_ore":4,"minecraft:deepslate_iron_ore":35,"minecraft:lantern":1,"minecraft:stone":274,"minecraft:smoker":1,"minecraft:crafting_table":7,"minecraft:short_grass":20,"minecraft:chest":4,"minecraft:tall_grass":1,"minecraft:copper_ore":2,"minecraft:cobblestone":13,"minecraft:deepslate_gold_ore":9,"minecraft:sugar_cane":1,"minecraft:diorite":6,"minecraft:wall_torch":6,"minecraft:spruce_stairs":1,"minecraft:birch_leaves":1,"minecraft:oak_log":21,"minecraft:coal_ore":61,"minecraft:dripstone_block":1,"minecraft:dirt":31,"minecraft:cobweb":3,"minecraft:gold_ore":4,"minecraft:oak_leaves":10,"minecraft:deepslate":17},"minecraft:used":{"minecraft:flint_and_steel":1,"minecraft:chest":9,"minecraft:shield":27,"minecraft:iron_sword":184,"minecraft:cooked_salmon":2,"minecraft:cooked_chicken":2,"minecraft:torch":6,"minecraft:dirt":50,"minecraft:allium":2,"minecraft:golden_shovel":32,"minecraft:tuff":2,"minecraft:snowball":8,"minecraft:lantern":1,"minecraft:goat_horn":13,"minecraft:furnace":22,"minecraft:cooked_beef":9,"minecraft:golden_axe":2,"minecraft:golden_boots":1,"minecraft:cooked_mutton":10,"minecraft:diorite":1,"minecraft:rabbit":1,"minecraft:stone_pickaxe":265,"minecraft:oak_planks":6,"minecraft:wooden_pickaxe":8,"minecraft:crafting_table":8,"minecraft:white_bed":12,"minecraft:smoker":2,"minecraft:bread":1,"minecraft:iron_pickaxe":249,"minecraft:golden_leggings":1,"minecraft:golden_helmet":1,"minecraft:stone_axe":182,"minecraft:cobblestone":158,"minecraft:cooked_porkchop":14,"minecraft:experience_bottle":1},"minecraft:killed":{"minecraft:cave_spider":1,"minecraft:spider":6,"minecraft:skeleton":4,"minecraft:horse":6,"minecraft:chicken":17,"minecraft:pig":18,"minecraft:salmon":4,"minecraft:iron_golem":1,"minecraft:sheep":41,"minecraft:pillager":1,"minecraft:zombie":33,"minecraft:cow":18},"minecraft:picked_up":{"minecraft:crafting_table":7,"minecraft:iron_chestplate":1,"minecraft:allium":2,"minecraft:chicken":14,"minecraft:golden_shovel":1,"minecraft:shield":1,"minecraft:string":13,"minecraft:raw_copper":14,"minecraft:cooked_salmon":4,"minecraft:cobbled_deepslate":29,"minecraft:beef":27,"minecraft:iron_pickaxe":1,"minecraft:chest":2,"minecraft:sugar_cane":4,"minecraft:furnace":18,"minecraft:golden_helmet":1,"minecraft:stick":3,"minecraft:raw_iron":52,"minecraft:torch":9,"minecraft:spruce_stairs":1,"minecraft:fire_charge":1,"minecraft:porkchop":32,"minecraft:diorite":6,"minecraft:goat_horn":1,"minecraft:rotten_flesh":35,"minecraft:hay_block":40,"minecraft:gold_ingot":9,"minecraft:mutton":58,"minecraft:white_wool":38,"minecraft:snowball":37,"minecraft:rail":2,"minecraft:cobblestone":365,"minecraft:feather":17,"minecraft:cooked_beef":3,"minecraft:glow_ink_sac":2,"minecraft:andesite":7,"minecraft:salmon":4,"minecraft:leather":28,"minecraft:golden_leggings":1,"minecraft:smoker":1,"minecraft:tuff":2,"minecraft:oak_log":20,"minecraft:golden_boots":1,"minecraft:lapis_lazuli":42,"minecraft:dirt":88,"minecraft:lantern":1,"minecraft:cooked_mutton":18,"minecraft:apple":7,"minecraft:wheat_seeds":1,"minecraft:raw_gold":13,"minecraft:rabbit_hide":1,"minecraft:iron_ingot":3,"minecraft:cooked_chicken":5,"minecraft:rabbit":1,"minecraft:iron_sword":1,"minecraft:oak_planks":51,"minecraft:cooked_porkchop":13,"minecraft:raw_iron_block":1,"minecraft:dripstone_block":2,"minecraft:stripped_spruce_log":1,"minecraft:white_bed":11,"minecraft:dark_oak_log":2,"minecraft:diamond":30,"minecraft:granite":32,"minecraft:golden_apple":2,"minecraft:gray_wool":1,"minecraft:bread":103,"minecraft:netherrack":3,"minecraft:coal":108}},"DataVersion":3955}