{"stats":{"minecraft:custom":{"minecraft:interact_with_crafting_table":762,"minecraft:damage_blocked_by_shield":9030,"minecraft:play_time":4991871,"minecraft:deaths":35,"minecraft:jump":111063,"minecraft:play_record":5,"minecraft:interact_with_cartography_table":1,"minecraft:interact_with_smoker":49,"minecraft:inspect_dispenser":38,"minecraft:horse_one_cm":153578,"minecraft:interact_with_anvil":105,"minecraft:inspect_hopper":109,"minecraft:time_since_rest":89201,"minecraft:swim_one_cm":2162530,"minecraft:open_chest":8086,"minecraft:talked_to_villager":4385,"minecraft:interact_with_brewingstand":41,"minecraft:interact_with_beacon":8,"minecraft:fill_cauldron":7,"minecraft:raid_win":2,"minecraft:boat_one_cm":2463589,"minecraft:damage_taken":48683,"minecraft:open_barrel":1128,"minecraft:bell_ring":69,"minecraft:leave_game":97,"minecraft:time_since_death":89171,"minecraft:interact_with_furnace":628,"minecraft:traded_with_villager":7670,"minecraft:sleep_in_bed":227,"minecraft:damage_dealt":185659,"minecraft:use_cauldron":45,"minecraft:interact_with_smithing_table":16,"minecraft:sneak_time":755492,"minecraft:interact_with_blast_furnace":101,"minecraft:total_world_time":4991871,"minecraft:interact_with_stonecutter":81,"minecraft:fly_one_cm":24469336,"minecraft:fish_caught":1,"minecraft:fall_one_cm":2539545,"minecraft:sprint_one_cm":7681663,"minecraft:drop":1307,"minecraft:walk_on_water_one_cm":773490,"minecraft:open_enderchest":266,"minecraft:player_kills":5,"minecraft:crouch_one_cm":3431936,"minecraft:mob_kills":901,"minecraft:climb_one_cm":173711,"minecraft:walk_one_cm":8146078,"minecraft:walk_under_water_one_cm":1251664,"minecraft:raid_trigger":2,"minecraft:pot_flower":17,"minecraft:interact_with_grindstone":6,"minecraft:damage_absorbed":608},"minecraft:dropped":{"minecraft:iron_sword":1,"minecraft:diamond":6,"minecraft:crafting_table":7,"minecraft:dark_oak_slab":1,"minecraft:glow_berries":1,"minecraft:warped_roots":5,"minecraft:emerald":317,"minecraft:gold_block":27,"minecraft:netherite_boots":1,"minecraft:gold_nugget":106,"minecraft:sand":30,"minecraft:dark_oak_planks":56,"minecraft:white_wool":5,"minecraft:ancient_debris":1,"minecraft:iron_nugget":69,"minecraft:cobbled_deepslate":62,"minecraft:netherite_sword":5,"minecraft:wheat":1,"minecraft:obsidian":3,"minecraft:stripped_dark_oak_log":1,"minecraft:rotten_flesh":68,"minecraft:oak_planks":8,"minecraft:golden_shovel":1,"minecraft:nether_brick_fence":3,"minecraft:golden_boots":2,"minecraft:wheat_seeds":98,"minecraft:netherite_chestplate":2,"minecraft:prismarine_crystals":1,"minecraft:golden_apple":1,"minecraft:diamond_horse_armor":1,"minecraft:gray_wool":1,"minecraft:ink_sac":14,"minecraft:cherry_planks":22,"minecraft:potion":3,"minecraft:pumpkin":2,"minecraft:smooth_stone":65,"minecraft:lily_pad":4,"minecraft:snow_block":12,"minecraft:netherite_hoe":1,"minecraft:white_carpet":5,"minecraft:clay_ball":4,"minecraft:iron_boots":20,"minecraft:shears":1,"minecraft:suspicious_stew":15,"minecraft:diamond_sword":5,"minecraft:piglin_banner_pattern":1,"minecraft:spruce_trapdoor":5,"minecraft:spruce_planks":5,"minecraft:diamond_pickaxe":6,"minecraft:redstone_torch":7,"minecraft:stone_bricks":6,"minecraft:bamboo":24,"minecraft:sandstone":128,"minecraft:bow":2,"minecraft:magma_block":22,"minecraft:candle":2,"minecraft:oak_log":1,"minecraft:ender_pearl":2,"minecraft:dark_oak_sapling":1,"minecraft:leather":2,"minecraft:ice":4,"minecraft:snowball":7,"minecraft:cherry_stairs":16,"minecraft:beetroot":1,"minecraft:leather_chestplate":1,"minecraft:trident":1,"minecraft:bread":529,"minecraft:iron_block":66,"minecraft:nether_wart_block":1,"minecraft:fire_charge":3,"minecraft:kelp":1,"minecraft:sweet_berries":13,"minecraft:oak_trapdoor":11,"minecraft:sculk_sensor":4,"minecraft:comparator":1,"minecraft:stripped_oak_log":2,"minecraft:netherite_leggings":1,"minecraft:flint_and_steel":2,"minecraft:deepslate_bricks":1,"minecraft:oak_sapling":2,"minecraft:spruce_log":20,"minecraft:magma_cream":8,"minecraft:brick":1,"minecraft:crimson_stem":1,"minecraft:oak_pressure_plate":1,"minecraft:crossbow":2,"minecraft:cookie":280,"minecraft:rail":27,"minecraft:dirt":1476,"minecraft:snout_armor_trim_smithing_template":1,"minecraft:chain":1,"minecraft:bone_meal":8,"minecraft:iron_pickaxe":16,"minecraft:dark_oak_boat":1,"minecraft:bone":43,"minecraft:sugar_cane":11,"minecraft:emerald_block":16,"minecraft:golden_chestplate":1,"minecraft:birch_sapling":6,"minecraft:enchanted_golden_apple":2,"minecraft:netherite_shovel":2,"minecraft:white_bed":1,"minecraft:spruce_slab":9,"minecraft:cherry_fence":23,"minecraft:egg":3,"minecraft:enchanted_book":4,"minecraft:iron_ingot":476,"minecraft:netherite_pickaxe":2,"minecraft:sculk_shrieker":3,"minecraft:mangrove_leaves":2,"minecraft:tnt":3,"minecraft:deepslate_diamond_ore":4,"minecraft:netherite_helmet":2,"minecraft:cobblestone":98,"minecraft:feather":5,"minecraft:iron_helmet":1,"minecraft:apple":10,"minecraft:music_disc_pigstep":2,"minecraft:coal":182,"minecraft:oxeye_daisy":1,"minecraft:golden_carrot":74,"minecraft:rabbit":1,"minecraft:heart_of_the_sea":1,"minecraft:iron_shovel":5,"minecraft:paper":28,"minecraft:string":56,"minecraft:spruce_sapling":2,"minecraft:stone_sword":2,"minecraft:dark_oak_sign":15,"minecraft:deepslate":1,"minecraft:smooth_stone_slab":26,"minecraft:bowl":1,"minecraft:chicken":2,"minecraft:stone_slab":4,"minecraft:potato":50,"minecraft:hay_block":17,"minecraft:stone":19,"minecraft:crimson_slab":64,"minecraft:yellow_bed":1,"minecraft:spider_eye":10,"minecraft:brown_mushroom":3,"minecraft:dark_oak_stairs":1,"minecraft:diamond_axe":2,"minecraft:lantern":1,"minecraft:flint":25,"minecraft:polished_blackstone_brick_stairs":2,"minecraft:crimson_roots":2,"minecraft:polished_blackstone_bricks":3,"minecraft:gravel":75,"minecraft:blackstone":62,"minecraft:yellow_wool":5,"minecraft:diamond_shovel":6,"minecraft:carrot":1313,"minecraft:poppy":6635,"minecraft:rabbit_hide":1,"minecraft:gunpowder":33,"minecraft:chainmail_boots":23,"minecraft:chest":58,"minecraft:basalt":2,"minecraft:arrow":61,"minecraft:powered_rail":4,"minecraft:quartz":417,"minecraft:netherrack":9290,"minecraft:water_bucket":2,"minecraft:oak_slab":8,"minecraft:minecart":5,"minecraft:lead":2,"minecraft:observer":1,"minecraft:copper_ingot":2,"minecraft:grass_block":1,"minecraft:stick":62,"minecraft:nether_gold_ore":1,"minecraft:diorite":1,"minecraft:torch":12,"minecraft:sculk_catalyst":1,"minecraft:iron_leggings":3,"minecraft:crimson_fence":2,"minecraft:iron_axe":16,"minecraft:bucket":3,"minecraft:dandelion":13,"minecraft:smooth_basalt":2,"minecraft:redstone":120,"minecraft:warped_nylium":1,"minecraft:ender_chest":1,"minecraft:raw_copper":4,"minecraft:tuff":11,"minecraft:raw_iron":2,"minecraft:light_gray_wool":2,"minecraft:iron_hoe":1,"minecraft:smoker":2,"minecraft:filled_map":5,"minecraft:shield":11,"minecraft:iron_chestplate":1,"minecraft:pink_wool":1,"minecraft:oak_boat":9,"minecraft:golden_sword":2,"minecraft:diamond_boots":2,"minecraft:nether_quartz_ore":1},"minecraft:killed_by":{"minecraft:zombie_villager":4,"minecraft:zombie":2,"minecraft:skeleton":2,"minecraft:wither_skeleton":1,"minecraft:creeper":1,"minecraft:blaze":1,"minecraft:player":11,"minecraft:enderman":1},"minecraft:mined":{"minecraft:white_bed":31,"minecraft:weathered_cut_copper_slab":3,"minecraft:granite":124,"minecraft:acacia_log":7,"minecraft:deepslate_tile_wall":1,"minecraft:oak_pressure_plate":4,"minecraft:oak_wall_sign":1,"minecraft:nether_wart":40,"minecraft:spawner":5,"minecraft:polished_blackstone_bricks":123,"minecraft:magma_block":19,"minecraft:dark_oak_trapdoor":3,"minecraft:fire":56,"minecraft:barrel":29,"minecraft:cobbled_deepslate":446,"minecraft:fletching_table":19,"minecraft:deepslate_lapis_ore":7,"minecraft:white_banner":2,"minecraft:kelp_plant":1,"minecraft:deepslate_brick_wall":6,"minecraft:smoker":7,"minecraft:crimson_nylium":19,"minecraft:deepslate_tile_slab":13,"minecraft:powder_snow":3,"minecraft:torch":23,"minecraft:dead_bush":1,"minecraft:white_candle":40,"minecraft:sugar_cane":190,"minecraft:amethyst_block":1,"minecraft:white_terracotta":31,"minecraft:chain":2,"minecraft:repeater":23,"minecraft:mud":5,"minecraft:jukebox":1,"minecraft:dark_oak_sapling":3,"minecraft:mangrove_log":166,"minecraft:smooth_basalt":2,"minecraft:stripped_crimson_stem":1,"minecraft:deepslate":2295,"minecraft:deepslate_tiles":8,"minecraft:mossy_cobblestone":23,"minecraft:dark_oak_log":461,"minecraft:end_stone":22,"minecraft:dark_oak_fence":4,"minecraft:spruce_fence":10,"minecraft:redstone_wire":84,"minecraft:cartography_table":2,"minecraft:red_mushroom":3,"minecraft:redstone_ore":8,"minecraft:acacia_trapdoor":11,"minecraft:andesite":160,"minecraft:cobblestone_slab":3,"minecraft:vine":147,"minecraft:rail":1361,"minecraft:potted_spruce_sapling":1,"minecraft:bone_block":5,"minecraft:fire_coral_block":1,"minecraft:ender_chest":72,"minecraft:oak_slab":67,"minecraft:redstone_block":4,"minecraft:glass_pane":112,"minecraft:soul_sand":62,"minecraft:dandelion":53,"minecraft:cornflower":5,"minecraft:crimson_slab":55,"minecraft:tall_grass":166,"minecraft:copper_ore":65,"minecraft:deepslate_gold_ore":96,"minecraft:diorite":98,"minecraft:cut_copper_slab":7,"minecraft:mangrove_leaves":311,"minecraft:gravel":293,"minecraft:cobweb":12,"minecraft:oak_button":1,"minecraft:stone_bricks":161,"minecraft:chipped_anvil":3,"minecraft:gold_ore":9,"minecraft:fern":12,"minecraft:oak_sapling":4,"minecraft:farmland":194,"minecraft:brewing_stand":4,"minecraft:spruce_trapdoor":28,"minecraft:cracked_polished_blackstone_bricks":78,"minecraft:composter":13,"minecraft:gilded_blackstone":6,"minecraft:mossy_cobblestone_slab":8,"minecraft:sculk_catalyst":1,"minecraft:pointed_dripstone":1,"minecraft:azalea":3,"minecraft:spruce_slab":39,"minecraft:deepslate_redstone_ore":46,"minecraft:beacon":2,"minecraft:nether_quartz_ore":1253,"minecraft:oak_planks":471,"minecraft:wall_torch":39,"minecraft:cauldron":1,"minecraft:stone_stairs":23,"minecraft:warped_nylium":1,"minecraft:powered_rail":15,"minecraft:dark_oak_slab":75,"minecraft:warped_planks":1,"minecraft:tnt":12,"minecraft:smooth_stone_slab":152,"minecraft:oak_log":914,"minecraft:beetroots":4,"minecraft:dirt":6548,"minecraft:dispenser":2,"minecraft:ancient_debris":37,"minecraft:dark_oak_leaves":34,"minecraft:stripped_mangrove_log":14,"minecraft:mangrove_roots":195,"minecraft:lever":22,"minecraft:ladder":10,"minecraft:chiseled_bookshelf":5,"minecraft:stone_button":2,"minecraft:weathered_copper":10,"minecraft:decorated_pot":2,"minecraft:potted_azalea_bush":1,"minecraft:brown_mushroom_block":46,"minecraft:spruce_leaves":459,"minecraft:crimson_stem":102,"minecraft:hay_block":122,"minecraft:polished_basalt":48,"minecraft:gold_block":44,"minecraft:nether_brick_fence":30,"minecraft:bookshelf":308,"minecraft:deepslate_iron_ore":29,"minecraft:shroomlight":15,"minecraft:oxidized_cut_copper_slab":1,"minecraft:stripped_oak_log":101,"minecraft:acacia_leaves":42,"minecraft:scaffolding":35,"minecraft:snow_block":25,"minecraft:stripped_dark_oak_log":49,"minecraft:basalt":166,"minecraft:oak_fence":70,"minecraft:stone_slab":122,"minecraft:polished_blackstone_brick_stairs":5,"minecraft:birch_planks":8,"minecraft:sea_pickle":10,"minecraft:ice":5,"minecraft:mangrove_planks":1,"minecraft:white_wall_banner":8,"minecraft:bee_nest":3,"minecraft:cherry_leaves":11,"minecraft:flower_pot":4,"minecraft:cracked_stone_bricks":2,"minecraft:crimson_fence":26,"minecraft:dark_oak_planks":19,"minecraft:cherry_log":28,"minecraft:jungle_leaves":130,"minecraft:warped_stairs":2,"minecraft:obsidian":10,"minecraft:chiseled_polished_blackstone":1,"minecraft:crimson_trapdoor":10,"minecraft:stone_brick_wall":2,"minecraft:yellow_carpet":4,"minecraft:jungle_log":82,"minecraft:deepslate_bricks":20,"minecraft:deepslate_tile_stairs":2,"minecraft:hopper":22,"minecraft:oxeye_daisy":7,"minecraft:chiseled_stone_bricks":7,"minecraft:weeping_vines_plant":3,"minecraft:tall_seagrass":49,"minecraft:pumpkin":23,"minecraft:moss_carpet":1,"minecraft:sculk_shrieker":14,"minecraft:cave_vines":17,"minecraft:water_cauldron":7,"minecraft:dirt_path":819,"minecraft:oak_stairs":119,"minecraft:deepslate_brick_stairs":18,"minecraft:iron_block":268,"minecraft:piston_head":1,"minecraft:brown_mushroom":21,"minecraft:blast_furnace":54,"minecraft:polished_diorite_slab":12,"minecraft:glass":511,"minecraft:damaged_anvil":2,"minecraft:crimson_stairs":17,"minecraft:weathered_cut_copper_stairs":2,"minecraft:cherry_fence":23,"minecraft:wheat":124,"minecraft:lilac":1,"minecraft:pumpkin_stem":1,"minecraft:stone_brick_stairs":1,"minecraft:copper_block":26,"minecraft:oak_fence_gate":2,"minecraft:stonecutter":9,"minecraft:piston":12,"minecraft:nether_bricks":214,"minecraft:cobbled_deepslate_slab":2,"minecraft:jungle_planks":58,"minecraft:crimson_roots":7,"minecraft:moss_block":7,"minecraft:kelp":1,"minecraft:black_stained_glass_pane":1,"minecraft:snow":73,"minecraft:potatoes":7,"minecraft:warped_stem":171,"minecraft:warped_trapdoor":4,"minecraft:bamboo_sapling":3,"minecraft:bamboo":244,"minecraft:white_wool":5,"minecraft:smithing_table":1,"minecraft:mangrove_stairs":3,"minecraft:comparator":7,"minecraft:stone_brick_slab":22,"minecraft:observer":46,"minecraft:short_grass":1161,"minecraft:emerald_ore":1,"minecraft:cracked_deepslate_bricks":7,"minecraft:purple_bed":5,"minecraft:white_carpet":4,"minecraft:spruce_log":435,"minecraft:birch_leaves":6,"minecraft:acacia_planks":1,"minecraft:spruce_fence_gate":1,"minecraft:large_amethyst_bud":3,"minecraft:spruce_planks":34,"minecraft:cobbled_deepslate_stairs":1,"minecraft:cobblestone_stairs":3,"minecraft:sculk_vein":50,"minecraft:cave_vines_plant":10,"minecraft:grass_block":7210,"minecraft:mangrove_fence":20,"minecraft:smooth_stone":7,"minecraft:glowstone":32,"minecraft:iron_ore":111,"minecraft:azure_bluet":8,"minecraft:dark_oak_stairs":8,"minecraft:brain_coral_block":1,"minecraft:blackstone":324,"minecraft:polished_deepslate_stairs":3,"minecraft:soul_lantern":1,"minecraft:clay":67,"minecraft:calcite":1,"minecraft:poppy":8,"minecraft:chest":154,"minecraft:mushroom_stem":9,"minecraft:mangrove_fence_gate":3,"minecraft:cobblestone":200,"minecraft:grindstone":46,"minecraft:prismarine":2,"minecraft:pink_petals":43,"minecraft:seagrass":36,"minecraft:nether_wart_block":7,"minecraft:yellow_wool":5,"minecraft:birch_log":10,"minecraft:light_gray_wool":1,"minecraft:stripped_oak_wood":1,"minecraft:cracked_deepslate_tiles":1,"minecraft:acacia_fence":2,"minecraft:sand":2220,"minecraft:crimson_planks":88,"minecraft:wither_skeleton_skull":3,"minecraft:netherrack":38971,"minecraft:oak_leaves":290,"minecraft:horn_coral_block":3,"minecraft:nether_gold_ore":482,"minecraft:diamond_ore":3,"minecraft:tuff":146,"minecraft:deepslate_diamond_ore":191,"minecraft:candle":4,"minecraft:oak_door":2,"minecraft:weeping_vines":1,"minecraft:mangrove_propagule":5,"minecraft:sandstone":138,"minecraft:large_fern":2,"minecraft:spore_blossom":2,"minecraft:deepslate_brick_slab":236,"minecraft:diorite_slab":2,"minecraft:oak_trapdoor":89,"minecraft:spruce_sapling":3,"minecraft:furnace":27,"minecraft:carrots":492,"minecraft:stripped_spruce_log":100,"minecraft:chiseled_deepslate":14,"minecraft:bell":11,"minecraft:lantern":40,"minecraft:packed_ice":18,"minecraft:stone":2932,"minecraft:cherry_stairs":1,"minecraft:redstone_wall_torch":4,"minecraft:podzol":250,"minecraft:flowering_azalea":8,"minecraft:cut_copper_stairs":4,"minecraft:crafting_table":34,"minecraft:rose_bush":1,"minecraft:andesite_slab":3,"minecraft:sculk_sensor":18,"minecraft:lectern":650,"minecraft:lapis_ore":8,"minecraft:lily_pad":2,"minecraft:sculk":290,"minecraft:spruce_stairs":14,"minecraft:redstone_torch":19,"minecraft:sweet_berry_bush":40,"minecraft:yellow_bed":48,"minecraft:coal_ore":385,"minecraft:warped_slab":4},"minecraft:picked_up":{"minecraft:suspicious_stew":4,"minecraft:smithing_table":1,"minecraft:lead":8,"minecraft:stone_slab":258,"minecraft:enchanted_book":9,"minecraft:music_disc_cat":2,"minecraft:polished_blackstone_brick_stairs":2,"minecraft:string":242,"minecraft:shroomlight":15,"minecraft:sculk_shrieker":9,"minecraft:diamond_leggings":3,"minecraft:horn_coral_block":3,"minecraft:warped_slab":4,"minecraft:hopper_minecart":4,"minecraft:weathered_cut_copper_slab":3,"minecraft:jukebox":1,"minecraft:acacia_log":7,"minecraft:cut_copper_stairs":6,"minecraft:golden_chestplate":1,"minecraft:cauldron":8,"minecraft:stone_sword":9,"minecraft:polished_basalt":48,"minecraft:glowstone":18,"minecraft:bookshelf":18,"minecraft:white_terracotta":124,"minecraft:blaze_rod":102,"minecraft:iron_bars":30,"minecraft:snowball":120,"minecraft:furnace_minecart":13,"minecraft:feather":40,"minecraft:cooked_beef":137,"minecraft:water_bucket":31,"minecraft:dark_oak_boat":8,"minecraft:copper_block":39,"minecraft:flint":63,"minecraft:cherry_fence":22,"minecraft:lantern":89,"minecraft:stonecutter":9,"minecraft:dark_oak_sign":129,"minecraft:diamond_helmet":3,"minecraft:mangrove_fence_gate":3,"minecraft:rabbit":2,"minecraft:chiseled_polished_blackstone":1,"minecraft:stripped_crimson_stem":3,"minecraft:stripped_spruce_log":100,"minecraft:brown_mushroom_block":85,"minecraft:iron_hoe":4,"minecraft:deepslate":189,"minecraft:lever":22,"minecraft:granite":469,"minecraft:diamond_pickaxe":19,"minecraft:crimson_roots":38,"minecraft:mud":12,"minecraft:bee_nest":1,"minecraft:clay_ball":534,"minecraft:leather_leggings":3,"minecraft:golden_pickaxe":2,"minecraft:cornflower":12,"minecraft:flint_and_steel":15,"minecraft:white_carpet":48,"minecraft:iron_shovel":18,"minecraft:glass_pane":247,"minecraft:netherite_sword":15,"minecraft:jungle_sapling":2,"minecraft:poppy":687,"minecraft:spruce_slab":134,"minecraft:minecart":137,"minecraft:birch_sapling":10,"minecraft:piston":32,"minecraft:diamond_hoe":8,"minecraft:copper_ore":6,"minecraft:stone":1781,"minecraft:fire_charge":3,"minecraft:netherite_pickaxe":23,"minecraft:diamond_chestplate":12,"minecraft:decorated_pot":1,"minecraft:hay_block":223,"minecraft:cracked_deepslate_bricks":6,"minecraft:mutton":54,"minecraft:rail":1901,"minecraft:bone_block":92,"minecraft:oxeye_daisy":39,"minecraft:clock":24,"minecraft:fern":2,"minecraft:lily_pad":24,"minecraft:paper":265,"minecraft:apple":51,"minecraft:warped_stem":174,"minecraft:spore_blossom":4,"minecraft:oak_fence_gate":8,"minecraft:stone_pickaxe":2,"minecraft:dark_oak_stairs":43,"minecraft:smooth_basalt":2,"minecraft:sweet_berries":143,"minecraft:weathered_copper":12,"minecraft:crimson_stairs":57,"minecraft:diamond_shovel":9,"minecraft:short_grass":12,"minecraft:deepslate_redstone_ore":5,"minecraft:baked_potato":4,"minecraft:hopper":33,"minecraft:ender_chest":82,"minecraft:nether_brick_fence":69,"minecraft:yellow_wool":20,"minecraft:warped_stairs":2,"minecraft:lapis_block":27,"minecraft:deepslate_lapis_ore":8,"minecraft:smooth_stone":104,"minecraft:comparator":10,"minecraft:bucket":18,"minecraft:red_dye":96,"minecraft:cobblestone_slab":59,"minecraft:azalea":10,"minecraft:iron_pickaxe":28,"minecraft:acacia_fence":2,"minecraft:polished_deepslate_stairs":60,"minecraft:spruce_stairs":47,"minecraft:netherite_shovel":11,"minecraft:diorite":167,"minecraft:vine":129,"minecraft:andesite_wall":1,"minecraft:rotten_flesh":392,"minecraft:mangrove_roots":306,"minecraft:deepslate_brick_stairs":78,"minecraft:obsidian":62,"minecraft:blaze_powder":2,"minecraft:cobblestone":2707,"minecraft:pink_petals":191,"minecraft:leather_chestplate":1,"minecraft:repeater":27,"minecraft:andesite":231,"minecraft:beacon":2,"minecraft:potato":80,"minecraft:prismarine_bricks":9,"minecraft:dirt":19035,"minecraft:name_tag":3,"minecraft:mangrove_fence":20,"minecraft:glass":460,"minecraft:bone":621,"minecraft:acacia_planks":1,"minecraft:bow":19,"minecraft:wheat_seeds":1303,"minecraft:grindstone":55,"minecraft:netherite_axe":2,"minecraft:fletching_table":20,"minecraft:bamboo":3278,"minecraft:prismarine":6,"minecraft:black_stained_glass_pane":15,"minecraft:grass_block":19,"minecraft:mossy_cobblestone":104,"minecraft:jungle_leaves":130,"minecraft:yellow_carpet":12,"minecraft:netherite_helmet":12,"minecraft:soul_lantern":1,"minecraft:cracked_polished_blackstone_bricks":102,"minecraft:crossbow":16,"minecraft:bone_meal":433,"minecraft:golden_apple":204,"minecraft:emerald":1587,"minecraft:piglin_banner_pattern":1,"minecraft:netherrack":11034,"minecraft:andesite_slab":5,"minecraft:oak_leaves":11,"minecraft:azure_bluet":30,"minecraft:splash_potion":9,"minecraft:ladder":283,"minecraft:packed_ice":52,"minecraft:brown_mushroom":36,"minecraft:pink_wool":5,"minecraft:stone_brick_wall":2,"minecraft:diorite_slab":12,"minecraft:chain":3,"minecraft:shield":24,"minecraft:brick":89,"minecraft:oak_trapdoor":180,"minecraft:moss_carpet":37,"minecraft:blackstone":852,"minecraft:end_stone":22,"minecraft:cherry_stairs":1,"minecraft:polished_blackstone_bricks":211,"minecraft:cookie":128,"minecraft:trident":4,"minecraft:nether_bricks":392,"minecraft:glistering_melon_slice":28,"minecraft:netherite_boots":11,"minecraft:basalt":143,"minecraft:golden_carrot":469,"minecraft:leather":66,"minecraft:ice":20,"minecraft:yellow_bed":55,"minecraft:cobbled_deepslate_stairs":2,"minecraft:gunpowder":191,"minecraft:cooked_mutton":79,"minecraft:coast_armor_trim_smithing_template":8,"minecraft:acacia_trapdoor":11,"minecraft:rabbit_hide":2,"minecraft:iron_ingot":842,"minecraft:sculk_catalyst":2,"minecraft:emerald_block":87,"minecraft:nether_quartz_ore":1,"minecraft:stone_brick_slab":57,"minecraft:quartz":1504,"minecraft:dandelion":202,"minecraft:lava_bucket":8,"minecraft:amethyst_shard":11,"minecraft:spruce_door":4,"minecraft:mangrove_leaves":9,"minecraft:sculk_sensor":17,"minecraft:cherry_sapling":2,"minecraft:terracotta":5,"minecraft:damaged_anvil":2,"minecraft:netherite_hoe":1,"minecraft:iron_chestplate":2,"minecraft:chainmail_boots":37,"minecraft:flower_pot":7,"minecraft:prismarine_shard":12,"minecraft:diamond_sword":18,"minecraft:oak_stairs":199,"minecraft:brewing_stand":4,"minecraft:golden_sword":3,"minecraft:polished_deepslate_wall":1,"minecraft:weathered_cut_copper_stairs":2,"minecraft:dark_oak_trapdoor":11,"minecraft:beetroot":4,"minecraft:gold_nugget":2894,"minecraft:cobbled_deepslate":3147,"minecraft:crimson_fence":41,"minecraft:spruce_planks":114,"minecraft:netherite_upgrade_smithing_template":1,"minecraft:enchanted_golden_apple":2,"minecraft:mangrove_log":220,"minecraft:composter":23,"minecraft:cherry_log":26,"minecraft:warped_planks":85,"minecraft:deepslate_tile_stairs":67,"minecraft:iron_block":565,"minecraft:netherite_chestplate":12,"minecraft:birch_log":10,"minecraft:mossy_cobblestone_slab":11,"minecraft:magma_block":48,"minecraft:polished_diorite_slab":321,"minecraft:jungle_log":79,"minecraft:cherry_leaves":11,"minecraft:acacia_leaves":41,"minecraft:smoker":11,"minecraft:netherite_leggings":11,"minecraft:map":22,"minecraft:disc_fragment_5":6,"minecraft:chipped_anvil":3,"minecraft:glowstone_dust":144,"minecraft:moss_block":17,"minecraft:ink_sac":52,"minecraft:dark_oak_log":530,"minecraft:red_terracotta":14,"minecraft:barrel":29,"minecraft:white_candle":77,"minecraft:dispenser":2,"minecraft:deepslate_gold_ore":3,"minecraft:bread":1192,"minecraft:dark_oak_fence":3,"minecraft:spruce_leaves":13,"minecraft:coarse_dirt":19,"minecraft:crafting_table":68,"minecraft:sandstone_slab":10,"minecraft:nether_wart":239,"minecraft:crimson_trapdoor":10,"minecraft:stripped_mangrove_log":14,"minecraft:compass":4,"minecraft:cracked_stone_bricks":2,"minecraft:cartography_table":4,"minecraft:deepslate_diamond_ore":4,"minecraft:beef":49,"minecraft:iron_nugget":147,"minecraft:chest":224,"minecraft:egg":16,"minecraft:sandstone":310,"minecraft:polished_deepslate_slab":103,"minecraft:oak_door":34,"minecraft:spruce_fence":25,"minecraft:carrot":1796,"minecraft:redstone":739,"minecraft:mushroom_stem":15,"minecraft:prismarine_crystals":13,"minecraft:tnt":11,"minecraft:beetroot_seeds":20,"minecraft:shears":6,"minecraft:deepslate_bricks":15,"minecraft:diamond_boots":5,"minecraft:sandstone_stairs":11,"minecraft:gold_ingot":46,"minecraft:glow_berries":14,"minecraft:crimson_slab":693,"minecraft:white_wool":49,"minecraft:stripped_oak_log":102,"minecraft:chiseled_bookshelf":2,"minecraft:red_mushroom":4,"minecraft:filled_map":13,"minecraft:oak_log":916,"minecraft:ancient_debris":37,"minecraft:golden_boots":2,"minecraft:white_banner":26,"minecraft:stone_bricks":249,"minecraft:kelp":25,"minecraft:glass_bottle":15,"minecraft:mangrove_planks":115,"minecraft:iron_sword":3,"minecraft:flowering_azalea":7,"minecraft:dark_oak_slab":382,"minecraft:sculk":15,"minecraft:gravel":410,"minecraft:spruce_sapling":106,"minecraft:spruce_log":541,"minecraft:purple_bed":5,"minecraft:stone_axe":2,"minecraft:diamond_axe":13,"minecraft:gray_wool":1,"minecraft:warped_roots":5,"minecraft:oak_button":3,"minecraft:stripped_dark_oak_log":51,"minecraft:warped_nylium":2,"minecraft:mangrove_propagule":14,"minecraft:ender_pearl":32,"minecraft:chiseled_deepslate":11,"minecraft:wheat":101,"minecraft:redstone_block":4,"minecraft:potion":10,"minecraft:brain_coral_block":2,"minecraft:crimson_planks":187,"minecraft:raw_copper":823,"minecraft:iron_leggings":18,"minecraft:smooth_stone_slab":424,"minecraft:armor_stand":1,"minecraft:oak_sign":16,"minecraft:sea_pickle":31,"minecraft:deepslate_tiles":16,"minecraft:redstone_torch":43,"minecraft:deepslate_tile_wall":1,"minecraft:furnace":30,"minecraft:iron_boots":41,"minecraft:stick":673,"minecraft:deepslate_brick_wall":7,"minecraft:oak_fence":237,"minecraft:torch":198,"minecraft:snow_block":36,"minecraft:porkchop":43,"minecraft:music_disc_pigstep":7,"minecraft:nether_gold_ore":1,"minecraft:mangrove_stairs":3,"minecraft:cod":4,"minecraft:magma_cream":44,"minecraft:tuff":197,"minecraft:warped_trapdoor":4,"minecraft:wither_skeleton_skull":6,"minecraft:lapis_lazuli":453,"minecraft:weathered_cut_copper":25,"minecraft:leather_boots":2,"minecraft:bell":15,"minecraft:raw_gold":192,"minecraft:deepslate_brick_slab":678,"minecraft:cobbled_deepslate_slab":1,"minecraft:powered_rail":54,"minecraft:oak_planks":1012,"minecraft:ghast_tear":10,"minecraft:cooked_porkchop":12,"minecraft:sand":2519,"minecraft:axolotl_bucket":1,"minecraft:oak_pressure_plate":5,"minecraft:jungle_planks":62,"minecraft:oxidized_cut_copper_slab":1,"minecraft:spruce_fence_gate":3,"minecraft:diamond":451,"minecraft:oak_sapling":52,"minecraft:nether_star":1,"minecraft:fishing_rod":4,"minecraft:chicken":44,"minecraft:wooden_pickaxe":2,"minecraft:gold_block":51,"minecraft:stone_stairs":23,"minecraft:iron_axe":34,"minecraft:candle":12,"minecraft:detector_rail":18,"minecraft:oak_boat":99,"minecraft:observer":54,"minecraft:light_gray_wool":9,"minecraft:lectern":655,"minecraft:sugar_cane":487,"minecraft:spruce_trapdoor":51,"minecraft:dark_oak_sapling":75,"minecraft:raw_iron":144,"minecraft:copper_ingot":58,"minecraft:stone_button":14,"minecraft:dark_oak_planks":216,"minecraft:arrow":266,"minecraft:golden_hoe":2,"minecraft:saddle":19,"minecraft:wet_sponge":1,"minecraft:cracked_deepslate_tiles":1,"minecraft:glow_ink_sac":33,"minecraft:crimson_stem":290,"minecraft:salmon":13,"minecraft:birch_planks":10,"minecraft:nether_wart_block":9,"minecraft:cobblestone_stairs":13,"minecraft:wooden_hoe":4,"minecraft:deepslate_tile_slab":17,"minecraft:cut_copper_slab":11,"minecraft:podzol":17,"minecraft:fire_coral_block":2,"minecraft:heart_of_the_sea":4,"minecraft:stripped_oak_wood":1,"minecraft:acacia_sapling":1,"minecraft:soul_sand":134,"minecraft:book":965,"minecraft:scaffolding":49,"minecraft:oak_slab":102,"minecraft:pumpkin":76,"minecraft:bamboo_planks":4,"minecraft:birch_boat":7,"minecraft:chiseled_stone_bricks":7,"minecraft:blast_furnace":54,"minecraft:white_bed":37,"minecraft:spider_eye":90,"minecraft:iron_helmet":14,"minecraft:black_wool":3,"minecraft:coal":1507},"minecraft:used":{"minecraft:dispenser":3,"minecraft:poppy":5,"minecraft:stone":678,"minecraft:rotten_flesh":5,"minecraft:soul_sand":6,"minecraft:deepslate_brick_slab":530,"minecraft:azure_bluet":3,"minecraft:spruce_boat":5,"minecraft:jungle_sapling":2,"minecraft:lava_bucket":10,"minecraft:villager_spawn_egg":4,"minecraft:music_disc_pigstep":4,"minecraft:mangrove_stairs":23,"minecraft:dark_oak_slab":248,"minecraft:cherry_leaves":5,"minecraft:netherite_boots":5,"minecraft:bow":73,"minecraft:oak_sapling":33,"minecraft:acacia_fence":17,"minecraft:deepslate_brick_wall":14,"minecraft:damaged_anvil":2,"minecraft:blackstone":75,"minecraft:wooden_pickaxe":26,"minecraft:composter":10,"minecraft:golden_apple":19,"minecraft:blast_furnace":58,"minecraft:weathered_cut_copper_slab":3,"minecraft:acacia_leaves":24,"minecraft:deepslate_brick_stairs":58,"minecraft:oak_pressure_plate":3,"minecraft:diamond_sword":1678,"minecraft:smithing_table":2,"minecraft:oak_boat":59,"minecraft:diorite_slab":2,"minecraft:oak_trapdoor":110,"minecraft:polished_blackstone_brick_slab":6,"minecraft:enchanting_table":1,"minecraft:armor_stand":3,"minecraft:mangrove_fence":65,"minecraft:torch":218,"minecraft:brewing_stand":4,"minecraft:oak_fence_gate":2,"minecraft:fern":2,"minecraft:chipped_anvil":3,"minecraft:iron_block":432,"minecraft:polished_deepslate_wall":2,"minecraft:barrel":37,"minecraft:bamboo":236,"minecraft:diamond_chestplate":4,"minecraft:basalt":10,"minecraft:warped_stairs":80,"minecraft:podzol":17,"minecraft:acacia_planks":1,"minecraft:wheat_seeds":93,"minecraft:chiseled_bookshelf":6,"minecraft:birch_planks":22,"minecraft:cauldron":7,"minecraft:spruce_fence_gate":3,"minecraft:deepslate_bricks":92,"minecraft:polished_deepslate_slab":25,"minecraft:rail":1507,"minecraft:crimson_trapdoor":62,"minecraft:sculk_shrieker":6,"minecraft:white_bed":37,"minecraft:spruce_log":136,"minecraft:mushroom_stem":3,"minecraft:diamond_pickaxe":43666,"minecraft:warped_trapdoor":6,"minecraft:diamond_shovel":5434,"minecraft:oak_button":4,"minecraft:suspicious_stew":1,"minecraft:spruce_trapdoor":134,"minecraft:spruce_sapling":28,"minecraft:enchanted_book":13,"minecraft:potion":18,"minecraft:purple_bed":5,"minecraft:crimson_stairs":53,"minecraft:cooked_porkchop":8,"minecraft:andesite_stairs":4,"minecraft:stripped_oak_log":78,"minecraft:dandelion":9,"minecraft:diamond_leggings":3,"minecraft:cherry_sapling":1,"minecraft:moss_carpet":18,"minecraft:polished_deepslate":16,"minecraft:bone_block":5,"minecraft:polished_basalt":133,"minecraft:decorated_pot":1,"minecraft:spruce_leaves":13,"minecraft:jungle_planks":182,"minecraft:furnace_minecart":9,"minecraft:obsidian":16,"minecraft:mangrove_log":25,"minecraft:lantern":148,"minecraft:mossy_cobblestone_slab":26,"minecraft:mangrove_roots":12,"minecraft:gold_block":1,"minecraft:dark_oak_sapling":45,"minecraft:mangrove_leaves":7,"minecraft:diamond_boots":2,"minecraft:wither_skeleton_skull":6,"minecraft:stone_pickaxe":93,"minecraft:mangrove_planks":17,"minecraft:oak_planks":327,"minecraft:polished_diorite_slab":39,"minecraft:sandstone":7,"minecraft:sugar_cane":63,"minecraft:diamond_axe":4499,"minecraft:white_wool":3,"minecraft:netherite_leggings":8,"minecraft:crossbow":7,"minecraft:end_stone":22,"minecraft:lever":51,"minecraft:dark_oak_log":142,"minecraft:bread":400,"minecraft:warped_slab":82,"minecraft:deepslate":49,"minecraft:chain":6,"minecraft:smooth_stone_slab":569,"minecraft:coarse_dirt":17,"minecraft:bone_meal":425,"minecraft:netherite_sword":1101,"minecraft:crimson_fence":51,"minecraft:flint_and_steel":66,"minecraft:redstone":243,"minecraft:ender_chest":75,"minecraft:cooked_chicken":1,"minecraft:dirt":14531,"minecraft:spruce_fence":52,"minecraft:iron_hoe":505,"minecraft:oak_stairs":5,"minecraft:crimson_slab":119,"minecraft:iron_boots":2,"minecraft:weathered_cut_copper":7,"minecraft:black_stained_glass":2,"minecraft:deepslate_tile_stairs":1,"minecraft:netherite_pickaxe":8376,"minecraft:minecart":82,"minecraft:cooked_beef":47,"minecraft:iron_leggings":4,"minecraft:cobblestone_stairs":5,"minecraft:baked_potato":12,"minecraft:birch_boat":7,"minecraft:music_disc_cat":1,"minecraft:warped_planks":1,"minecraft:piston":53,"minecraft:wooden_hoe":109,"minecraft:flower_pot":19,"minecraft:chicken":1,"minecraft:detector_rail":3,"minecraft:stone_slab":183,"minecraft:pink_petals":143,"minecraft:cobbled_deepslate_slab":1,"minecraft:sea_pickle":29,"minecraft:sculk_catalyst":1,"minecraft:beetroot":3,"minecraft:spruce_slab":147,"minecraft:ladder":38,"minecraft:mangrove_fence_gate":7,"minecraft:chest":239,"minecraft:weathered_cut_copper_stairs":2,"minecraft:acacia_sapling":1,"minecraft:stripped_spruce_log":66,"minecraft:netherite_shovel":8035,"minecraft:black_stained_glass_pane":1,"minecraft:grass_block":9,"minecraft:stripped_mangrove_log":14,"minecraft:dark_oak_boat":8,"minecraft:sweet_berries":38,"minecraft:furnace":29,"minecraft:egg":7,"minecraft:potato":14,"minecraft:short_grass":6,"minecraft:diorite":10,"minecraft:spruce_door":1,"minecraft:cut_copper_slab":11,"minecraft:acacia_trapdoor":33,"minecraft:powered_rail":71,"minecraft:oak_leaves":5,"minecraft:dark_oak_trapdoor":13,"minecraft:sand":249,"minecraft:netherite_helmet":4,"minecraft:oxidized_cut_copper_slab":1,"minecraft:deepslate_tiles":12,"minecraft:stone_button":13,"minecraft:lectern":659,"minecraft:red_terracotta":2,"minecraft:soul_lantern":1,"minecraft:dark_oak_fence":25,"minecraft:iron_bars":1,"minecraft:netherrack":1103,"minecraft:anvil":6,"minecraft:wheat":9,"minecraft:stone_stairs":80,"minecraft:shroomlight":10,"minecraft:flowering_azalea":7,"minecraft:iron_axe":1746,"minecraft:spruce_button":8,"minecraft:glowstone":1,"minecraft:goat_horn":11,"minecraft:cobbled_deepslate":921,"minecraft:cherry_fence":23,"minecraft:observer":60,"minecraft:golden_axe":37,"minecraft:crimson_stem":65,"minecraft:water_bucket":376,"minecraft:sandstone_stairs":1,"minecraft:cartography_table":1,"minecraft:fletching_table":29,"minecraft:polished_blackstone_bricks":9,"minecraft:cracked_stone_bricks":3,"minecraft:mossy_cobblestone":69,"minecraft:comparator":8,"minecraft:oak_slab":121,"minecraft:tnt":140,"minecraft:crafting_table":51,"minecraft:dark_oak_fence_gate":3,"minecraft:deepslate_tile_wall":102,"minecraft:oak_log":127,"minecraft:mud":3,"minecraft:cornflower":3,"minecraft:oxeye_daisy":1,"minecraft:mangrove_propagule":1,"minecraft:iron_pickaxe":1002,"minecraft:chiseled_stone_bricks":19,"minecraft:cobblestone":485,"minecraft:sandstone_slab":8,"minecraft:glass_pane":172,"minecraft:jukebox":2,"minecraft:brown_mushroom_block":5,"minecraft:candle":26,"minecraft:iron_shovel":4329,"minecraft:oak_sign":10,"minecraft:diamond_hoe":645,"minecraft:shield":243,"minecraft:iron_sword":437,"minecraft:bell":14,"minecraft:sculk_sensor":6,"minecraft:iron_chestplate":2,"minecraft:white_candle":9,"minecraft:nether_bricks":62,"minecraft:carrot":679,"minecraft:deepslate_tile_slab":65,"minecraft:tuff":24,"minecraft:axolotl_bucket":5,"minecraft:milk_bucket":3,"minecraft:polished_deepslate_stairs":20,"minecraft:glass":856,"minecraft:iron_helmet":2,"minecraft:crimson_roots":2,"minecraft:hopper_minecart":6,"minecraft:stone_bricks":594,"minecraft:repeater":38,"minecraft:redstone_lamp":4,"minecraft:scaffolding":18,"minecraft:beetroot_seeds":8,"minecraft:chiseled_polished_blackstone":1,"minecraft:dark_oak_stairs":114,"minecraft:ender_pearl":6,"minecraft:redstone_block":4,"minecraft:stone_brick_wall":9,"minecraft:shears":320,"minecraft:cobbled_deepslate_stairs":1,"minecraft:redstone_torch":42,"minecraft:string":6,"minecraft:gravel":124,"minecraft:chainmail_boots":1,"minecraft:grindstone":50,"minecraft:andesite":90,"minecraft:air":16,"minecraft:golden_pickaxe":22,"minecraft:experience_bottle":3,"minecraft:azalea":2,"minecraft:oak_fence":16,"minecraft:trident":664,"minecraft:jungle_leaves":50,"minecraft:cracked_deepslate_bricks":1,"minecraft:spruce_planks":104,"minecraft:cut_copper_stairs":6,"minecraft:oak_door":2,"minecraft:white_carpet":8,"minecraft:hopper":37,"minecraft:spruce_stairs":99,"minecraft:diamond_helmet":2,"minecraft:salmon_bucket":6,"minecraft:granite":42,"minecraft:andesite_wall":1,"minecraft:dark_oak_planks":28,"minecraft:stone_brick_slab":35,"minecraft:bookshelf":349,"minecraft:crimson_planks":466,"minecraft:golden_carrot":435,"minecraft:horn_coral_block":3,"minecraft:cooked_mutton":54,"minecraft:glass_bottle":48,"minecraft:netherite_chestplate":5,"minecraft:andesite_slab":18,"minecraft:copper_block":36,"minecraft:beacon":3,"minecraft:stonecutter":10,"minecraft:cobblestone_slab":38,"minecraft:stripped_dark_oak_log":1,"minecraft:smoker":7,"minecraft:book":1,"minecraft:apple":2,"minecraft:cracked_polished_blackstone_bricks":3,"minecraft:netherite_axe":30,"minecraft:fishing_rod":5,"minecraft:cherry_stairs":1,"minecraft:white_banner":10,"minecraft:bucket":402,"minecraft:yellow_bed":45,"minecraft:smooth_stone":7,"minecraft:splash_potion":15},"minecraft:crafted":{"minecraft:black_dye":1,"minecraft:oak_sign":9,"minecraft:polished_deepslate_wall":3,"minecraft:blaze_powder":10,"minecraft:birch_boat":2,"minecraft:chain":6,"minecraft:diamond_shovel":2,"minecraft:cracked_stone_bricks":1,"minecraft:diamond_helmet":1,"minecraft:beacon":1,"minecraft:stone_pressure_plate":1,"minecraft:name_tag":5,"minecraft:warped_stairs":80,"minecraft:redstone_lamp":4,"minecraft:smithing_table":1,"minecraft:mossy_cobblestone":103,"minecraft:fletching_table":9,"minecraft:lectern":9,"minecraft:wooden_hoe":2,"minecraft:golden_leggings":1,"minecraft:stone_slab":54,"minecraft:iron_pickaxe":4,"minecraft:netherite_ingot":9,"minecraft:golden_carrot":471,"minecraft:jukebox":1,"minecraft:iron_nugget":176,"minecraft:crimson_trapdoor":52,"minecraft:diamond_hoe":1,"minecraft:spruce_fence":57,"minecraft:vine":12,"minecraft:rib_armor_trim_smithing_template":8,"minecraft:stone_stairs":67,"minecraft:terracotta":21,"minecraft:lantern":134,"minecraft:spruce_stairs":100,"minecraft:cherry_stairs":16,"minecraft:stone_pickaxe":1,"minecraft:spruce_boat":5,"minecraft:cut_copper_slab":8,"minecraft:enchanting_table":1,"minecraft:crimson_slab":384,"minecraft:acacia_trapdoor":16,"minecraft:deepslate_tiles":14,"minecraft:enchanted_book":49,"minecraft:oak_fence_gate":2,"minecraft:crimson_stairs":52,"minecraft:chainmail_boots":50,"minecraft:gunpowder":8,"minecraft:fermented_spider_eye":6,"minecraft:black_stained_glass_pane":16,"minecraft:iron_shovel":17,"minecraft:armor_stand":2,"minecraft:grindstone":2,"minecraft:barrel":38,"minecraft:cooked_chicken":2,"minecraft:stone":324,"minecraft:warped_planks":624,"minecraft:stone_brick_slab":10,"minecraft:mangrove_fence":45,"minecraft:bow":8,"minecraft:comparator":2,"minecraft:chest":145,"minecraft:polished_basalt":112,"minecraft:netherite_helmet":1,"minecraft:oak_button":2,"minecraft:copper_block":24,"minecraft:rail":352,"minecraft:oak_fence":12,"minecraft:ender_eye":4,"minecraft:stone_bricks":19,"minecraft:cherry_fence":24,"minecraft:golden_boots":1,"minecraft:cauldron":1,"minecraft:iron_helmet":5,"minecraft:dispenser":1,"minecraft:apple":100,"minecraft:tnt":132,"minecraft:spruce_trapdoor":124,"minecraft:stick":6375,"minecraft:iron_ingot":17432,"minecraft:andesite_stairs":4,"minecraft:dark_oak_fence_gate":3,"minecraft:deepslate_bricks":17,"minecraft:deepslate_tile_slab":48,"minecraft:oak_door":6,"minecraft:stone_brick_wall":8,"minecraft:golden_chestplate":1,"minecraft:spruce_button":8,"minecraft:furnace":20,"minecraft:blast_furnace":5,"minecraft:piston":33,"minecraft:raw_copper_block":22,"minecraft:oak_trapdoor":50,"minecraft:flint_and_steel":2,"minecraft:netherite_chestplate":1,"minecraft:chiseled_bookshelf":4,"minecraft:iron_sword":45,"minecraft:mangrove_planks":276,"minecraft:jungle_planks":256,"minecraft:stonecutter":1,"minecraft:anvil":6,"minecraft:torch":116,"minecraft:diamond_chestplate":2,"minecraft:ender_chest":4,"minecraft:smooth_stone":261,"minecraft:dark_oak_wood":36,"minecraft:mangrove_fence_gate":4,"minecraft:lever":29,"minecraft:bookshelf":344,"minecraft:cooked_mutton":53,"minecraft:iron_bars":16,"minecraft:deepslate_brick_stairs":36,"minecraft:glass":1264,"minecraft:repeater":14,"minecraft:diamond_leggings":1,"minecraft:mangrove_stairs":20,"minecraft:acacia_fence":15,"minecraft:flower_pot":12,"minecraft:glass_bottle":18,"minecraft:furnace_minecart":1,"minecraft:deepslate":24,"minecraft:emerald":9225,"minecraft:cooked_porkchop":14,"minecraft:diamond_axe":2,"minecraft:spruce_door":3,"minecraft:clock":10,"minecraft:copper_ingot":237,"minecraft:bamboo_planks":18,"minecraft:iron_block":3908,"minecraft:gold_ingot":1487,"minecraft:spruce_fence_gate":4,"minecraft:smooth_stone_slab":292,"minecraft:polished_deepslate_stairs":11,"minecraft:cut_copper_stairs":4,"minecraft:red_terracotta":16,"minecraft:bone_meal":456,"minecraft:white_carpet":9,"minecraft:warped_trapdoor":2,"minecraft:netherite_axe":1,"minecraft:dark_oak_fence":30,"minecraft:detector_rail":6,"minecraft:deepslate_brick_wall":9,"minecraft:ladder":72,"minecraft:spruce_slab":198,"minecraft:diamond_boots":1,"minecraft:cobbled_deepslate_stairs":1,"minecraft:deepslate_tile_wall":1,"minecraft:redstone_block":1,"minecraft:dark_oak_planks":1524,"minecraft:golden_helmet":1,"minecraft:wheat":1864,"minecraft:coal_block":37,"minecraft:polished_blackstone_brick_slab":6,"minecraft:deepslate_brick_slab":84,"minecraft:sandstone_slab":18,"minecraft:glowstone":3,"minecraft:golden_apple":85,"minecraft:andesite_slab":14,"minecraft:crimson_fence":27,"minecraft:deepslate_tile_stairs":21,"minecraft:iron_leggings":6,"minecraft:white_bed":7,"minecraft:brick":80,"minecraft:oak_planks":2560,"minecraft:dark_oak_boat":3,"minecraft:cobblestone_stairs":6,"minecraft:suspicious_stew":15,"minecraft:bamboo_block":9,"minecraft:hopper":17,"minecraft:iron_boots":52,"minecraft:mossy_cobblestone_slab":18,"minecraft:weathered_cut_copper":32,"minecraft:netherite_upgrade_smithing_template":18,"minecraft:chiseled_stone_bricks":12,"minecraft:oak_slab":138,"minecraft:crafting_table":39,"minecraft:spruce_planks":1244,"minecraft:wooden_pickaxe":2,"minecraft:baked_potato":16,"minecraft:gold_block":180,"minecraft:hopper_minecart":1,"minecraft:birch_planks":40,"minecraft:brewing_stand":1,"minecraft:sea_pickle":4,"minecraft:diamond_pickaxe":4,"minecraft:dark_oak_slab":498,"minecraft:book":33,"minecraft:iron_chestplate":2,"minecraft:paper":246,"minecraft:charcoal":49,"minecraft:emerald_block":530,"minecraft:shield":40,"minecraft:warped_slab":84,"minecraft:snow_block":12,"minecraft:redstone_torch":56,"minecraft:shears":6,"minecraft:sandstone_stairs":12,"minecraft:crimson_hyphae":3,"minecraft:cherry_planks":104,"minecraft:coarse_dirt":24,"minecraft:cookie":216,"minecraft:redstone":9,"minecraft:stone_button":13,"minecraft:dark_oak_trapdoor":22,"minecraft:dark_oak_sign":57,"minecraft:glass_pane":160,"minecraft:polished_deepslate":8,"minecraft:iron_axe":84,"minecraft:iron_hoe":3,"minecraft:netherite_scrap":36,"minecraft:minecart":6,"minecraft:observer":16,"minecraft:cooked_beef":47,"minecraft:sugar":6,"minecraft:red_dye":49,"minecraft:crimson_planks":892,"minecraft:diamond_sword":3,"minecraft:dark_oak_stairs":136,"minecraft:powered_rail":30,"minecraft:bucket":13,"minecraft:air":0,"minecraft:bread":882,"minecraft:black_stained_glass":8,"minecraft:oak_boat":16,"minecraft:coast_armor_trim_smithing_template":12,"minecraft:acacia_planks":56,"minecraft:clay":21,"minecraft:lapis_block":4},"minecraft:killed":{"minecraft:cod":1,"minecraft:guardian":4,"minecraft:tropical_fish":2,"minecraft:elder_guardian":1,"minecraft:salmon":4,"minecraft:iron_golem":14,"minecraft:pillager":48,"minecraft:donkey":1,"minecraft:zombie":120,"minecraft:vindicator":6,"minecraft:warden":1,"minecraft:rabbit":1,"minecraft:ravager":2,"minecraft:polar_bear":3,"minecraft:zombified_piglin":6,"minecraft:witch":5,"minecraft:spider":64,"minecraft:wither":1,"minecraft:bee":4,"minecraft:piglin_brute":5,"minecraft:piglin":12,"minecraft:zombie_villager":3,"minecraft:sheep":32,"minecraft:trader_llama":4,"minecraft:ghast":2,"minecraft:drowned":40,"minecraft:hoglin":4,"minecraft:squid":2,"minecraft:wither_skeleton":87,"minecraft:player":4,"minecraft:villager":19,"minecraft:cave_spider":4,"minecraft:skeleton":119,"minecraft:chicken":12,"minecraft:magma_cube":72,"minecraft:cow":28,"minecraft:horse":12,"minecraft:wandering_trader":2,"minecraft:enderman":12,"minecraft:pig":15,"minecraft:creeper":52,"minecraft:blaze":57,"minecraft:bat":4},"minecraft:broken":{"minecraft:diamond_pickaxe":1,"minecraft:iron_hoe":2,"minecraft:shield":1,"minecraft:iron_pickaxe":4,"minecraft:iron_shovel":14,"minecraft:iron_boots":1,"minecraft:iron_sword":1,"minecraft:iron_axe":6,"minecraft:iron_helmet":2,"minecraft:golden_axe":1}},"DataVersion":3700}