{"stats":{"minecraft:killed":{"minecraft:player":1},"minecraft:killed_by":{"minecraft:skeleton":1},"minecraft:custom":{"minecraft:jump":106,"minecraft:time_since_rest":1796,"minecraft:deaths":1,"minecraft:damage_dealt":240,"minecraft:damage_taken":269,"minecraft:leave_game":1,"minecraft:crouch_one_cm":12,"minecraft:play_time":8101,"minecraft:sprint_one_cm":2633,"minecraft:time_since_death":1774,"minecraft:walk_on_water_one_cm":394,"minecraft:walk_one_cm":3331,"minecraft:sneak_time":121,"minecraft:total_world_time":8101,"minecraft:walk_under_water_one_cm":77,"minecraft:swim_one_cm":369,"minecraft:fall_one_cm":2628,"minecraft:fly_one_cm":32950,"minecraft:player_kills":1}},"DataVersion":3700}