{"stats":{"minecraft:custom":{"minecraft:interact_with_furnace":51,"minecraft:mob_kills":100,"minecraft:interact_with_crafting_table":25,"minecraft:time_since_death":53015,"minecraft:sleep_in_bed":4,"minecraft:time_since_rest":9427,"minecraft:sprint_one_cm":169981,"minecraft:damage_taken":1837,"minecraft:walk_one_cm":71839,"minecraft:damage_blocked_by_shield":255,"minecraft:drop":19,"minecraft:damage_dealt":9799,"minecraft:talked_to_villager":1,"minecraft:swim_one_cm":42517,"minecraft:fly_one_cm":398015,"minecraft:open_chest":24,"minecraft:crouch_one_cm":15309,"minecraft:play_time":59868,"minecraft:deaths":3,"minecraft:sneak_time":7357,"minecraft:walk_under_water_one_cm":5802,"minecraft:jump":2010,"minecraft:walk_on_water_one_cm":10902,"minecraft:total_world_time":59868,"minecraft:fall_one_cm":65663},"minecraft:killed":{"minecraft:pig":18,"minecraft:salmon":4,"minecraft:iron_golem":1,"minecraft:sheep":38,"minecraft:horse":6,"minecraft:pillager":1,"minecraft:chicken":15,"minecraft:cow":17},"minecraft:mined":{"minecraft:white_bed":6,"minecraft:dark_oak_log":2,"minecraft:crafting_table":5,"minecraft:short_grass":19,"minecraft:grass_block":10,"minecraft:tall_grass":1,"minecraft:cobblestone":4,"minecraft:wall_torch":2,"minecraft:hay_block":40,"minecraft:tall_seagrass":1,"minecraft:furnace":8,"minecraft:iron_ore":4,"minecraft:andesite":1,"minecraft:oak_log":21,"minecraft:coal_ore":27,"minecraft:dirt":14,"minecraft:stone":144,"minecraft:oak_leaves":3},"minecraft:used":{"minecraft:cooked_mutton":4,"minecraft:stone_pickaxe":185,"minecraft:shield":1,"minecraft:chest":2,"minecraft:wooden_pickaxe":8,"minecraft:iron_sword":6,"minecraft:cooked_chicken":2,"minecraft:torch":1,"minecraft:dirt":15,"minecraft:crafting_table":5,"minecraft:allium":2,"minecraft:white_bed":6,"minecraft:golden_shovel":11,"minecraft:bread":1,"minecraft:stone_axe":172,"minecraft:cobblestone":31,"minecraft:goat_horn":4,"minecraft:furnace":8,"minecraft:cooked_porkchop":2,"minecraft:cooked_beef":1,"minecraft:experience_bottle":1},"minecraft:picked_up":{"minecraft:crafting_table":5,"minecraft:allium":2,"minecraft:feather":17,"minecraft:chicken":14,"minecraft:salmon":4,"minecraft:andesite":2,"minecraft:leather":26,"minecraft:oak_log":20,"minecraft:dirt":47,"minecraft:wheat_seeds":1,"minecraft:iron_ingot":3,"minecraft:beef":25,"minecraft:furnace":8,"minecraft:stick":3,"minecraft:raw_iron":4,"minecraft:torch":2,"minecraft:fire_charge":1,"minecraft:porkchop":32,"minecraft:white_bed":6,"minecraft:dark_oak_log":2,"minecraft:hay_block":40,"minecraft:gray_wool":1,"minecraft:mutton":56,"minecraft:coal":58,"minecraft:white_wool":35,"minecraft:cobblestone":154},"minecraft:crafted":{"minecraft:cooked_beef":25,"minecraft:oak_planks":80,"minecraft:cooked_porkchop":31,"minecraft:leather_boots":1,"minecraft:crafting_table":1,"minecraft:wooden_pickaxe":1,"minecraft:cooked_chicken":14,"minecraft:iron_sword":1,"minecraft:furnace":5,"minecraft:cooked_salmon":4,"minecraft:stone_axe":3,"minecraft:cooked_mutton":36,"minecraft:bread":36,"minecraft:air":0,"minecraft:shield":1,"minecraft:stick":16,"minecraft:iron_ingot":4,"minecraft:leather_chestplate":1,"minecraft:iron_pickaxe":1,"minecraft:stone_pickaxe":2,"minecraft:chest":2,"minecraft:gold_ingot":1,"minecraft:white_bed":1,"minecraft:dark_oak_planks":28,"minecraft:wheat":99},"minecraft:broken":{"minecraft:stone_pickaxe":1,"minecraft:stone_axe":2},"minecraft:dropped":{"minecraft:iron_nugget":1,"minecraft:feather":4,"minecraft:cobblestone":2,"minecraft:stick":3,"minecraft:dirt":18,"minecraft:andesite":2,"minecraft:fire_charge":2,"minecraft:wooden_pickaxe":1}},"DataVersion":3955}