{"stats":{"minecraft:dropped":{"minecraft:iron_ingot":2,"minecraft:dripstone_block":1,"minecraft:feather":4,"minecraft:cobblestone":2,"minecraft:stick":3,"minecraft:dirt":18,"minecraft:mutton":1,"minecraft:snowball":6,"minecraft:fire_charge":2,"minecraft:iron_axe":1,"minecraft:bone":1,"minecraft:spruce_sapling":1,"minecraft:furnace":1,"minecraft:stone_axe":1,"minecraft:iron_nugget":1,"minecraft:raw_iron":2,"minecraft:oak_planks":27,"minecraft:blast_furnace":1,"minecraft:rabbit_hide":1,"minecraft:andesite":2,"minecraft:stone_pickaxe":1,"minecraft:wooden_pickaxe":1},"minecraft:crafted":{"minecraft:oak_planks":80,"minecraft:raw_iron":9,"minecraft:leather_boots":1,"minecraft:cooked_chicken":17,"minecraft:furnace":7,"minecraft:cooked_mutton":57,"minecraft:diamond_leggings":1,"minecraft:iron_axe":1,"minecraft:stone_pickaxe":3,"minecraft:chest":7,"minecraft:dark_oak_planks":28,"minecraft:wheat":360,"minecraft:cooked_beef":32,"minecraft:diamond_sword":1,"minecraft:cooked_porkchop":37,"minecraft:crafting_table":2,"minecraft:enchanting_table":1,"minecraft:wooden_pickaxe":1,"minecraft:iron_sword":1,"minecraft:cooked_salmon":6,"minecraft:stone_axe":3,"minecraft:bread":123,"minecraft:air":0,"minecraft:book":1,"minecraft:iron_chestplate":1,"minecraft:paper":3,"minecraft:golden_apple":3,"minecraft:shield":1,"minecraft:stick":24,"minecraft:leather_chestplate":1,"minecraft:iron_ingot":34,"minecraft:iron_pickaxe":2,"minecraft:snow_block":38,"minecraft:iron_shovel":1,"minecraft:gold_ingot":16,"minecraft:iron_leggings":1,"minecraft:white_bed":1,"minecraft:diamond_chestplate":1},"minecraft:broken":{"minecraft:golden_shovel":1,"minecraft:stone_pickaxe":2,"minecraft:stone_axe":2,"minecraft:iron_pickaxe":1},"minecraft:custom":{"minecraft:mob_kills":150,"minecraft:interact_with_crafting_table":46,"minecraft:leave_game":3,"minecraft:time_since_death":57342,"minecraft:sprint_one_cm":452056,"minecraft:walk_one_cm":244909,"minecraft:damage_blocked_by_shield":1320,"minecraft:drop":40,"minecraft:talked_to_villager":2,"minecraft:play_time":163957,"minecraft:deaths":4,"minecraft:sneak_time":20241,"minecraft:walk_under_water_one_cm":24995,"minecraft:jump":5156,"minecraft:walk_on_water_one_cm":25137,"minecraft:total_world_time":163957,"minecraft:interact_with_furnace":150,"minecraft:sleep_in_bed":9,"minecraft:time_since_rest":13960,"minecraft:damage_taken":4038,"minecraft:damage_dealt":18680,"minecraft:swim_one_cm":100303,"minecraft:fly_one_cm":1131544,"minecraft:open_chest":293,"minecraft:crouch_one_cm":44531,"minecraft:interact_with_smoker":5,"minecraft:fall_one_cm":170715},"minecraft:mined":{"minecraft:tuff":8,"minecraft:white_bed":12,"minecraft:deepslate_diamond_ore":17,"minecraft:dark_oak_log":2,"minecraft:granite":16,"minecraft:grass_block":21,"minecraft:spruce_leaves":7,"minecraft:spawner":1,"minecraft:large_fern":2,"minecraft:hay_block":40,"minecraft:tall_seagrass":1,"minecraft:raw_iron_block":1,"minecraft:furnace":26,"minecraft:iron_ore":15,"minecraft:snow":149,"minecraft:andesite":6,"minecraft:stripped_spruce_log":1,"minecraft:deepslate_lapis_ore":4,"minecraft:deepslate_iron_ore":35,"minecraft:lantern":1,"minecraft:stone":276,"minecraft:snow_block":1,"minecraft:smoker":3,"minecraft:crafting_table":8,"minecraft:short_grass":23,"minecraft:chest":4,"minecraft:tall_grass":1,"minecraft:copper_ore":2,"minecraft:cobblestone":13,"minecraft:deepslate_gold_ore":9,"minecraft:sugar_cane":1,"minecraft:diorite":6,"minecraft:wall_torch":6,"minecraft:spruce_stairs":1,"minecraft:spruce_log":36,"minecraft:birch_leaves":1,"minecraft:oak_log":21,"minecraft:coal_ore":61,"minecraft:dripstone_block":2,"minecraft:dirt":31,"minecraft:cobweb":3,"minecraft:gold_ore":4,"minecraft:oak_leaves":10,"minecraft:deepslate":18},"minecraft:used":{"minecraft:iron_shovel":145,"minecraft:flint_and_steel":1,"minecraft:chest":9,"minecraft:shield":27,"minecraft:iron_sword":184,"minecraft:cooked_salmon":2,"minecraft:cooked_chicken":2,"minecraft:torch":6,"minecraft:dirt":50,"minecraft:allium":2,"minecraft:golden_shovel":32,"minecraft:tuff":2,"minecraft:snowball":8,"minecraft:lantern":1,"minecraft:iron_axe":44,"minecraft:goat_horn":17,"minecraft:furnace":22,"minecraft:cooked_beef":9,"minecraft:golden_axe":2,"minecraft:golden_boots":1,"minecraft:cooked_mutton":10,"minecraft:diorite":1,"minecraft:snow_block":1,"minecraft:rabbit":1,"minecraft:stone_pickaxe":265,"minecraft:oak_planks":6,"minecraft:wooden_pickaxe":8,"minecraft:crafting_table":8,"minecraft:white_bed":12,"minecraft:spruce_log":1,"minecraft:smoker":2,"minecraft:bread":2,"minecraft:iron_pickaxe":264,"minecraft:golden_leggings":1,"minecraft:golden_helmet":1,"minecraft:stone_axe":182,"minecraft:cobblestone":160,"minecraft:cooked_porkchop":15,"minecraft:experience_bottle":1},"minecraft:killed":{"minecraft:cave_spider":1,"minecraft:spider":6,"minecraft:skeleton":4,"minecraft:horse":6,"minecraft:chicken":17,"minecraft:pig":18,"minecraft:salmon":4,"minecraft:iron_golem":1,"minecraft:sheep":41,"minecraft:pillager":1,"minecraft:zombie":33,"minecraft:cow":18},"minecraft:picked_up":{"minecraft:crafting_table":8,"minecraft:iron_chestplate":1,"minecraft:allium":2,"minecraft:chicken":14,"minecraft:golden_shovel":1,"minecraft:shield":1,"minecraft:iron_axe":1,"minecraft:string":13,"minecraft:raw_copper":14,"minecraft:cooked_salmon":9,"minecraft:flint_and_steel":1,"minecraft:iron_leggings":1,"minecraft:cobbled_deepslate":29,"minecraft:beef":27,"minecraft:iron_pickaxe":1,"minecraft:chest":2,"minecraft:sugar_cane":4,"minecraft:iron_boots":1,"minecraft:furnace":27,"minecraft:golden_helmet":1,"minecraft:stick":4,"minecraft:raw_iron":54,"minecraft:torch":19,"minecraft:spruce_stairs":1,"minecraft:fire_charge":1,"minecraft:porkchop":32,"minecraft:diorite":6,"minecraft:goat_horn":1,"minecraft:rotten_flesh":35,"minecraft:hay_block":40,"minecraft:gold_ingot":9,"minecraft:mutton":58,"minecraft:white_wool":38,"minecraft:snowball":166,"minecraft:rail":2,"minecraft:cobblestone":367,"minecraft:feather":17,"minecraft:cooked_beef":15,"minecraft:glow_ink_sac":2,"minecraft:andesite":7,"minecraft:salmon":4,"minecraft:leather":28,"minecraft:golden_leggings":1,"minecraft:smoker":3,"minecraft:tuff":2,"minecraft:oak_log":20,"minecraft:golden_boots":1,"minecraft:lapis_lazuli":42,"minecraft:blue_bed":3,"minecraft:dirt":91,"minecraft:lantern":1,"minecraft:cooked_mutton":36,"minecraft:bone":1,"minecraft:apple":7,"minecraft:wheat_seeds":1,"minecraft:raw_gold":13,"minecraft:rabbit_hide":1,"minecraft:iron_ingot":3,"minecraft:cooked_chicken":10,"minecraft:rabbit":1,"minecraft:iron_sword":2,"minecraft:oak_planks":51,"minecraft:cooked_porkchop":13,"minecraft:raw_iron_block":1,"minecraft:dripstone_block":2,"minecraft:blast_furnace":2,"minecraft:stripped_spruce_log":1,"minecraft:spruce_sapling":1,"minecraft:white_bed":11,"minecraft:spruce_log":33,"minecraft:dark_oak_log":2,"minecraft:diamond":30,"minecraft:stone_axe":1,"minecraft:granite":32,"minecraft:golden_apple":2,"minecraft:gray_wool":1,"minecraft:bread":103,"minecraft:netherrack":3,"minecraft:coal":193}},"DataVersion":3955}