{"stats":{"minecraft:custom":{"minecraft:interact_with_crafting_table":534,"minecraft:open_barrel":242,"minecraft:bell_ring":14,"minecraft:leave_game":94,"minecraft:time_since_death":839153,"minecraft:damage_blocked_by_shield":3684,"minecraft:play_time":3726873,"minecraft:deaths":18,"minecraft:jump":47213,"minecraft:enchant_item":12,"minecraft:interact_with_furnace":823,"minecraft:play_record":2,"minecraft:traded_with_villager":2282,"minecraft:interact_with_cartography_table":1,"minecraft:sleep_in_bed":117,"minecraft:damage_dealt":100336,"minecraft:interact_with_smoker":36,"minecraft:inspect_dispenser":35,"minecraft:horse_one_cm":43425,"minecraft:interact_with_smithing_table":17,"minecraft:interact_with_anvil":62,"minecraft:inspect_hopper":26,"minecraft:sneak_time":347265,"minecraft:interact_with_blast_furnace":61,"minecraft:total_world_time":3726873,"minecraft:interact_with_stonecutter":28,"minecraft:time_since_rest":29938,"minecraft:swim_one_cm":378111,"minecraft:fly_one_cm":10189705,"minecraft:open_chest":4836,"minecraft:fall_one_cm":756534,"minecraft:sprint_one_cm":7888596,"minecraft:drop":229,"minecraft:talked_to_villager":1054,"minecraft:interact_with_brewingstand":1,"minecraft:walk_on_water_one_cm":418254,"minecraft:interact_with_loom":1,"minecraft:open_enderchest":8,"minecraft:player_kills":1,"minecraft:crouch_one_cm":1261368,"minecraft:mob_kills":846,"minecraft:climb_one_cm":97018,"minecraft:walk_one_cm":8980510,"minecraft:raid_win":2,"minecraft:strider_one_cm":2419,"minecraft:walk_under_water_one_cm":289317,"minecraft:boat_one_cm":729043,"minecraft:pot_flower":51,"minecraft:interact_with_grindstone":7,"minecraft:damage_taken":29005},"minecraft:dropped":{"minecraft:porkchop":3,"minecraft:glass_bottle":1,"minecraft:diamond":65,"minecraft:weeping_vines":3,"minecraft:fletching_table":1,"minecraft:saddle":4,"minecraft:rail":1,"minecraft:red_mushroom":1,"minecraft:emerald":15,"minecraft:dirt":103,"minecraft:stone_button":1,"minecraft:netherite_boots":1,"minecraft:gold_nugget":18,"minecraft:bone_meal":1,"minecraft:phantom_membrane":1,"minecraft:sand":292,"minecraft:iron_pickaxe":2,"minecraft:bone":27,"minecraft:iron_nugget":11,"minecraft:cobbled_deepslate":2,"minecraft:rotten_flesh":8,"minecraft:oak_planks":1,"minecraft:netherite_shovel":2,"minecraft:azure_bluet":2,"minecraft:leather_leggings":1,"minecraft:spruce_slab":5,"minecraft:egg":3,"minecraft:enchanted_book":1,"minecraft:iron_ingot":2,"minecraft:wheat_seeds":81,"minecraft:cobbled_deepslate_wall":1,"minecraft:cobblestone":4,"minecraft:apple":2,"minecraft:granite":38,"minecraft:music_disc_pigstep":1,"minecraft:oxeye_daisy":6,"minecraft:lava_bucket":5,"minecraft:heart_of_the_sea":1,"minecraft:iron_shovel":3,"minecraft:string":14,"minecraft:stone_sword":1,"minecraft:clay_ball":4,"minecraft:stone_slab":4,"minecraft:cobbled_deepslate_slab":1,"minecraft:spruce_fence":2,"minecraft:shears":1,"minecraft:suspicious_stew":2,"minecraft:blast_furnace":1,"minecraft:diamond_sword":2,"minecraft:shroomlight":9,"minecraft:flower_pot":2,"minecraft:spruce_planks":12,"minecraft:diamond_pickaxe":3,"minecraft:wooden_shovel":1,"minecraft:spider_eye":3,"minecraft:stone_bricks":1,"minecraft:barrel":1,"minecraft:bamboo":99,"minecraft:bow":1,"minecraft:ender_pearl":2,"minecraft:dark_oak_sapling":2,"minecraft:lantern":2,"minecraft:leather":3,"minecraft:flint":11,"minecraft:dark_oak_log":1,"minecraft:cornflower":3,"minecraft:gold_ingot":7,"minecraft:gravel":1,"minecraft:diamond_shovel":1,"minecraft:carrot":26,"minecraft:poppy":3,"minecraft:leather_chestplate":1,"minecraft:trident":1,"minecraft:gunpowder":42,"minecraft:azalea":3,"minecraft:chest":46,"minecraft:arrow":74,"minecraft:netherrack":486,"minecraft:water_bucket":2,"minecraft:minecart":6,"minecraft:lead":2,"minecraft:observer":2,"minecraft:amethyst_block":11,"minecraft:spruce_stairs":1,"minecraft:stick":13,"minecraft:deepslate_brick_stairs":26,"minecraft:diorite":22,"minecraft:torch":7,"minecraft:brown_wool":1,"minecraft:iron_axe":4,"minecraft:pink_petals":1,"minecraft:tuff":218,"minecraft:acacia_leaves":1,"minecraft:netherite_leggings":2,"minecraft:flint_and_steel":1,"minecraft:andesite":25,"minecraft:golden_sword":1,"minecraft:magma_cream":1},"minecraft:used":{"minecraft:chiseled_deepslate":1,"minecraft:dispenser":13,"minecraft:spruce_slab":251,"minecraft:poppy":4,"minecraft:ladder":21,"minecraft:chest":259,"minecraft:stone":22,"minecraft:soul_sand":3,"minecraft:deepslate_brick_slab":15,"minecraft:stripped_spruce_log":78,"minecraft:azure_bluet":2,"minecraft:spruce_boat":5,"minecraft:lava_bucket":24,"minecraft:netherite_shovel":3235,"minecraft:music_disc_pigstep":2,"minecraft:stone_brick_stairs":8,"minecraft:bow":1,"minecraft:oak_sapling":70,"minecraft:furnace":9,"minecraft:egg":5,"minecraft:potato":1,"minecraft:deepslate_brick_wall":8,"minecraft:mossy_stone_bricks":17,"minecraft:diorite":77,"minecraft:spruce_door":3,"minecraft:powered_rail":2,"minecraft:blackstone":19,"minecraft:cookie":24,"minecraft:oak_leaves":432,"minecraft:sand":1,"minecraft:blast_furnace":3,"minecraft:deepslate_brick_stairs":649,"minecraft:stone_button":42,"minecraft:lectern":153,"minecraft:nether_wart_block":4,"minecraft:diamond_sword":242,"minecraft:dark_oak_fence":1,"minecraft:birch_log":35,"minecraft:oak_boat":5,"minecraft:oak_trapdoor":8,"minecraft:enchanting_table":2,"minecraft:dead_bush":19,"minecraft:netherrack":2927,"minecraft:torch":193,"minecraft:anvil":1,"minecraft:brewing_stand":2,"minecraft:warped_wart_block":6,"minecraft:shroomlight":5,"minecraft:flowering_azalea":35,"minecraft:iron_axe":3505,"minecraft:barrel":149,"minecraft:bamboo":221,"minecraft:smooth_basalt":1,"minecraft:tripwire_hook":3,"minecraft:glowstone":12,"minecraft:goat_horn":1,"minecraft:cobbled_deepslate":1077,"minecraft:observer":15,"minecraft:wheat_seeds":233,"minecraft:water_bucket":188,"minecraft:lead":1,"minecraft:cartography_table":6,"minecraft:fletching_table":1,"minecraft:spruce_fence_gate":1,"minecraft:deepslate_bricks":264,"minecraft:polished_blackstone_bricks":101,"minecraft:mossy_cobblestone":178,"minecraft:rail":115,"minecraft:comparator":1,"minecraft:tnt":203,"minecraft:crafting_table":6,"minecraft:white_bed":3,"minecraft:spruce_log":211,"minecraft:oak_log":93,"minecraft:diamond_pickaxe":5118,"minecraft:cornflower":1,"minecraft:diamond_shovel":1362,"minecraft:iron_pickaxe":6027,"minecraft:spruce_trapdoor":152,"minecraft:spruce_sapling":131,"minecraft:cobblestone":269,"minecraft:purple_bed":19,"minecraft:cooked_porkchop":43,"minecraft:glass_pane":194,"minecraft:dandelion":22,"minecraft:diamond_leggings":1,"minecraft:iron_shovel":4999,"minecraft:shield":78,"minecraft:decorated_pot":3,"minecraft:mossy_stone_brick_slab":6,"minecraft:smooth_sandstone_stairs":3,"minecraft:nether_bricks":7,"minecraft:carrot":901,"minecraft:tuff":18,"minecraft:axolotl_bucket":4,"minecraft:obsidian":20,"minecraft:lantern":62,"minecraft:mossy_cobblestone_slab":12,"minecraft:stone_bricks":891,"minecraft:repeater":22,"minecraft:magma_block":1,"minecraft:birch_leaves":149,"minecraft:oak_planks":5,"minecraft:sugar_cane":185,"minecraft:diamond_axe":319,"minecraft:crossbow":9,"minecraft:shears":747,"minecraft:lever":12,"minecraft:firework_rocket":4,"minecraft:melon_slice":47,"minecraft:string":29,"minecraft:bread":80,"minecraft:deepslate":19,"minecraft:gravel":71,"minecraft:grindstone":11,"minecraft:andesite":11,"minecraft:chain":10,"minecraft:bone_meal":213,"minecraft:oak_fence":1,"minecraft:netherite_sword":16,"minecraft:flint_and_steel":112,"minecraft:redstone":3,"minecraft:spruce_planks":647,"minecraft:cooked_chicken":3,"minecraft:dirt":3373,"minecraft:hopper":54,"minecraft:spruce_stairs":223,"minecraft:golden_chestplate":1,"minecraft:spruce_fence":170,"minecraft:granite":60,"minecraft:bookshelf":53,"minecraft:smooth_sandstone":1007,"minecraft:crimson_slab":4,"minecraft:crimson_planks":7,"minecraft:golden_carrot":42,"minecraft:minecart":2,"minecraft:netherite_pickaxe":4940,"minecraft:cobbled_deepslate_wall":38,"minecraft:cooked_mutton":4,"minecraft:netherite_chestplate":1,"minecraft:baked_potato":134,"minecraft:smoker":3,"minecraft:flower_pot":55,"minecraft:apple":4,"minecraft:cracked_polished_blackstone_bricks":64,"minecraft:netherite_axe":1502,"minecraft:yellow_wool":4,"minecraft:cobbled_deepslate_slab":2637,"minecraft:bucket":252},"minecraft:picked_up":{"minecraft:iron_chestplate":10,"minecraft:suspicious_stew":3,"minecraft:flower_pot":13,"minecraft:lead":3,"minecraft:stone_slab":4,"minecraft:diamond_sword":3,"minecraft:enchanted_book":1,"minecraft:brewing_stand":1,"minecraft:golden_sword":5,"minecraft:amethyst_block":22,"minecraft:polished_blackstone_brick_stairs":3,"minecraft:string":57,"minecraft:soul_soil":14,"minecraft:shroomlight":14,"minecraft:diamond_leggings":1,"minecraft:gold_nugget":376,"minecraft:cobbled_deepslate":3267,"minecraft:spruce_planks":76,"minecraft:netherite_upgrade_smithing_template":2,"minecraft:melon_slice":47,"minecraft:big_dripleaf":3,"minecraft:golden_axe":1,"minecraft:golden_chestplate":5,"minecraft:stone_sword":2,"minecraft:netherite_chestplate":2,"minecraft:blaze_rod":17,"minecraft:birch_log":67,"minecraft:magma_block":30,"minecraft:mossy_cobblestone_slab":1,"minecraft:feather":8,"minecraft:water_bucket":26,"minecraft:brown_wool":2,"minecraft:acacia_leaves":1,"minecraft:flint":63,"minecraft:netherite_leggings":4,"minecraft:lantern":7,"minecraft:twisting_vines":1,"minecraft:diamond_helmet":2,"minecraft:glowstone_dust":172,"minecraft:moss_block":221,"minecraft:glow_lichen":2,"minecraft:warped_wart_block":6,"minecraft:stripped_spruce_log":91,"minecraft:dark_oak_log":2,"minecraft:barrel":19,"minecraft:dispenser":13,"minecraft:deepslate":6,"minecraft:lever":13,"minecraft:granite":189,"minecraft:bread":17,"minecraft:diamond_pickaxe":5,"minecraft:crimson_roots":7,"minecraft:crafting_table":3,"minecraft:clay_ball":335,"minecraft:leather_leggings":2,"minecraft:cornflower":9,"minecraft:flint_and_steel":2,"minecraft:netherite_scrap":2,"minecraft:iron_shovel":6,"minecraft:glass_pane":35,"minecraft:cartography_table":3,"minecraft:spruce_slab":38,"minecraft:poppy":17,"minecraft:minecart":9,"minecraft:chest":139,"minecraft:birch_sapling":8,"minecraft:egg":8,"minecraft:sandstone":1705,"minecraft:stone":93,"minecraft:spruce_fence":50,"minecraft:fire_charge":3,"minecraft:carrot":2393,"minecraft:redstone":753,"minecraft:netherite_pickaxe":4,"minecraft:tnt":17,"minecraft:decorated_pot":1,"minecraft:shears":3,"minecraft:deepslate_bricks":61,"minecraft:totem_of_undying":1,"minecraft:glow_berries":4,"minecraft:mutton":6,"minecraft:white_wool":5,"minecraft:rail":41,"minecraft:crimson_slab":5,"minecraft:oxeye_daisy":16,"minecraft:stripped_oak_log":17,"minecraft:birch_leaves":161,"minecraft:tripwire_hook":3,"minecraft:yellow_dye":8,"minecraft:red_mushroom":1,"minecraft:filled_map":1,"minecraft:oak_log":828,"minecraft:ancient_debris":30,"minecraft:white_banner":1,"minecraft:stone_bricks":435,"minecraft:apple":15,"minecraft:spore_blossom":1,"minecraft:glass_bottle":3,"minecraft:flowering_azalea":37,"minecraft:dark_oak_stairs":8,"minecraft:smooth_basalt":1,"minecraft:gravel":348,"minecraft:spruce_sapling":203,"minecraft:spruce_log":1320,"minecraft:leather_helmet":1,"minecraft:diamond_shovel":1,"minecraft:purple_bed":23,"minecraft:rib_armor_trim_smithing_template":2,"minecraft:short_grass":9,"minecraft:warped_roots":4,"minecraft:baked_potato":73,"minecraft:hopper":5,"minecraft:ender_pearl":3,"minecraft:chiseled_deepslate":1,"minecraft:wheat":221,"minecraft:nether_brick_fence":5,"minecraft:crimson_planks":8,"minecraft:raw_copper":8,"minecraft:iron_leggings":10,"minecraft:netherite_ingot":3,"minecraft:comparator":1,"minecraft:bucket":29,"minecraft:redstone_torch":1,"minecraft:calcite":2,"minecraft:azalea":6,"minecraft:iron_pickaxe":29,"minecraft:furnace":5,"minecraft:iron_boots":10,"minecraft:stick":149,"minecraft:deepslate_brick_wall":4,"minecraft:oak_fence":1,"minecraft:torch":398,"minecraft:spruce_stairs":46,"minecraft:porkchop":127,"minecraft:netherite_shovel":6,"minecraft:music_disc_pigstep":2,"minecraft:diorite":241,"minecraft:nether_gold_ore":1,"minecraft:rotten_flesh":228,"minecraft:deepslate_brick_stairs":58,"minecraft:obsidian":41,"minecraft:cobblestone":1627,"minecraft:nautilus_shell":2,"minecraft:enchanting_table":1,"minecraft:pink_petals":1,"minecraft:leather_chestplate":2,"minecraft:magma_cream":3,"minecraft:repeater":22,"minecraft:andesite":85,"minecraft:potato":7,"minecraft:tuff":714,"minecraft:smooth_sandstone_stairs":7,"minecraft:dirt":6800,"minecraft:lapis_lazuli":709,"minecraft:glass":96,"minecraft:bone":138,"minecraft:bow":1,"minecraft:wheat_seeds":977,"minecraft:cobbled_deepslate_wall":25,"minecraft:deepslate_brick_slab":11,"minecraft:raw_gold":34,"minecraft:cobbled_deepslate_slab":2620,"minecraft:bell":1,"minecraft:grindstone":4,"minecraft:netherite_axe":2,"minecraft:mossy_stone_bricks":4,"minecraft:fletching_table":9,"minecraft:bamboo":2083,"minecraft:powered_rail":2,"minecraft:oak_planks":146,"minecraft:music_disc_13":1,"minecraft:sand":1609,"minecraft:dead_bush":43,"minecraft:grass_block":2,"minecraft:spectral_arrow":40,"minecraft:mossy_cobblestone":85,"minecraft:yellow_carpet":2,"minecraft:diamond":342,"minecraft:spruce_boat":6,"minecraft:netherite_helmet":2,"minecraft:soul_lantern":1,"minecraft:cracked_polished_blackstone_bricks":83,"minecraft:crossbow":4,"minecraft:bone_meal":2,"minecraft:emerald":23,"minecraft:oak_sapling":73,"minecraft:netherrack":11973,"minecraft:oak_leaves":511,"minecraft:azure_bluet":6,"minecraft:chicken":7,"minecraft:brown_mushroom":2,"minecraft:gold_block":1,"minecraft:chain":1,"minecraft:brick":49,"minecraft:shield":9,"minecraft:moss_carpet":43,"minecraft:oak_trapdoor":8,"minecraft:iron_axe":10,"minecraft:blackstone":124,"minecraft:blue_orchid":1,"minecraft:oak_boat":4,"minecraft:observer":18,"minecraft:lectern":151,"minecraft:sugar_cane":535,"minecraft:spruce_trapdoor":57,"minecraft:phantom_membrane":2,"minecraft:dark_oak_sapling":2,"minecraft:copper_ingot":11,"minecraft:polished_blackstone_bricks":176,"minecraft:stone_button":6,"minecraft:cookie":24,"minecraft:trident":2,"minecraft:dark_oak_planks":13,"minecraft:weeping_vines":5,"minecraft:arrow":154,"minecraft:nether_bricks":15,"minecraft:saddle":4,"minecraft:netherite_boots":3,"minecraft:basalt":10,"minecraft:golden_carrot":36,"minecraft:glow_ink_sac":3,"minecraft:leather":21,"minecraft:birch_planks":1,"minecraft:crimson_fungus":3,"minecraft:gunpowder":169,"minecraft:nether_wart_block":12,"minecraft:cobblestone_wall":1,"minecraft:smooth_sandstone":408,"minecraft:iron_ingot":469,"minecraft:soul_sand":6,"minecraft:book":53,"minecraft:oak_slab":1,"minecraft:nether_quartz_ore":3,"minecraft:warped_fungus":2,"minecraft:emerald_block":16,"minecraft:pumpkin":1,"minecraft:quartz":1204,"minecraft:dandelion":66,"minecraft:lava_bucket":8,"minecraft:amethyst_shard":48,"minecraft:blast_furnace":1,"minecraft:white_bed":1,"minecraft:spruce_door":4,"minecraft:mossy_stone_brick_slab":2,"minecraft:spider_eye":9,"minecraft:iron_helmet":8,"minecraft:coal":301},"minecraft:crafted":{"minecraft:smooth_stone":30,"minecraft:blaze_powder":10,"minecraft:chain":10,"minecraft:lever":2,"minecraft:diamond_shovel":1,"minecraft:bookshelf":54,"minecraft:nether_brick":6,"minecraft:cooked_mutton":4,"minecraft:deepslate_brick_stairs":161,"minecraft:glass":185,"minecraft:repeater":23,"minecraft:diamond_leggings":1,"minecraft:netherite_boots":1,"minecraft:decorated_pot":2,"minecraft:flower_pot":49,"minecraft:deepslate":66,"minecraft:wooden_shovel":2,"minecraft:emerald":2315,"minecraft:diamond_axe":1,"minecraft:cooked_porkchop":43,"minecraft:spruce_door":3,"minecraft:mossy_cobblestone":134,"minecraft:cobbled_deepslate_wall":26,"minecraft:fletching_table":1,"minecraft:cartography_table":3,"minecraft:stone_brick_stairs":37,"minecraft:lectern":1,"minecraft:stone_slab":12,"minecraft:iron_pickaxe":29,"minecraft:iron_block":3,"minecraft:gold_ingot":41,"minecraft:netherite_ingot":8,"minecraft:fire_charge":15,"minecraft:spruce_fence_gate":1,"minecraft:golden_carrot":16,"minecraft:iron_nugget":475,"minecraft:bone_meal":435,"minecraft:spruce_fence":195,"minecraft:rib_armor_trim_smithing_template":10,"minecraft:lantern":52,"minecraft:dark_oak_fence":3,"minecraft:spruce_stairs":196,"minecraft:deepslate_brick_wall":12,"minecraft:ladder":39,"minecraft:spruce_slab":426,"minecraft:diamond_boots":1,"minecraft:spruce_boat":1,"minecraft:firework_star":19,"minecraft:netherite_pickaxe":1,"minecraft:enchanting_table":1,"minecraft:deepslate_brick_slab":22,"minecraft:glowstone":12,"minecraft:enchanted_book":39,"minecraft:iron_shovel":23,"minecraft:iron_leggings":4,"minecraft:white_bed":1,"minecraft:brick":232,"minecraft:grindstone":7,"minecraft:oak_planks":2660,"minecraft:barrel":133,"minecraft:cooked_chicken":3,"minecraft:mossy_stone_brick_slab":6,"minecraft:stone":952,"minecraft:hopper":53,"minecraft:bow":19,"minecraft:iron_boots":4,"minecraft:comparator":1,"minecraft:mossy_cobblestone_slab":12,"minecraft:chest":282,"minecraft:netherite_helmet":1,"minecraft:netherite_upgrade_smithing_template":14,"minecraft:rail":16,"minecraft:stone_bricks":707,"minecraft:smoker":3,"minecraft:oak_slab":144,"minecraft:crafting_table":5,"minecraft:spruce_planks":3836,"minecraft:baked_potato":134,"minecraft:iron_helmet":4,"minecraft:birch_planks":20,"minecraft:brewing_stand":1,"minecraft:dispenser":10,"minecraft:tnt":222,"minecraft:spruce_trapdoor":102,"minecraft:book":1,"minecraft:iron_chestplate":4,"minecraft:paper":348,"minecraft:diamond_pickaxe":2,"minecraft:charcoal":12,"minecraft:yellow_dye":20,"minecraft:shield":2,"minecraft:stick":3703,"minecraft:iron_ingot":4437,"minecraft:redstone_torch":49,"minecraft:deepslate_bricks":229,"minecraft:shears":5,"minecraft:cobbled_deepslate_slab":2688,"minecraft:tripwire_hook":4,"minecraft:mossy_stone_bricks":18,"minecraft:stone_button":45,"minecraft:furnace":10,"minecraft:blast_furnace":3,"minecraft:glass_pane":656,"minecraft:oak_trapdoor":8,"minecraft:flint_and_steel":1,"minecraft:netherite_chestplate":2,"minecraft:netherite_leggings":1,"minecraft:iron_axe":16,"minecraft:netherite_scrap":30,"minecraft:observer":12,"minecraft:minecart":6,"minecraft:smooth_sandstone_stairs":4,"minecraft:diamond_sword":2,"minecraft:smooth_sandstone":832,"minecraft:bucket":51,"minecraft:air":0,"minecraft:bread":73,"minecraft:oak_boat":1,"minecraft:netherite_shovel":1,"minecraft:anvil":1,"minecraft:torch":160,"minecraft:diamond_chestplate":1,"minecraft:firework_rocket":9},"minecraft:broken":{"minecraft:shears":2,"minecraft:iron_boots":1,"minecraft:iron_axe":10,"minecraft:iron_pickaxe":21,"minecraft:iron_helmet":1,"minecraft:iron_shovel":17,"minecraft:flint_and_steel":1},"minecraft:killed_by":{"minecraft:piglin_brute":3,"minecraft:player":6,"minecraft:skeleton":1},"minecraft:killed":{"minecraft:skeleton":64,"minecraft:chicken":6,"minecraft:magma_cube":25,"minecraft:iron_golem":2,"minecraft:pillager":6,"minecraft:zombie":74,"minecraft:wandering_trader":1,"minecraft:polar_bear":2,"minecraft:enderman":7,"minecraft:witch":4,"minecraft:spider":96,"minecraft:piglin_brute":11,"minecraft:piglin":79,"minecraft:pig":4,"minecraft:zombie_villager":2,"minecraft:creeper":23,"minecraft:sheep":4,"minecraft:trader_llama":1,"minecraft:ghast":2,"minecraft:blaze":24,"minecraft:phantom":1,"minecraft:drowned":332,"minecraft:hoglin":23,"minecraft:wither_skeleton":26},"minecraft:mined":{"minecraft:dark_oak_planks":15,"minecraft:white_bed":1,"minecraft:obsidian":42,"minecraft:granite":281,"minecraft:deepslate_bricks":45,"minecraft:hopper":5,"minecraft:crimson_fungus":2,"minecraft:oxeye_daisy":11,"minecraft:spawner":9,"minecraft:polished_blackstone_bricks":120,"minecraft:weeping_vines_plant":2,"minecraft:magma_block":19,"minecraft:cobbled_deepslate":233,"minecraft:fire":26,"minecraft:barrel":17,"minecraft:pumpkin":1,"minecraft:moss_carpet":8,"minecraft:fletching_table":9,"minecraft:deepslate_lapis_ore":31,"minecraft:enchanting_table":1,"minecraft:cave_vines":4,"minecraft:dirt_path":692,"minecraft:deepslate_brick_stairs":48,"minecraft:smooth_sandstone_stairs":1,"minecraft:blue_orchid":1,"minecraft:tripwire":14,"minecraft:brown_mushroom":1,"minecraft:crimson_nylium":16,"minecraft:amethyst_cluster":12,"minecraft:soul_fire":20,"minecraft:torch":102,"minecraft:melon":11,"minecraft:dead_bush":43,"minecraft:glass":2,"minecraft:sugar_cane":183,"minecraft:amethyst_block":11,"minecraft:chain":1,"minecraft:wheat":234,"minecraft:warped_fungus":2,"minecraft:smooth_basalt":1,"minecraft:deepslate":2482,"minecraft:mossy_cobblestone":87,"minecraft:nether_bricks":85,"minecraft:cobbled_deepslate_slab":160,"minecraft:spruce_fence":12,"minecraft:crimson_roots":4,"minecraft:moss_block":207,"minecraft:cartography_table":3,"minecraft:red_mushroom":1,"minecraft:redstone_ore":6,"minecraft:andesite":58,"minecraft:big_dripleaf_stem":1,"minecraft:rail":37,"minecraft:potted_spruce_sapling":7,"minecraft:bamboo_sapling":3,"minecraft:bamboo":141,"minecraft:glass_pane":10,"minecraft:soul_sand":3,"minecraft:observer":4,"minecraft:dandelion":74,"minecraft:smooth_sandstone":248,"minecraft:cobbled_deepslate_wall":12,"minecraft:cornflower":6,"minecraft:short_grass":1656,"minecraft:warped_roots":2,"minecraft:crimson_slab":5,"minecraft:tall_grass":101,"minecraft:copper_ore":1,"minecraft:deepslate_gold_ore":21,"minecraft:diorite":354,"minecraft:warped_wart_block":7,"minecraft:purple_bed":19,"minecraft:cobblestone_wall":1,"minecraft:spruce_log":1265,"minecraft:birch_leaves":188,"minecraft:gravel":241,"minecraft:stone_bricks":256,"minecraft:fern":1,"minecraft:spruce_planks":31,"minecraft:oak_sapling":3,"minecraft:mossy_stone_brick_slab":2,"minecraft:brewing_stand":1,"minecraft:cave_vines_plant":4,"minecraft:spruce_trapdoor":51,"minecraft:grass_block":4761,"minecraft:cracked_polished_blackstone_bricks":72,"minecraft:soul_soil":8,"minecraft:mossy_cobblestone_slab":1,"minecraft:glowstone":19,"minecraft:azure_bluet":6,"minecraft:dark_oak_stairs":4,"minecraft:potted_cornflower":1,"minecraft:azalea":6,"minecraft:spruce_slab":27,"minecraft:deepslate_redstone_ore":109,"minecraft:blackstone":78,"minecraft:soul_lantern":1,"minecraft:clay":82,"minecraft:calcite":2,"minecraft:poppy":7,"minecraft:chest":62,"minecraft:nether_quartz_ore":644,"minecraft:cobblestone":177,"minecraft:grindstone":4,"minecraft:oak_planks":4,"minecraft:wall_torch":3,"minecraft:seagrass":1,"minecraft:warped_nylium":6,"minecraft:powered_rail":2,"minecraft:nether_wart_block":12,"minecraft:birch_log":68,"minecraft:tnt":16,"minecraft:oak_log":836,"minecraft:sand":1444,"minecraft:dirt":1544,"minecraft:crimson_planks":9,"minecraft:tripwire_hook":1,"minecraft:dispenser":2,"minecraft:netherrack":6766,"minecraft:ancient_debris":29,"minecraft:oak_leaves":667,"minecraft:nether_gold_ore":57,"minecraft:diamond_ore":5,"minecraft:tuff":537,"minecraft:deepslate_diamond_ore":135,"minecraft:glow_lichen":2,"minecraft:lever":9,"minecraft:stone_button":1,"minecraft:decorated_pot":3,"minecraft:weeping_vines":1,"minecraft:spruce_leaves":351,"minecraft:sandstone":921,"minecraft:crimson_stem":2,"minecraft:large_fern":5,"minecraft:spore_blossom":1,"minecraft:oak_trapdoor":8,"minecraft:spruce_sapling":12,"minecraft:furnace":7,"minecraft:carrots":248,"minecraft:stripped_spruce_log":92,"minecraft:chiseled_deepslate":1,"minecraft:gold_block":1,"minecraft:bell":1,"minecraft:nether_brick_fence":14,"minecraft:bookshelf":17,"minecraft:shroomlight":15,"minecraft:lantern":3,"minecraft:stripped_oak_log":16,"minecraft:stone":1219,"minecraft:flowering_azalea":33,"minecraft:basalt":18,"minecraft:spruce_door":1,"minecraft:oak_fence":2,"minecraft:crafting_table":4,"minecraft:lectern":151,"minecraft:lapis_ore":21,"minecraft:polished_blackstone_brick_stairs":4,"minecraft:spruce_stairs":39,"minecraft:birch_planks":1,"minecraft:redstone_torch":1,"minecraft:coal_ore":142,"minecraft:flower_pot":3,"minecraft:mossy_stone_bricks":5}},"DataVersion":3700}